q2_lo,q2_hi,q2_center,ell,n,moment_cosThetaL,moment_cosThetaL_sem,moment_cosThetaK,moment_cosThetaK_sem,moment_cosPhi,moment_cosPhi_sem,moment_sinPhi,moment_sinPhi_sem,moment_cos2Phi,moment_cos2Phi_sem,moment_sin2Phi,moment_sin2Phi_sem,moment_m5_proxy,moment_m5_proxy_sem,moment_cosThetaL2,moment_cosThetaL2_sem,moment_cosThetaK2,moment_cosThetaK2_sem
0.1,0.49375,0.296875,-1.2144441041932315,785,-0.025073606586652693,0.016330293130194205,-0.10826233782193599,0.019577180859626567,0.01743343323757056,0.024810845088674555,0.03526900843038115,0.02565069005374126,-0.034165793476826675,0.024671373383199104,0.013379082258245951,0.025789849135665364,0.022073725321421846,0.01624045012751096,0.20970460914222755,0.007136393644307757,0.31220128595252566,0.010163398237537266
0.49375,0.8875,0.690625,-0.3701582942760194,521,-0.034895069167755,0.019693689464634564,-0.06833097015775426,0.025958589843096097,-0.035681510481478086,0.030716850744314513,0.017685667711457673,0.03124903348505798,-0.016187743185085778,0.031489167488116726,-0.04920869411265111,0.030435975470115145,0.022477354113732348,0.020425296391696598,0.20289519631154077,0.008088582666809379,0.3550702825365877,0.013120433614221935
0.8875,1.28125,1.084375,0.08100378415308704,504,-0.006554150324487878,0.019240919691160253,-0.08061428982703767,0.025363246975829153,0.016388823286088428,0.03232307641621062,0.014912265830211999,0.030697136994482472,0.05158714367964555,0.031329465709363326,0.02003378370104838,0.0316298515490843,-0.004969716210088446,0.021403526308199722,0.18626009113900016,0.007822411902367866,0.3300756951942417,0.01284322956956979
1.28125,1.675,1.478125,0.39077439269816067,458,-0.018214930767817713,0.021432123184549137,-0.11872576871841752,0.028330949867936103,0.010762230901332513,0.03360365557185756,0.03861339733750753,0.03248787653869832,0.032325631589865685,0.03326738376584913,-0.033232093682802145,0.03281405005266512,-0.024332508825232,0.022761724183109653,0.21024829192122008,0.009034501566905799,0.38090353138949445,0.01387228792453398
1.675,2.06875,1.8718750000000002,0.6269406023216773,489,-0.051815443346445035,0.020439199182899572,-0.08264443974789838,0.025537111014352847,0.04505648090848977,0.03145543354128004,0.01013768214856235,0.03248638816101511,-0.030242190968877685,0.032204161011353385,0.02794273535341967,0.031758434920645326,-0.03498174833210176,0.020460035991068132,0.20655214142945097,0.00916863106056425,0.3250763944334221,0.01291766626678972
2.06875,2.4625,2.265625,0.8178506590609026,432,-0.03689219195741674,0.022360458056130027,-0.05414224166987721,0.026292281040169993,-0.026003112795752622,0.03452911884907347,-0.014011756616903506,0.0335544516395033,0.029080485551483296,0.03437886733345755,0.012478888181574067,0.03370394143316683,0.015070321557253637,0.021070067152447153,0.2168567602382815,0.00991312241409293,0.30087480456230614,0.014170184691405855
2.4625,2.85625,2.659375,0.9780911327796018,534,-0.004976292110923237,0.020623960670324574,-0.08290405134509794,0.02546409575263345,0.05820965320664672,0.030231043914826655,0.005473832739396757,0.030916714266265292,-0.01898879929905443,0.02970124391710929,-0.01725325677546305,0.03150831204972062,-0.04442903573937271,0.020103983239981756,0.22673511622184686,0.010341421007303024,0.35248103367154965,0.012800119429422701
2.85625,3.25,3.053125,1.1161656562490105,605,-0.01984815723503695,0.019737999550394007,-0.04956973581319862,0.02396678041332336,0.06075933994153046,0.028972751556898744,-0.07109925833010793,0.0283147902367998,0.02140315677581749,0.028427813327839512,-0.056791598070791115,0.029006727771348922,0.02138230511471928,0.01875914269315382,0.2357054796014446,0.010271528871539502,0.3493987229903884,0.012192580186815228
3.25,3.64375,3.446875,1.2374680234597302,595,-0.02685223348191004,0.0218443886490907,-0.06854339949973756,0.02399816943849776,-0.017955556139593935,0.02916550365033156,-0.02244586161019506,0.028835466699054554,0.011189208567438432,0.0298103543300296,0.017094502310022797,0.028180520404664157,-0.02724100288417738,0.018221629338711073,0.2841643678217655,0.011242282333066662,0.34679000663589615,0.01211680441810538
3.64375,4.0375,3.8406249999999997,1.3456351137722624,520,-0.06234456461054963,0.024340772557757795,-0.08637372851957444,0.02582858214056371,-0.010870357517851528,0.03131845870378986,-0.005996000123073688,0.03075125149836431,0.01835432743820057,0.03237074038709999,0.027443427054719746,0.029611099326995228,0.021245911287721454,0.019780292457585988,0.31138044005618776,0.0132543377442397,0.3536934461267416,0.013038639834461543
4.0375,4.4312499999999995,4.234375,1.443235737520029,535,-0.008446770322482056,0.024818344507935564,-0.052784710822592076,0.02538925097253607,-0.006344454965402514,0.03081768034979108,0.013817170296582332,0.030372633375919837,0.01439152706516426,0.029999009815923957,-0.017574571660057665,0.03117294224769519,0.005698741560807625,0.018713746514578678,0.32898876760606416,0.013516648298340315,0.3470101363780149,0.012725729513454897
4.4312499999999995,4.824999999999999,4.628124999999999,1.5321518184740264,515,0.019943552732558885,0.025698756762173123,-0.04088777524151244,0.02599509866234989,0.0172804901200899,0.0313970088069078,0.005236499289828103,0.030969643491826876,0.013971013235216522,0.031221326709982525,-0.026516894132718256,0.03112886629894368,-0.0008997332925060796,0.01896251574462134,0.3398567602439645,0.014433546505991133,0.34900481955936724,0.013113934974305656
4.824999999999999,5.218749999999999,5.021875,1.6138033699437402,502,0.004703306922962037,0.027439451077168674,-0.06514094442237317,0.026335873940103373,0.06975326495878886,0.030579792441928266,-0.00877533988293701,0.032419422569696627,-0.05327501085218212,0.032227051958936694,-0.029526472915976636,0.03082239182536097,-0.01711353315542032,0.018342838791077322,0.37723678227959445,0.014740662573764014,0.3517260489909356,0.013173287290768616
5.218749999999999,5.6125,5.4156249999999995,1.6892882939218337,511,-0.0016148032175001585,0.026703457565906634,-0.05428819385455699,0.02575807266136926,0.0077261922748814065,0.031414431917108826,0.0032069293157261664,0.031205457349926326,0.0067232514222956286,0.03143382413187399,-0.04980292775331426,0.031108632037829383,-0.012148298195939143,0.01889871644749678,0.3636706770362611,0.014558399986900034,0.34132114467846303,0.012851703483900124
5.6125,6.00625,5.809374999999999,1.7594729919276717,508,-0.01455819181188562,0.027914663993832377,-0.10064659322185308,0.025702039722395497,-0.052005160057901324,0.03113457082988367,-0.01929594392565653,0.03157461495638587,-0.011658364883006629,0.03150061537850131,-0.014528237739275128,0.03129558156864011,-0.03675482608680232,0.018852616787891987,0.39528077315433247,0.015374128641064959,0.3450513235942043,0.012942912549839708
6.00625,6.3999999999999995,6.203125,1.8250531973275186,499,-0.018325241413770038,0.026285539200674238,-0.07446902869805229,0.024674861216649215,0.0007768735338362219,0.031567019300813556,0.035411016776937684,0.03176533105505176,-0.007507992227240943,0.03268949806367555,0.042478928172432304,0.030589086940723084,0.014593872917778677,0.018527124100929136,0.3444187408658236,0.01484912375153331,0.3087523267135593,0.012422835992912724
6.3999999999999995,6.793749999999999,6.596874999999999,1.8865960520545482,539,-0.004307222737031761,0.025894503670909848,-0.09737450997231958,0.024647892259053422,-0.013095117897391408,0.030618583984250426,0.02808954903939267,0.03032248421925459,0.009090473501335537,0.030427239041514297,0.007299155823044621,0.030539589958333974,-0.019205184875591298,0.018108879940896744,0.36076117452287326,0.014645477053370737,0.3363267981262307,0.012733280061345666
6.793749999999999,7.187499999999999,6.990625,1.9445699656963573,533,0.042657353137828494,0.02754048038178634,-0.03707269162401749,0.02364966126659628,0.022000685528666672,0.03183684041798694,0.04927266060748326,0.029336691779959713,0.07942187022705303,0.031163978944185666,-0.023845611111756933,0.02992624287992652,-0.0353421370621254,0.01775986772043487,0.4053299775156104,0.015258629140503584,0.2989254307734135,0.012269884412156573
7.187499999999999,7.58125,7.3843749999999995,1.9993662813931354,529,0.044459937650446556,0.027825648576084362,-0.06212253643912395,0.02448565398961672,0.031889364973640984,0.031077438952312807,0.008928843285788258,0.030431154799088644,0.021926278894318422,0.030577893194091287,0.0035542306345829064,0.030951532804070248,-0.014240046666781447,0.01764539272591645,0.41078951351878734,0.01544844008722948,0.3204201582196254,0.012183829665450906
7.58125,7.975,7.778124999999999,2.05131530657382,530,0.01849590349095492,0.027469320148318578,-0.06462272040110649,0.024372246863537703,-0.019548159909758465,0.030996471831990963,-0.010577390746830223,0.03047366145654446,0.017270840572945857,0.03047988074961081,0.01500316652897152,0.03098946058476188,-0.009889179967459947,0.017157900563478042,0.39950621608427106,0.015160666065215172,0.31840549067879065,0.01279859300792589
7.975,8.368749999999999,8.171875,2.100698380705251,566,0.06184777435910348,0.02612920969737849,-0.052164711497402594,0.023435670568533344,-0.039449670773593556,0.03054610440740337,0.006679921618786759,0.028879292968958203,0.057475431797115624,0.029909549590932793,0.0332127031789576,0.02945388288279392,-0.017367251527158005,0.017312082180676654,0.38957076085958603,0.014767617958517797,0.3130364771988105,0.011947546972669877
8.368749999999999,8.7625,8.565624999999999,2.1477571005090135,476,0.03173814463626177,0.029325237558102207,-0.04645467198415327,0.027169375616391832,-0.03491305195849224,0.032891697034857593,-0.0022204595695453962,0.03195031915800184,0.030208389535329772,0.033097693143039536,0.01006500726749578,0.031743841024503575,-0.0476542429273582,0.018467433500534133,0.4094928497985383,0.016038402862573343,0.3527911479568342,0.013987140931743374
9.94375,10.337499999999999,10.140625,2.316549633344418,424,0.006597060442108985,0.03171973889764637,-0.0725457482862282,0.026729377933734137,0.0736233257040982,0.03393816442652808,-0.039314764633072846,0.034580326750638275,-0.01473725389735695,0.03362151557832895,0.005640438443817726,0.0351151139647096,-0.009598951926155603,0.018113639928745644,0.4256415177223227,0.01726727597673591,0.3074793153128272,0.01430227627285536
10.337499999999999,10.73125,10.534374999999999,2.3546437194402885,608,0.0926442687298608,0.025658371475634434,-0.042478753192854345,0.022124227355794193,0.006345552053750286,0.02903220189051838,-0.033590570147426196,0.02833112277889053,0.023323190448481877,0.02847349125487654,-0.015522196664163972,0.02890352326059015,-0.03683528188446351,0.0159246019169414,0.4082026407849526,0.014058677284895172,0.29891967617997883,0.01122553684588094
10.73125,11.125,10.928125,2.3913397412696034,580,0.14226863186217673,0.026092399188731703,-0.08719385374080017,0.02247368715820305,-0.023567494153139752,0.029397526120504364,0.044420171337206486,0.029300751308586902,0.0018712932039592946,0.029572520015454903,-0.038092147937862905,0.02915595417079472,-0.019835285772071234,0.01563588414340616,0.41443126166250494,0.01484675979005109,0.3000363379168602,0.0118927672545225
11.125,11.518749999999999,11.321874999999999,2.426736695101305,571,0.09275462220111236,0.02707081460799058,-0.10213647150685481,0.023121039417685445,0.024731077767902655,0.030864174952675197,0.022640837074861603,0.028281024195722752,0.08718416929577545,0.03024066446332715,-0.03873137968823313,0.028704026924440563,-0.03667017981369961,0.01703762279268763,0.42631595195758304,0.014681643981260388,0.31514386315174414,0.01221947827211261
11.518749999999999,11.9125,11.715625,2.4609234209421396,525,0.046522797483588445,0.02786336580733688,-0.08999285702963242,0.023824466704817016,0.023368614702598416,0.03075178537134918,0.04151237863532911,0.030957935731733163,-0.007843241599012373,0.030793676500353206,0.031138030720506544,0.030954461692429117,-0.0437534384213638,0.017283294661298052,0.4089807594411571,0.015027909443206639,0.3055238463312775,0.0119451256982296
11.9125,12.306249999999999,12.109375,2.4939799459936753,525,0.020316378156301423,0.027227528162201458,-0.12324577128737252,0.022695718437068975,0.014174504192417461,0.031473849713116356,0.013802452338762716,0.0302827795609831,0.03855400325870014,0.03143105396243139,-0.03531082378296088,0.030253423574020163,-0.01873310275289855,0.017270784960317316,0.3888740190888899,0.014582615864915646,0.2850996330765687,0.012072806043876385
12.306249999999999,12.7,12.503124999999999,2.5259786130634625,567,0.041223508765284154,0.025855032980303387,-0.06316966136312784,0.021953499272833455,-0.010729163666880823,0.030851239299983176,-0.014169575781221803,0.02853817396360022,0.07766665980832496,0.02942167977678227,0.06238787628245307,0.029725662507211908,-0.019036315916162883,0.017536769926800023,0.3800606030884394,0.013903852299139912,0.2767775758791534,0.011237881113542441
12.7,13.09375,12.896875,2.5569850339588096,231,0.0195946498030674,0.04033271412121301,-0.1399993495265242,0.03647899244717176,0.04982944533124429,0.04452750194794707,0.07941160226684885,0.04823809539857086,-0.08299277508272301,0.04451404650213258,0.0541434817371817,0.04820407728519035,-0.007924911642486942,0.02585912855599227,0.37453135082910866,0.02246237319242241,0.32566470255883717,0.019518495301268184
13.88125,14.274999999999999,14.078125,2.644622174248666,116,-0.02741324718988393,0.053070218843096484,-0.05736429069641475,0.04784539783967907,0.003095327228079146,0.06533823771322514,-0.04245733878650439,0.06641391832737674,-0.0180912171806215,0.0656370394594346,0.00952975510324068,0.06621023712346104,-0.00032728009136628655,0.03776343847064656,0.32464302084772106,0.028621883915960485,0.26654660270737696,0.024566272421059406
14.274999999999999,14.66875,14.471874999999999,2.67220711068698,476,0.06768608744089052,0.027669816231775092,-0.08906535087799244,0.023941148928846266,-0.014562977560625799,0.03216173167884935,-0.05757047547631592,0.03261076646112305,-0.016917704015950774,0.03343843303390279,0.0009599651117439764,0.03140907304285725,-0.03940174553381156,0.01798328763577594,0.368250303325653,0.014916758752500207,0.2801924774427882,0.012720106760289417
14.66875,15.0625,14.865625,2.699051500638509,445,0.09286445659592804,0.028541937846404655,-0.09455231443684664,0.025127147935393335,0.06991483847847314,0.03333049875178359,-0.02599620343198411,0.033597601516466485,-0.0037249641471871174,0.03304489953256499,0.01464398326601668,0.034055434651294014,-0.024146997732904137,0.018821614591114123,0.37032495121530085,0.014928370665347244,0.2892700023003752,0.013094505997642567
15.0625,15.456249999999999,15.259374999999999,2.725194068267888,393,0.057908522876418345,0.030925462513502637,-0.019099459336055644,0.02551255777666862,-0.01696662358789814,0.036773906726749184,-0.013014160475149762,0.03460540098298311,0.060794781934903806,0.03612155009906211,0.027315866430825148,0.035141456721497134,-0.008811408518374609,0.02086461462327869,0.3782560158379591,0.015882292141271143,0.25551390623560866,0.012904433639241118
15.456249999999999,15.85,15.653125,2.7506705775638447,386,0.049152494820420875,0.031142360696881834,-0.05022796895402262,0.02750070208822276,-0.07861404676847769,0.03569432014420979,0.050185147798256474,0.03606555192498016,-0.006594605572214789,0.03519559498111578,-0.04682587881561081,0.036781306460830054,0.019825742911535816,0.020813548381935453,0.37580692021032724,0.015998571323850446,0.29369396577314044,0.014051814658247742
15.85,16.243750000000002,16.046875,2.7755141265688863,343,0.0745065760545131,0.032391866326758896,-0.030795807560768863,0.027918459794368064,0.075740740416635,0.03859913547716012,0.024838280913264957,0.037623205218976385,0.030560309073286464,0.03668463128481477,-0.004462238902140733,0.03969162906641033,-0.04414189499285541,0.02233667068674834,0.3643889172880379,0.017243576581833633,0.2675169976364132,0.014740620420707581
16.243750000000002,16.6375,16.440625,2.799755405937035,296,0.07610634424054008,0.03549483052623416,-0.082230971526814,0.03087273276490516,0.011245713356918699,0.04007575771602363,0.056852814615716854,0.0420996282535181,-0.05216791751926599,0.041619566306248294,0.07499136071537209,0.040365250025628865,-0.030869548236848062,0.023652309162783897,0.3774576588890544,0.01856975333112002,0.287933993048352,0.015572943896367044
16.6375,17.03125,16.834375,2.8234229268867614,280,0.039985976620106264,0.036785777282793114,-0.06475024208196013,0.03179766329672178,0.10647491863556184,0.04235392198142316,-0.0038746433964806037,0.04182925763159703,0.023644743219230734,0.04227265376699583,-0.04558835247402254,0.04228237444596608,-0.008499551302787161,0.024913804489718465,0.3791398397997568,0.018965882464132736,0.2862870919754133,0.01627282663114363
17.03125,17.425,17.228125,2.846543222795911,247,0.024742454562073215,0.038417885553218005,-0.11253375032063428,0.03293641136194078,0.05838182220865165,0.04583884405333656,-0.0347030323614635,0.04410317517285502,0.040607089408690865,0.04495141561045949,0.07608234574452288,0.0448795868037095,-0.05657899655743177,0.02712261098419588,0.36369193593127486,0.01944532935554983,0.27952641453836036,0.01752225984763285
17.425,17.81875,17.621875000000003,2.86914102801341,188,-0.01809500759262999,0.04285239075772367,-0.13952793476790223,0.04011706117523167,0.0494698894824991,0.05058402507766986,0.00883105252031068,0.05268155217220799,-0.03813535626536209,0.05371208251717952,0.03801449533236738,0.04946818091395541,-0.037077782454872546,0.030191010605547963,0.3437206519128213,0.022546171538608023,0.3204218422826673,0.02026319573098028
17.81875,18.212500000000002,18.015625,2.891239436909387,165,0.0751237738611772,0.046370162332976514,-0.07083118365648677,0.043732479386698046,0.034301879087231216,0.05213526203193256,-0.036805417164780876,0.0580003528494174,-0.10611470272081745,0.0552796981385272,0.03973476545609068,0.05443737921605179,-0.01585661353063157,0.028998051234309093,0.35827506198414666,0.02491061153482163,0.318671936120686,0.02409793583569417
18.212500000000002,18.60625,18.409375,2.912860045727915,106,-0.03406565450266084,0.060254779111437166,-0.06847147887665234,0.053660783511725284,0.014644053728421712,0.0689378087290383,-0.01170720607809616,0.06905099829755161,-0.0015625941848898383,0.0650022081717798,-0.07072548179101905,0.07246281952823509,-0.05958351705834287,0.038630457304969855,0.38237750142234356,0.030790928925605743,0.3070337105642419,0.028897505287967515
18.60625,19.0,18.803125,2.93402307942658,62,0.03682365277733439,0.07712231570944401,-0.11849141896266759,0.06633204978161998,0.14061815079477105,0.0925502873606639,0.031487192510917604,0.0865302179049921,0.0845447229119402,0.08916080828848828,0.027867060197347714,0.09118050760286203,0.059893994652032906,0.04975622644656506,0.36417492780748223,0.04059960852517765,0.28243660688989636,0.038809070691817105
