KDE_BANDWIDTH_SCALE,label,Q,obs_deltaD,p_vs_fixed_model_null,p_vs_model_scanmax_null,null_fixed_mean,null_fixed_std,null_scanmax_mean,null_scanmax_std
0.5,threshold_Q1,1.0,95.13223497005265,0.0001999600079984003,0.0001999600079984003,3.996192422362926,2.880541959480221,10.96927694617047,3.8988539611223203
0.5,near_075,0.75,207.75953685810111,0.0001999600079984003,0.0001999600079984003,5.981432675464083,3.497002332838232,10.96927694617047,3.8988539611223203
0.5,dense_Q_0.745000,0.745,203.2022562736595,0.0001999600079984003,0.0001999600079984003,5.986791768907727,3.517818955638558,10.96927694617047,3.8988539611223203
0.5,dense_Q_0.740000,0.74,198.82482922875488,0.0001999600079984003,0.0001999600079984003,5.988422286568758,3.5296778411480703,10.96927694617047,3.8988539611223203
0.5,dense_Q_0.735000,0.735,196.0563821466127,0.0001999600079984003,0.0001999600079984003,5.9871581172383275,3.530519401596589,10.96927694617047,3.8988539611223203
0.5,dense_Q_0.730000,0.73,194.6261828935833,0.0001999600079984003,0.0001999600079984003,5.9855747372834145,3.5220426449222737,10.96927694617047,3.8988539611223203
0.5,dense_Q_0.725000,0.725,193.5961203839273,0.0001999600079984003,0.0001999600079984003,5.986913121241047,3.509289272594938,10.96927694617047,3.8988539611223203
0.5,dense_Q_0.720000,0.72,192.44080623126752,0.0001999600079984003,0.0001999600079984003,5.993567345980236,3.4993521506229124,10.96927694617047,3.8988539611223203
0.5,dense_Q_0.715000,0.715,191.05982015117513,0.0001999600079984003,0.0001999600079984003,6.005559485900253,3.4966325704642296,10.96927694617047,3.8988539611223203
0.5,dense_Q_0.710000,0.71,189.35210353069078,0.0001999600079984003,0.0001999600079984003,6.0198177546891545,3.5006081819937043,10.96927694617047,3.8988539611223203
0.5,dense_Q_0.705000,0.705,187.73289978524406,0.0001999600079984003,0.0001999600079984003,6.030968139968652,3.507424004985562,10.96927694617047,3.8988539611223203
0.5,dense_Q_0.700000,0.7,186.6129996738838,0.0001999600079984003,0.0001999600079984003,6.0337950463241405,3.5117716796254625,10.96927694617047,3.8988539611223203
0.5,dense_Q_0.695000,0.695,186.0785769437183,0.0001999600079984003,0.0001999600079984003,6.026468215342357,3.5097951669135496,10.96927694617047,3.8988539611223203
0.5,dense_Q_0.690000,0.69,185.78784805626526,0.0001999600079984003,0.0001999600079984003,6.012269226137704,3.5036462703677422,10.96927694617047,3.8988539611223203
0.5,dense_Q_0.685000,0.685,185.19087191141773,0.0001999600079984003,0.0001999600079984003,5.99804245729674,3.500467042594136,10.96927694617047,3.8988539611223203
0.5,dense_Q_0.680000,0.68,183.86887176254083,0.0001999600079984003,0.0001999600079984003,5.990390644062621,3.5035350697661696,10.96927694617047,3.8988539611223203
0.5,dense_Q_0.675000,0.675,181.95209788752902,0.0001999600079984003,0.0001999600079984003,5.992340045930087,3.5086812658943525,10.96927694617047,3.8988539611223203
0.5,dense_Q_0.670000,0.67,180.15860511234575,0.0001999600079984003,0.0001999600079984003,6.002211697507906,3.5114821647386494,10.96927694617047,3.8988539611223203
0.5,koide_lepton,0.6666666666666666,179.40159364674878,0.0001999600079984003,0.0001999600079984003,6.010714995263194,3.5121313924894895,10.96927694617047,3.8988539611223203
0.5,dense_Q_0.665000,0.665,179.1977250592638,0.0001999600079984003,0.0001999600079984003,6.014863851000589,3.5123084595274157,10.96927694617047,3.8988539611223203
0.5,dense_Q_0.660000,0.66,179.26287038126543,0.0001999600079984003,0.0001999600079984003,6.024588013920869,3.5121819489684194,10.96927694617047,3.8988539611223203
0.5,dense_Q_0.655000,0.655,179.99932607001654,0.0001999600079984003,0.0001999600079984003,6.028032968567514,3.509427875126463,10.96927694617047,3.8988539611223203
0.5,low_bw_empirical,0.65,180.51308965064493,0.0001999600079984003,0.0001999600079984003,6.0253495368830245,3.5039054549867985,10.96927694617047,3.8988539611223203
0.5,dense_Q_0.645000,0.645,179.62792081974817,0.0001999600079984003,0.0001999600079984003,6.019228774562285,3.500087199252449,10.96927694617047,3.8988539611223203
0.5,dense_Q_0.640000,0.64,176.61349161486544,0.0001999600079984003,0.0001999600079984003,6.012906540821158,3.5016638895487637,10.96927694617047,3.8988539611223203
0.5,dense_Q_0.635000,0.635,171.73413253456204,0.0001999600079984003,0.0001999600079984003,6.008376410788234,3.5059246348885704,10.96927694617047,3.8988539611223203
0.5,quark_like,0.63026,166.4406362942026,0.0001999600079984003,0.0001999600079984003,6.0059904455962805,3.5076651598258795,10.96927694617047,3.8988539611223203
0.5,dense_Q_0.630000,0.63,166.15847705449357,0.0001999600079984003,0.0001999600079984003,6.005905579077371,3.5076493965824387,10.96927694617047,3.8988539611223203
0.5,dense_Q_0.625000,0.625,161.42840924832888,0.0001999600079984003,0.0001999600079984003,6.005138011496756,3.505307823852225,10.96927694617047,3.8988539611223203
0.5,dense_Q_0.620000,0.62,158.67281270567503,0.0001999600079984003,0.0001999600079984003,6.006395770614588,3.4999332767834384,10.96927694617047,3.8988539611223203
0.5,dense_Q_0.615000,0.615,158.04095076528506,0.0001999600079984003,0.0001999600079984003,6.010669161370259,3.49230251942307,10.96927694617047,3.8988539611223203
0.5,dense_Q_0.610000,0.61,158.93112570587994,0.0001999600079984003,0.0001999600079984003,6.018589599746717,3.4847540202044094,10.96927694617047,3.8988539611223203
0.5,dense_Q_0.605000,0.605,160.56621730525137,0.0001999600079984003,0.0001999600079984003,6.029474399725166,3.482704368095435,10.96927694617047,3.8988539611223203
0.5,dense_Q_0.600000,0.6,162.1750792003371,0.0001999600079984003,0.0001999600079984003,6.040994323302799,3.489519127066983,10.96927694617047,3.8988539611223203
0.5,dense_Q_0.595000,0.595,163.02883151110473,0.0001999600079984003,0.0001999600079984003,6.049829309381332,3.500746879318184,10.96927694617047,3.8988539611223203
0.5,dense_Q_0.590000,0.59,162.66992371922618,0.0001999600079984003,0.0001999600079984003,6.05324563891892,3.508547898849019,10.96927694617047,3.8988539611223203
0.5,dense_Q_0.585000,0.585,160.9140369764193,0.0001999600079984003,0.0001999600079984003,6.050456288904221,3.510326125363642,10.96927694617047,3.8988539611223203
0.5,dense_Q_0.580000,0.58,157.73934450245474,0.0001999600079984003,0.0001999600079984003,6.042893897275686,3.508770670468949,10.96927694617047,3.8988539611223203
0.5,dense_Q_0.575000,0.575,153.5091959154588,0.0001999600079984003,0.0001999600079984003,6.0337246031088485,3.5071357496994273,10.96927694617047,3.8988539611223203
0.5,dense_Q_0.570000,0.57,149.1879782554504,0.0001999600079984003,0.0001999600079984003,6.0267893537905515,3.508836684038082,10.96927694617047,3.8988539611223203
0.5,dense_Q_0.565000,0.565,146.15167931492613,0.0001999600079984003,0.0001999600079984003,6.024879290795511,3.5166741543134177,10.96927694617047,3.8988539611223203
0.5,dense_Q_0.560000,0.56,145.74799167833078,0.0001999600079984003,0.0001999600079984003,6.028219111259249,3.527145336309972,10.96927694617047,3.8988539611223203
0.5,dense_Q_0.555000,0.555,148.70533991346952,0.0001999600079984003,0.0001999600079984003,6.03431062352024,3.5300648521490823,10.96927694617047,3.8988539611223203
0.5,dense_Q_0.550000,0.55,154.62724125333398,0.0001999600079984003,0.0001999600079984003,6.0392160379488695,3.5186366078103335,10.96927694617047,3.8988539611223203
0.5,spin1_Qhalf,0.5,127.01228080616954,0.0001999600079984003,0.0001999600079984003,4.070006460821521,2.8964976863668537,10.96927694617047,3.8988539611223203
0.5,spin32_Q4over9,0.4444444444444444,234.65891567757228,0.0001999600079984003,0.0001999600079984003,6.006552872251292,3.424468817476239,10.96927694617047,3.8988539611223203
0.5,neutrino_like_Qthird,0.3333333333333333,206.10801294733483,0.0001999600079984003,0.0001999600079984003,5.989732615528349,3.3850896953746488,10.96927694617047,3.8988539611223203
0.75,threshold_Q1,1.0,134.4859110147072,0.0001999600079984003,0.0001999600079984003,4.020971294823558,2.91032645176636,11.052901539714172,3.9474372190349305
0.75,near_075,0.75,336.1431239856681,0.0001999600079984003,0.0001999600079984003,6.052207858308189,3.504848827709496,11.052901539714172,3.9474372190349305
0.75,dense_Q_0.745000,0.745,342.7940695070388,0.0001999600079984003,0.0001999600079984003,6.044716386698636,3.5006270301984586,11.052901539714172,3.9474372190349305
0.75,dense_Q_0.740000,0.74,347.04277127616865,0.0001999600079984003,0.0001999600079984003,6.038319384577307,3.4970330134011998,11.052901539714172,3.9474372190349305
0.75,dense_Q_0.735000,0.735,338.4259108261085,0.0001999600079984003,0.0001999600079984003,6.031264491390166,3.4934132267492943,11.052901539714172,3.9474372190349305
0.75,dense_Q_0.730000,0.73,327.52730567624394,0.0001999600079984003,0.0001999600079984003,6.021343252317001,3.4923758943151832,11.052901539714172,3.9474372190349305
0.75,dense_Q_0.725000,0.725,320.2308627415373,0.0001999600079984003,0.0001999600079984003,6.008920632700211,3.498747096970619,11.052901539714172,3.9474372190349305
0.75,dense_Q_0.720000,0.72,318.3772283730284,0.0001999600079984003,0.0001999600079984003,5.998397553268135,3.5146644329598216,11.052901539714172,3.9474372190349305
0.75,dense_Q_0.715000,0.715,321.6834401732765,0.0001999600079984003,0.0001999600079984003,5.995984048273611,3.535982871033528,11.052901539714172,3.9474372190349305
0.75,dense_Q_0.710000,0.71,327.13104013593943,0.0001999600079984003,0.0001999600079984003,6.004882601167544,3.5531787172337963,11.052901539714172,3.9474372190349305
0.75,dense_Q_0.705000,0.705,329.80273408149856,0.0001999600079984003,0.0001999600079984003,6.022029227966212,3.557933707618812,11.052901539714172,3.9474372190349305
0.75,dense_Q_0.700000,0.7,325.710902403584,0.0001999600079984003,0.0001999600079984003,6.039306940335045,3.550738284626908,11.052901539714172,3.9474372190349305
0.75,dense_Q_0.695000,0.695,320.9275381913819,0.0001999600079984003,0.0001999600079984003,6.048443241538898,3.5393163120496256,11.052901539714172,3.9474372190349305
0.75,dense_Q_0.690000,0.69,317.3263503662856,0.0001999600079984003,0.0001999600079984003,6.046228980820361,3.5291463140684076,11.052901539714172,3.9474372190349305
0.75,dense_Q_0.685000,0.685,315.27508995564654,0.0001999600079984003,0.0001999600079984003,6.036368438458948,3.5202800599271007,11.052901539714172,3.9474372190349305
0.75,dense_Q_0.680000,0.68,314.34519541592726,0.0001999600079984003,0.0001999600079984003,6.026644404076325,3.512059453740992,11.052901539714172,3.9474372190349305
0.75,dense_Q_0.675000,0.675,313.6869407080667,0.0001999600079984003,0.0001999600079984003,6.023664863980815,3.5056382342314656,11.052901539714172,3.9474372190349305
0.75,dense_Q_0.670000,0.67,312.25304400953655,0.0001999600079984003,0.0001999600079984003,6.028965495995716,3.502481673327069,11.052901539714172,3.9474372190349305
0.75,koide_lepton,0.6666666666666666,310.32009880660485,0.0001999600079984003,0.0001999600079984003,6.0353470803403715,3.5023121253275264,11.052901539714172,3.9474372190349305
0.75,dense_Q_0.665000,0.665,309.3528466952007,0.0001999600079984003,0.0001999600079984003,6.038718585192708,3.502604123087284,11.052901539714172,3.9474372190349305
0.75,dense_Q_0.660000,0.66,307.4904993486334,0.0001999600079984003,0.0001999600079984003,6.047005181448167,3.5026980412027173,11.052901539714172,3.9474372190349305
0.75,dense_Q_0.655000,0.655,306.8613103695202,0.0001999600079984003,0.0001999600079984003,6.050255382948363,3.4964455950205995,11.052901539714172,3.9474372190349305
0.75,low_bw_empirical,0.65,306.2506428880688,0.0001999600079984003,0.0001999600079984003,6.049441088979811,3.4823853580954127,11.052901539714172,3.9474372190349305
0.75,dense_Q_0.645000,0.645,304.2879673050734,0.0001999600079984003,0.0001999600079984003,6.048681836645916,3.4712805037739707,11.052901539714172,3.9474372190349305
0.75,dense_Q_0.640000,0.64,299.8680880759357,0.0001999600079984003,0.0001999600079984003,6.052013228580098,3.4780530795258557,11.052901539714172,3.9474372190349305
0.75,dense_Q_0.635000,0.635,292.5677738614427,0.0001999600079984003,0.0001999600079984003,6.060967903565969,3.5047315720620373,11.052901539714172,3.9474372190349305
0.75,quark_like,0.63026,284.47053307594274,0.0001999600079984003,0.0001999600079984003,6.073432461554299,3.5362160405779077,11.052901539714172,3.9474372190349305
0.75,dense_Q_0.630000,0.63,284.0281521499321,0.0001999600079984003,0.0001999600079984003,6.0741767517473315,3.537833250436107,11.052901539714172,3.9474372190349305
0.75,dense_Q_0.625000,0.625,276.2765236658388,0.0001999600079984003,0.0001999600079984003,6.088362802382258,3.5635074197636696,11.052901539714172,3.9474372190349305
0.75,dense_Q_0.620000,0.62,271.01287831928335,0.0001999600079984003,0.0001999600079984003,6.099430756036152,3.5791772813993052,11.052901539714172,3.9474372190349305
0.75,dense_Q_0.615000,0.615,268.8136273104483,0.0001999600079984003,0.0001999600079984003,6.103389659591879,3.5886386896651423,11.052901539714172,3.9474372190349305
0.75,dense_Q_0.610000,0.61,269.2208111777484,0.0001999600079984003,0.0001999600079984003,6.0976619683858955,3.5910891690537468,11.052901539714172,3.9474372190349305
0.75,dense_Q_0.605000,0.605,271.47928858328555,0.0001999600079984003,0.0001999600079984003,6.082625732906041,3.581877742374724,11.052901539714172,3.9474372190349305
0.75,dense_Q_0.600000,0.6,274.63369143889827,0.0001999600079984003,0.0001999600079984003,6.062151084248933,3.563168298357394,11.052901539714172,3.9474372190349305
0.75,dense_Q_0.595000,0.595,277.0531000605906,0.0001999600079984003,0.0001999600079984003,6.042091111295309,3.5458373012009083,11.052901539714172,3.9474372190349305
0.75,dense_Q_0.590000,0.59,278.33082279642576,0.0001999600079984003,0.0001999600079984003,6.027591425121172,3.5379655655588134,11.052901539714172,3.9474372190349305
0.75,dense_Q_0.585000,0.585,276.84559004298285,0.0001999600079984003,0.0001999600079984003,6.021108459137164,3.53800268308855,11.052901539714172,3.9474372190349305
0.75,dense_Q_0.580000,0.58,271.7903687605674,0.0001999600079984003,0.0001999600079984003,6.022167675725468,3.5419312460845904,11.052901539714172,3.9474372190349305
0.75,dense_Q_0.575000,0.575,265.28145512524384,0.0001999600079984003,0.0001999600079984003,6.028438684709623,3.548396520324388,11.052901539714172,3.9474372190349305
0.75,dense_Q_0.570000,0.57,257.14417175282233,0.0001999600079984003,0.0001999600079984003,6.037133912579901,3.5548106685902754,11.052901539714172,3.9474372190349305
0.75,dense_Q_0.565000,0.565,250.54248599580797,0.0001999600079984003,0.0001999600079984003,6.045919846166582,3.5587174600822586,11.052901539714172,3.9474372190349305
0.75,dense_Q_0.560000,0.56,247.96301762814687,0.0001999600079984003,0.0001999600079984003,6.053130361038857,3.562851029245439,11.052901539714172,3.9474372190349305
0.75,dense_Q_0.555000,0.555,250.8028693569122,0.0001999600079984003,0.0001999600079984003,6.057566479804245,3.5689155384032274,11.052901539714172,3.9474372190349305
0.75,dense_Q_0.550000,0.55,258.22739244794593,0.0001999600079984003,0.0001999600079984003,6.058404304245769,3.5704531695484194,11.052901539714172,3.9474372190349305
0.75,spin1_Qhalf,0.5,197.9021035873418,0.0001999600079984003,0.0001999600079984003,4.010729002591585,2.937033955079067,11.052901539714172,3.9474372190349305
0.75,spin32_Q4over9,0.4444444444444444,389.7253883236699,0.0001999600079984003,0.0001999600079984003,6.037509127043919,3.5465599169203386,11.052901539714172,3.9474372190349305
0.75,neutrino_like_Qthird,0.3333333333333333,335.132479634161,0.0001999600079984003,0.0001999600079984003,6.008122392537879,3.5374638388967643,11.052901539714172,3.9474372190349305
1.0,threshold_Q1,1.0,156.95574144134844,0.0001999600079984003,0.0001999600079984003,4.039500129270409,2.8687141403345224,11.02331095814506,3.865123294476209
1.0,near_075,0.75,400.3290868425172,0.0001999600079984003,0.0001999600079984003,6.0975464196567595,3.483085813291272,11.02331095814506,3.865123294476209
1.0,dense_Q_0.745000,0.745,415.4543347972083,0.0001999600079984003,0.0001999600079984003,6.097782237390745,3.502255114609949,11.02331095814506,3.865123294476209
1.0,dense_Q_0.740000,0.74,416.98588574531095,0.0001999600079984003,0.0001999600079984003,6.093814177178713,3.522174771367333,11.02331095814506,3.865123294476209
1.0,dense_Q_0.735000,0.735,401.2337908990819,0.0001999600079984003,0.0001999600079984003,6.085924329102234,3.528338952563336,11.02331095814506,3.865123294476209
1.0,dense_Q_0.730000,0.73,385.13272704859514,0.0001999600079984003,0.0001999600079984003,6.076924578671522,3.5184403050785735,11.02331095814506,3.865123294476209
1.0,dense_Q_0.725000,0.725,377.4195730374163,0.0001999600079984003,0.0001999600079984003,6.070978634664599,3.5046549791211583,11.02331095814506,3.865123294476209
1.0,dense_Q_0.720000,0.72,379.6792963708781,0.0001999600079984003,0.0001999600079984003,6.071336849157986,3.498201028251605,11.02331095814506,3.865123294476209
1.0,dense_Q_0.715000,0.715,390.3798708349527,0.0001999600079984003,0.0001999600079984003,6.078403051963375,3.500117891103057,11.02331095814506,3.865123294476209
1.0,dense_Q_0.710000,0.71,403.2928301792613,0.0001999600079984003,0.0001999600079984003,6.089344542785855,3.50794321242004,11.02331095814506,3.865123294476209
1.0,dense_Q_0.705000,0.705,403.07551556731414,0.0001999600079984003,0.0001999600079984003,6.09948518952201,3.519883345967016,11.02331095814506,3.865123294476209
1.0,dense_Q_0.700000,0.7,390.98389259857777,0.0001999600079984003,0.0001999600079984003,6.10455982276743,3.531871347269773,11.02331095814506,3.865123294476209
1.0,dense_Q_0.695000,0.695,380.8923731566042,0.0001999600079984003,0.0001999600079984003,6.102706432483082,3.538695943889996,11.02331095814506,3.865123294476209
1.0,dense_Q_0.690000,0.69,375.54006780568125,0.0001999600079984003,0.0001999600079984003,6.095348114444317,3.537652357824495,11.02331095814506,3.865123294476209
1.0,dense_Q_0.685000,0.685,374.8956188028551,0.0001999600079984003,0.0001999600079984003,6.086243633686537,3.530830206474602,11.02331095814506,3.865123294476209
1.0,dense_Q_0.680000,0.68,377.23892809958306,0.0001999600079984003,0.0001999600079984003,6.079015818234631,3.524816668593734,11.02331095814506,3.865123294476209
1.0,dense_Q_0.675000,0.675,379.38733284062937,0.0001999600079984003,0.0001999600079984003,6.0749043566074725,3.5245349591502437,11.02331095814506,3.865123294476209
1.0,dense_Q_0.670000,0.67,377.637114649365,0.0001999600079984003,0.0001999600079984003,6.072378763940297,3.5265382457523176,11.02331095814506,3.865123294476209
1.0,koide_lepton,0.6666666666666666,373.077171046471,0.0001999600079984003,0.0001999600079984003,6.070200848234316,3.5250963299127145,11.02331095814506,3.865123294476209
1.0,dense_Q_0.665000,0.665,370.58233738695935,0.0001999600079984003,0.0001999600079984003,6.068698156982804,3.52301971061652,11.02331095814506,3.865123294476209
1.0,dense_Q_0.660000,0.66,364.1535682890751,0.0001999600079984003,0.0001999600079984003,6.062182869968483,3.512750905743929,11.02331095814506,3.865123294476209
1.0,dense_Q_0.655000,0.655,360.2682686086039,0.0001999600079984003,0.0001999600079984003,6.0534486375214085,3.5017784996015204,11.02331095814506,3.865123294476209
1.0,low_bw_empirical,0.65,358.59621300550157,0.0001999600079984003,0.0001999600079984003,6.0445787926093955,3.49439564767685,11.02331095814506,3.865123294476209
1.0,dense_Q_0.645000,0.645,355.8397593148409,0.0001999600079984003,0.0001999600079984003,6.0371323957079035,3.4893723525919,11.02331095814506,3.865123294476209
1.0,dense_Q_0.640000,0.64,352.3783966471626,0.0001999600079984003,0.0001999600079984003,6.030979439344516,3.4836277964441495,11.02331095814506,3.865123294476209
1.0,dense_Q_0.635000,0.635,344.20200425686335,0.0001999600079984003,0.0001999600079984003,6.024579658930314,3.476096289190837,11.02331095814506,3.865123294476209
1.0,quark_like,0.63026,334.30739341981666,0.0001999600079984003,0.0001999600079984003,6.016450140193227,3.4679257854082803,11.02331095814506,3.865123294476209
1.0,dense_Q_0.630000,0.63,333.7159094591075,0.0001999600079984003,0.0001999600079984003,6.015917094280536,3.46745284022208,11.02331095814506,3.865123294476209
1.0,dense_Q_0.625000,0.625,324.60859627670084,0.0001999600079984003,0.0001999600079984003,6.003683012466117,3.4574257686867527,11.02331095814506,3.865123294476209
1.0,dense_Q_0.620000,0.62,318.15031622528613,0.0001999600079984003,0.0001999600079984003,5.988263020143537,3.444580088700401,11.02331095814506,3.865123294476209
1.0,dense_Q_0.615000,0.615,314.63046538765434,0.0001999600079984003,0.0001999600079984003,5.971774138963057,3.4290706266036586,11.02331095814506,3.865123294476209
1.0,dense_Q_0.610000,0.61,314.00605518107795,0.0001999600079984003,0.0001999600079984003,5.957022355097218,3.4138552663281043,11.02331095814506,3.865123294476209
1.0,dense_Q_0.605000,0.605,317.05201420917774,0.0001999600079984003,0.0001999600079984003,5.946486637100584,3.403525412139493,11.02331095814506,3.865123294476209
1.0,dense_Q_0.600000,0.6,319.686610056546,0.0001999600079984003,0.0001999600079984003,5.941913837772621,3.4032354574135093,11.02331095814506,3.865123294476209
1.0,dense_Q_0.595000,0.595,320.8331546537597,0.0001999600079984003,0.0001999600079984003,5.944068856199689,3.415388824259459,11.02331095814506,3.865123294476209
1.0,dense_Q_0.590000,0.59,326.7135686062031,0.0001999600079984003,0.0001999600079984003,5.952350211696998,3.433414003535723,11.02331095814506,3.865123294476209
1.0,dense_Q_0.585000,0.585,325.4479890047364,0.0001999600079984003,0.0001999600079984003,5.9645838785522995,3.442766449289944,11.02331095814506,3.865123294476209
1.0,dense_Q_0.580000,0.58,317.0512469239177,0.0001999600079984003,0.0001999600079984003,5.977367339490138,3.43389434563588,11.02331095814506,3.865123294476209
1.0,dense_Q_0.575000,0.575,313.92266255179857,0.0001999600079984003,0.0001999600079984003,5.987094180965199,3.4123116071650434,11.02331095814506,3.865123294476209
1.0,dense_Q_0.570000,0.57,306.9361212164324,0.0001999600079984003,0.0001999600079984003,5.991481253771046,3.392271733084803,11.02331095814506,3.865123294476209
1.0,dense_Q_0.565000,0.565,298.1708949888184,0.0001999600079984003,0.0001999600079984003,5.990799216672972,3.3830713324646795,11.02331095814506,3.865123294476209
1.0,dense_Q_0.560000,0.56,297.2012534096034,0.0001999600079984003,0.0001999600079984003,5.987974028909442,3.384853816395447,11.02331095814506,3.865123294476209
1.0,dense_Q_0.555000,0.555,302.1579738669843,0.0001999600079984003,0.0001999600079984003,5.987158062655092,3.393505197274568,11.02331095814506,3.865123294476209
1.0,dense_Q_0.550000,0.55,308.33411837347853,0.0001999600079984003,0.0001999600079984003,5.991420247869327,3.4046761958520495,11.02331095814506,3.865123294476209
1.0,spin1_Qhalf,0.5,232.21893557620479,0.0001999600079984003,0.0001999600079984003,4.049716959381335,2.816340887744093,11.02331095814506,3.865123294476209
1.0,spin32_Q4over9,0.4444444444444444,457.4416529560142,0.0001999600079984003,0.0001999600079984003,6.05100483793031,3.511483531205959,11.02331095814506,3.865123294476209
1.0,neutrino_like_Qthird,0.3333333333333333,396.3320119273253,0.0001999600079984003,0.0001999600079984003,6.051065013444825,3.430351129533209,11.02331095814506,3.865123294476209
1.25,threshold_Q1,1.0,178.41946495035472,0.0001999600079984003,0.0001999600079984003,4.004463857713843,2.790415788529757,10.987758262135754,3.8491429318709103
1.25,near_075,0.75,428.0772022907022,0.0001999600079984003,0.0001999600079984003,5.988842855681694,3.4294801722302917,10.987758262135754,3.8491429318709103
1.25,dense_Q_0.745000,0.745,441.9540285118064,0.0001999600079984003,0.0001999600079984003,6.003699761802673,3.4314221049253977,10.987758262135754,3.8491429318709103
1.25,dense_Q_0.740000,0.74,436.45021028647557,0.0001999600079984003,0.0001999600079984003,6.024768442052402,3.441208974405614,10.987758262135754,3.8491429318709103
1.25,dense_Q_0.735000,0.735,416.02195605345537,0.0001999600079984003,0.0001999600079984003,6.047875614327666,3.455449800642345,10.987758262135754,3.8491429318709103
1.25,dense_Q_0.730000,0.73,401.47391314903234,0.0001999600079984003,0.0001999600079984003,6.0670378473252935,3.472269119930995,10.987758262135754,3.8491429318709103
1.25,dense_Q_0.725000,0.725,397.9668042835897,0.0001999600079984003,0.0001999600079984003,6.077479155882933,3.4907634590054144,10.987758262135754,3.8491429318709103
1.25,dense_Q_0.720000,0.72,405.82459355855553,0.0001999600079984003,0.0001999600079984003,6.077558400373576,3.5044779222580336,10.987758262135754,3.8491429318709103
1.25,dense_Q_0.715000,0.715,421.41496683435685,0.0001999600079984003,0.0001999600079984003,6.068560961933563,3.504645333042131,10.987758262135754,3.8491429318709103
1.25,dense_Q_0.710000,0.71,431.5188891236828,0.0001999600079984003,0.0001999600079984003,6.053603257024979,3.489412980144301,10.987758262135754,3.8491429318709103
1.25,dense_Q_0.705000,0.705,422.96478059222864,0.0001999600079984003,0.0001999600079984003,6.036720387219872,3.4653343374554932,10.987758262135754,3.8491429318709103
1.25,dense_Q_0.700000,0.7,408.19359475343185,0.0001999600079984003,0.0001999600079984003,6.021602414697741,3.4429377005245905,10.987758262135754,3.8491429318709103
1.25,dense_Q_0.695000,0.695,398.85090921720894,0.0001999600079984003,0.0001999600079984003,6.010286990030369,3.4324835446478867,10.987758262135754,3.8491429318709103
1.25,dense_Q_0.690000,0.69,396.0783508534937,0.0001999600079984003,0.0001999600079984003,6.003020370747953,3.4379982167232015,10.987758262135754,3.8491429318709103
1.25,dense_Q_0.685000,0.685,398.5524734292578,0.0001999600079984003,0.0001999600079984003,5.998780058279211,3.4526650897398423,10.987758262135754,3.8491429318709103
1.25,dense_Q_0.680000,0.68,402.7465656083648,0.0001999600079984003,0.0001999600079984003,5.995317586850548,3.4634979507280934,10.987758262135754,3.8491429318709103
1.25,dense_Q_0.675000,0.675,403.64738215769876,0.0001999600079984003,0.0001999600079984003,5.989384302326614,3.4619813980696894,10.987758262135754,3.8491429318709103
1.25,dense_Q_0.670000,0.67,395.759049384244,0.0001999600079984003,0.0001999600079984003,5.978121406835788,3.4485841627970957,10.987758262135754,3.8491429318709103
1.25,koide_lepton,0.6666666666666666,388.39939635219594,0.0001999600079984003,0.0001999600079984003,5.9671307480618445,3.4359506516536134,10.987758262135754,3.8491429318709103
1.25,dense_Q_0.665000,0.665,385.11084521703356,0.0001999600079984003,0.0001999600079984003,5.96072002400164,3.429374458130849,10.987758262135754,3.8491429318709103
1.25,dense_Q_0.660000,0.66,377.75073444015857,0.0001999600079984003,0.0001999600079984003,5.939449591232299,3.4118983829944094,10.987758262135754,3.8491429318709103
1.25,dense_Q_0.655000,0.655,374.6032082194122,0.0001999600079984003,0.0001999600079984003,5.919405152193646,3.4017311561560044,10.987758262135754,3.8491429318709103
1.25,low_bw_empirical,0.65,374.32323792147236,0.0001999600079984003,0.0001999600079984003,5.9063245183297965,3.400089916193094,10.987758262135754,3.8491429318709103
1.25,dense_Q_0.645000,0.645,371.12320576991624,0.0001999600079984003,0.0001999600079984003,5.903490483923505,3.404178583189728,10.987758262135754,3.8491429318709103
1.25,dense_Q_0.640000,0.64,366.9409511775316,0.0001999600079984003,0.0001999600079984003,5.910195405197519,3.409036992215345,10.987758262135754,3.8491429318709103
1.25,dense_Q_0.635000,0.635,359.3749279627766,0.0001999600079984003,0.0001999600079984003,5.922803535627911,3.410505540964274,10.987758262135754,3.8491429318709103
1.25,quark_like,0.63026,348.31449346256863,0.0001999600079984003,0.0001999600079984003,5.936531988149442,3.4096538501490334,10.987758262135754,3.8491429318709103
1.25,dense_Q_0.630000,0.63,347.62597371476227,0.0001999600079984003,0.0001999600079984003,5.9372823859949975,3.4096425933779253,10.987758262135754,3.8491429318709103
1.25,dense_Q_0.625000,0.625,338.2033117352544,0.0001999600079984003,0.0001999600079984003,5.9511108879601595,3.412326413720603,10.987758262135754,3.8491429318709103
1.25,dense_Q_0.620000,0.62,332.89414368609323,0.0001999600079984003,0.0001999600079984003,5.9633961787584715,3.421235192143466,10.987758262135754,3.8491429318709103
1.25,dense_Q_0.615000,0.615,328.50492130212615,0.0001999600079984003,0.0001999600079984003,5.97361687983436,3.4318753281389056,10.987758262135754,3.8491429318709103
1.25,dense_Q_0.610000,0.61,327.51878987868577,0.0001999600079984003,0.0001999600079984003,5.980784463384758,3.438829780469515,10.987758262135754,3.8491429318709103
1.25,dense_Q_0.605000,0.605,333.8001766896555,0.0001999600079984003,0.0001999600079984003,5.983879936853018,3.440748348679167,10.987758262135754,3.8491429318709103
1.25,dense_Q_0.600000,0.6,335.74620576742404,0.0001999600079984003,0.0001999600079984003,5.982709302119838,3.438386026576079,10.987758262135754,3.8491429318709103
1.25,dense_Q_0.595000,0.595,336.26091733510657,0.0001999600079984003,0.0001999600079984003,5.978161437883292,3.4333780938546608,10.987758262135754,3.8491429318709103
1.25,dense_Q_0.590000,0.59,347.10989289911527,0.0001999600079984003,0.0001999600079984003,5.972068576304646,3.4291002863457285,10.987758262135754,3.8491429318709103
1.25,dense_Q_0.585000,0.585,347.1077225627564,0.0001999600079984003,0.0001999600079984003,5.966493248479555,3.427850018974079,10.987758262135754,3.8491429318709103
1.25,dense_Q_0.580000,0.58,336.3704725807097,0.0001999600079984003,0.0001999600079984003,5.962584755566735,3.429627827944095,10.987758262135754,3.8491429318709103
1.25,dense_Q_0.575000,0.575,336.7869659368398,0.0001999600079984003,0.0001999600079984003,5.96001025221804,3.435528331590179,10.987758262135754,3.8491429318709103
1.25,dense_Q_0.570000,0.57,334.06745677884373,0.0001999600079984003,0.0001999600079984003,5.957883483848604,3.4464533318683404,10.987758262135754,3.8491429318709103
1.25,dense_Q_0.565000,0.565,322.128644602672,0.0001999600079984003,0.0001999600079984003,5.956204552781765,3.4579385422817666,10.987758262135754,3.8491429318709103
1.25,dense_Q_0.560000,0.56,323.6260642354607,0.0001999600079984003,0.0001999600079984003,5.9561955102687385,3.462687087468615,10.987758262135754,3.8491429318709103
1.25,dense_Q_0.555000,0.555,333.2040818827859,0.0001999600079984003,0.0001999600079984003,5.959362501582627,3.459049033603524,10.987758262135754,3.8491429318709103
1.25,dense_Q_0.550000,0.55,335.57806357930804,0.0001999600079984003,0.0001999600079984003,5.966134447908232,3.4523573166829116,10.987758262135754,3.8491429318709103
1.25,spin1_Qhalf,0.5,253.0637436166969,0.0001999600079984003,0.0001999600079984003,3.941082011545812,2.772186387445201,10.987758262135754,3.8491429318709103
1.25,spin32_Q4over9,0.4444444444444444,501.61246231762993,0.0001999600079984003,0.0001999600079984003,5.947746555291404,3.382893611016972,10.987758262135754,3.8491429318709103
1.25,neutrino_like_Qthird,0.3333333333333333,420.9366163904351,0.0001999600079984003,0.0001999600079984003,5.92904901585661,3.401444566990807,10.987758262135754,3.8491429318709103
1.5,threshold_Q1,1.0,199.248483413729,0.0001999600079984003,0.0001999600079984003,4.053263678703716,2.837416107062522,10.988807128793828,3.850437665832522
1.5,near_075,0.75,445.3854960844494,0.0001999600079984003,0.0001999600079984003,6.058309627320021,3.485576858420742,10.988807128793828,3.850437665832522
1.5,dense_Q_0.745000,0.745,454.84754927210133,0.0001999600079984003,0.0001999600079984003,6.062629624240341,3.4793824317065902,10.988807128793828,3.850437665832522
1.5,dense_Q_0.740000,0.74,442.89205096350565,0.0001999600079984003,0.0001999600079984003,6.054706139510745,3.4633554496211696,10.988807128793828,3.850437665832522
1.5,dense_Q_0.735000,0.735,421.34239994371046,0.0001999600079984003,0.0001999600079984003,6.036111442239797,3.4426450674778653,10.988807128793828,3.850437665832522
1.5,dense_Q_0.730000,0.73,409.6008249623435,0.0001999600079984003,0.0001999600079984003,6.012541050897189,3.422648055032244,10.988807128793828,3.850437665832522
1.5,dense_Q_0.725000,0.725,410.20931323684727,0.0001999600079984003,0.0001999600079984003,5.9917827519244105,3.4097237153848168,10.988807128793828,3.850437665832522
1.5,dense_Q_0.720000,0.72,421.9969728026533,0.0001999600079984003,0.0001999600079984003,5.980666210426341,3.409132628950072,10.988807128793828,3.850437665832522
1.5,dense_Q_0.715000,0.715,439.1277883481964,0.0001999600079984003,0.0001999600079984003,5.982485441019892,3.4225801609241304,10.988807128793828,3.850437665832522
1.5,dense_Q_0.710000,0.71,442.30127922199836,0.0001999600079984003,0.0001999600079984003,5.9956986951357205,3.4458719533226767,10.988807128793828,3.850437665832522
1.5,dense_Q_0.705000,0.705,427.7398463290456,0.0001999600079984003,0.0001999600079984003,6.014347902322207,3.469955794814694,10.988807128793828,3.850437665832522
1.5,dense_Q_0.700000,0.7,413.77581951265006,0.0001999600079984003,0.0001999600079984003,6.03089382027058,3.486629276647919,10.988807128793828,3.850437665832522
1.5,dense_Q_0.695000,0.695,406.90603932647014,0.0001999600079984003,0.0001999600079984003,6.040449299083925,3.493438283837038,10.988807128793828,3.850437665832522
1.5,dense_Q_0.690000,0.69,407.173519150145,0.0001999600079984003,0.0001999600079984003,6.043259849386832,3.492992853033043,10.988807128793828,3.850437665832522
1.5,dense_Q_0.685000,0.685,411.76269858307114,0.0001999600079984003,0.0001999600079984003,6.043641230984732,3.488978169351081,10.988807128793828,3.850437665832522
1.5,dense_Q_0.680000,0.68,415.50084681047497,0.0001999600079984003,0.0001999600079984003,6.046651896138209,3.48639441527385,10.988807128793828,3.850437665832522
1.5,dense_Q_0.675000,0.675,411.72432983595513,0.0001999600079984003,0.0001999600079984003,6.0544307188689706,3.491618128546939,10.988807128793828,3.850437665832522
1.5,dense_Q_0.670000,0.67,398.7555293253963,0.0001999600079984003,0.0001999600079984003,6.064272729996398,3.5049835138885443,10.988807128793828,3.850437665832522
1.5,koide_lepton,0.6666666666666666,390.99368012641344,0.0001999600079984003,0.0001999600079984003,6.069007704313562,3.513556900642527,10.988807128793828,3.850437665832522
1.5,dense_Q_0.665000,0.665,387.7907027807937,0.0001999600079984003,0.0001999600079984003,6.070127299740852,3.516185186334934,10.988807128793828,3.850437665832522
1.5,dense_Q_0.660000,0.66,381.3567528753056,0.0001999600079984003,0.0001999600079984003,6.066827409135149,3.5135863332560646,10.988807128793828,3.850437665832522
1.5,dense_Q_0.655000,0.655,379.8793889325791,0.0001999600079984003,0.0001999600079984003,6.053972598134268,3.4971067539568463,10.988807128793828,3.850437665832522
1.5,low_bw_empirical,0.65,380.4425560039342,0.0001999600079984003,0.0001999600079984003,6.036682836664682,3.478357588146971,10.988807128793828,3.850437665832522
1.5,dense_Q_0.645000,0.645,375.37312674620375,0.0001999600079984003,0.0001999600079984003,6.022537929668151,3.469293738155812,10.988807128793828,3.850437665832522
1.5,dense_Q_0.640000,0.64,370.9353686154052,0.0001999600079984003,0.0001999600079984003,6.016406341069677,3.471965473467487,10.988807128793828,3.850437665832522
1.5,dense_Q_0.635000,0.635,365.089252264841,0.0001999600079984003,0.0001999600079984003,6.016538357607261,3.477571190693167,10.988807128793828,3.850437665832522
1.5,quark_like,0.63026,353.2143824057621,0.0001999600079984003,0.0001999600079984003,6.015697895911122,3.475406482774795,10.988807128793828,3.850437665832522
1.5,dense_Q_0.630000,0.63,352.45993170889915,0.0001999600079984003,0.0001999600079984003,6.01547474099643,3.474966355313824,10.988807128793828,3.850437665832522
1.5,dense_Q_0.625000,0.625,343.0106192278881,0.0001999600079984003,0.0001999600079984003,6.005597892020809,3.4605583524741435,10.988807128793828,3.850437665832522
1.5,dense_Q_0.620000,0.62,339.7336422113576,0.0001999600079984003,0.0001999600079984003,5.985008307778474,3.439446094152646,10.988807128793828,3.850437665832522
1.5,dense_Q_0.615000,0.615,334.6945123430239,0.0001999600079984003,0.0001999600079984003,5.9590723440200515,3.4190164726771775,10.988807128793828,3.850437665832522
1.5,dense_Q_0.610000,0.61,333.6645982122968,0.0001999600079984003,0.0001999600079984003,5.936997896117601,3.4048575629220483,10.988807128793828,3.850437665832522
1.5,dense_Q_0.605000,0.605,343.6439275161008,0.0001999600079984003,0.0001999600079984003,5.9263907409067915,3.398934994219777,10.988807128793828,3.850437665832522
1.5,dense_Q_0.600000,0.6,345.02823619767514,0.0001999600079984003,0.0001999600079984003,5.929378782658362,3.3982443978833894,10.988807128793828,3.850437665832522
1.5,dense_Q_0.595000,0.595,345.18601677027345,0.0001999600079984003,0.0001999600079984003,5.942413676693946,3.399529488701512,10.988807128793828,3.850437665832522
1.5,dense_Q_0.590000,0.59,360.1137186491583,0.0001999600079984003,0.0001999600079984003,5.959283364589743,3.4053983205783567,10.988807128793828,3.850437665832522
1.5,dense_Q_0.585000,0.585,361.57027448188956,0.0001999600079984003,0.0001999600079984003,5.974793082875779,3.4206897232802094,10.988807128793828,3.850437665832522
1.5,dense_Q_0.580000,0.58,349.0050138278025,0.0001999600079984003,0.0001999600079984003,5.986851134901469,3.4442053752032873,10.988807128793828,3.850437665832522
1.5,dense_Q_0.575000,0.575,352.48383232453807,0.0001999600079984003,0.0001999600079984003,5.996373480301855,3.468457032271421,10.988807128793828,3.850437665832522
1.5,dense_Q_0.570000,0.57,353.5719711075926,0.0001999600079984003,0.0001999600079984003,6.0054635605655795,3.485340049708424,10.988807128793828,3.850437665832522
1.5,dense_Q_0.565000,0.565,338.4737692896649,0.0001999600079984003,0.0001999600079984003,6.015238462627678,3.4895245071180923,10.988807128793828,3.850437665832522
1.5,dense_Q_0.560000,0.56,342.3141476054791,0.0001999600079984003,0.0001999600079984003,6.024971522147885,3.4804476174995473,10.988807128793828,3.850437665832522
1.5,dense_Q_0.555000,0.555,356.420666667997,0.0001999600079984003,0.0001999600079984003,6.032893880963448,3.463782915425605,10.988807128793828,3.850437665832522
1.5,dense_Q_0.550000,0.55,354.35710508086186,0.0001999600079984003,0.0001999600079984003,6.037356157008502,3.447255030174825,10.988807128793828,3.850437665832522
1.5,spin1_Qhalf,0.5,266.5563793440019,0.0001999600079984003,0.0001999600079984003,3.994814607600888,2.8049113122864036,10.988807128793828,3.850437665832522
1.5,spin32_Q4over9,0.4444444444444444,536.8493841814293,0.0001999600079984003,0.0001999600079984003,5.97378392350998,3.4325804454421953,10.988807128793828,3.850437665832522
1.5,neutrino_like_Qthird,0.3333333333333333,439.04863818270746,0.0001999600079984003,0.0001999600079984003,6.002016256278858,3.5109893620091785,10.988807128793828,3.850437665832522
