KDE_BANDWIDTH_SCALE,label,Q,n_minus,n0,n_plus,k_minus,k0,k_plus,deltaD,p_vs_model_scanmax_null,p_vs_fixed_model_null,A_minus,A0,A_plus,any_A_bound_active,success
0.5,threshold_Q1,1.0,15.0,15.0,30.0,19.716488600662828,19.716488600662828,39.432977201325656,95.13223497005265,0.0001999600079984003,0.0001999600079984003,0.05299556519569135,0.05299556519569135,0.04842224510437819,False,True
0.5,near_075,0.75,11.25,15.0,22.5,14.787366450497123,19.716488600662828,29.574732900994245,207.75953685810111,0.0001999600079984003,0.0001999600079984003,0.10346110933654563,0.11232209393016167,0.0737499009402876,True,True
0.5,dense_Q_0.745000,0.745,11.175,15.0,22.35,14.688784007493808,19.716488600662828,29.377568014987617,203.2022562736595,0.0001999600079984003,0.0001999600079984003,0.11222927450242497,0.11284730169546041,0.06973949785827742,True,True
0.5,dense_Q_0.740000,0.74,11.1,15.0,22.2,14.590201564490492,19.716488600662828,29.180403128980984,198.82482922875488,0.0001999600079984003,0.0001999600079984003,0.11516169293379934,0.11301177071467253,0.06642547069673949,False,True
0.5,dense_Q_0.735000,0.735,11.025,15.0,22.05,14.49161912148718,19.716488600662828,28.98323824297436,196.0563821466127,0.0001999600079984003,0.0001999600079984003,0.11232700724798612,0.11202678021151345,0.06542093369551316,False,True
0.5,dense_Q_0.730000,0.73,10.95,15.0,21.9,14.393036678483863,19.716488600662828,28.786073356967727,194.6261828935833,0.0001999600079984003,0.0001999600079984003,0.10936556154001338,0.11112176695324674,0.06621093694642209,False,True
0.5,dense_Q_0.725000,0.725,10.875,15.0,21.75,14.29445423548055,19.716488600662828,28.5889084709611,193.5961203839273,0.0001999600079984003,0.0001999600079984003,0.10385284692040131,0.10999292256232565,0.06758861611134355,True,True
0.5,dense_Q_0.720000,0.72,10.799999999999999,15.0,21.599999999999998,14.195871792477238,19.716488600662828,28.391743584954476,192.44080623126752,0.0001999600079984003,0.0001999600079984003,0.1001398185126095,0.10870091616634804,0.06924887909006303,True,True
0.5,dense_Q_0.715000,0.715,10.725,15.0,21.45,14.097289349473924,19.716488600662828,28.194578698947847,191.05982015117513,0.0001999600079984003,0.0001999600079984003,0.10072632010646203,0.10787955512133621,0.07040473826042004,False,True
0.5,dense_Q_0.710000,0.71,10.649999999999999,15.0,21.299999999999997,13.998706906470607,19.716488600662828,27.997413812941215,189.35210353069078,0.0001999600079984003,0.0001999600079984003,0.09810861747172682,0.10674971618568328,0.07107095901187283,False,True
0.5,dense_Q_0.705000,0.705,10.575,15.0,21.15,13.900124463467295,19.716488600662828,27.80024892693459,187.73289978524406,0.0001999600079984003,0.0001999600079984003,0.09559158225303442,0.10600890001844482,0.07145503966308586,False,True
0.5,dense_Q_0.700000,0.7,10.5,15.0,21.0,13.801542020463982,19.716488600662828,27.603084040927964,186.6129996738838,0.0001999600079984003,0.0001999600079984003,0.09328916931326862,0.10585966255942479,0.07193402820877236,False,True
0.5,dense_Q_0.695000,0.695,10.424999999999999,15.0,20.849999999999998,13.702959577460666,19.716488600662828,27.40591915492133,186.0785769437183,0.0001999600079984003,0.0001999600079984003,0.09140654311566544,0.10629519394791062,0.07256370680908146,False,True
0.5,dense_Q_0.690000,0.69,10.35,15.0,20.7,13.604377134457351,19.716488600662828,27.208754268914703,185.78784805626526,0.0001999600079984003,0.0001999600079984003,0.09004667616561447,0.10709155080597448,0.07303313044284086,False,True
0.5,dense_Q_0.685000,0.685,10.275,15.0,20.55,13.505794691454039,19.716488600662828,27.011589382908078,185.19087191141773,0.0001999600079984003,0.0001999600079984003,0.08908017554214866,0.10796255542535813,0.07298665856625039,False,True
0.5,dense_Q_0.680000,0.68,10.200000000000001,15.0,20.400000000000002,13.407212248450726,19.716488600662828,26.814424496901452,183.86887176254083,0.0001999600079984003,0.0001999600079984003,0.08831425393035662,0.10875267784096553,0.07217599479509756,False,True
0.5,dense_Q_0.675000,0.675,10.125,15.0,20.25,13.30862980544741,19.716488600662828,26.61725961089482,181.95209788752902,0.0001999600079984003,0.0001999600079984003,0.08757760828420569,0.10953552879287243,0.07080500306315839,False,True
0.5,dense_Q_0.670000,0.67,10.05,15.0,20.1,13.210047362444095,19.716488600662828,26.42009472488819,180.15860511234575,0.0001999600079984003,0.0001999600079984003,0.08674149827556084,0.1103592175248849,0.06975902814803765,False,True
0.5,koide_lepton,0.6666666666666666,10.0,15.0,20.0,13.14432573377522,19.716488600662828,26.28865146755044,179.40159364674878,0.0001999600079984003,0.0001999600079984003,0.0860745493363466,0.11085543381777861,0.06969763379159477,False,True
0.5,dense_Q_0.665000,0.665,9.975000000000001,15.0,19.950000000000003,13.111464919440783,19.716488600662828,26.222929838881566,179.1977250592638,0.0001999600079984003,0.0001999600079984003,0.08569529751251764,0.11105769719969638,0.06990229968148637,False,True
0.5,dense_Q_0.660000,0.66,9.9,15.0,19.8,13.012882476437468,19.716488600662828,26.025764952874937,179.26287038126543,0.0001999600079984003,0.0001999600079984003,0.08433890195073042,0.11132252646246228,0.07140293091106249,False,True
0.5,dense_Q_0.655000,0.655,9.825000000000001,15.0,19.650000000000002,12.914300033434154,19.716488600662828,25.828600066868308,179.99932607001654,0.0001999600079984003,0.0001999600079984003,0.08265579437130346,0.11086600762054982,0.07388696575501259,False,True
0.5,low_bw_empirical,0.65,9.75,15.0,19.5,12.815717590430838,19.716488600662828,25.631435180861676,180.51308965064493,0.0001999600079984003,0.0001999600079984003,0.08081478062416025,0.10965414306487845,0.0764154342948479,False,True
0.5,dense_Q_0.645000,0.645,9.675,15.0,19.35,12.717135147427525,19.716488600662828,25.43427029485505,179.62792081974817,0.0001999600079984003,0.0001999600079984003,0.07909053075735621,0.10809472374259045,0.07773478501140153,False,True
0.5,dense_Q_0.640000,0.64,9.6,15.0,19.2,12.61855270442421,19.716488600662828,25.23710540884842,176.61349161486544,0.0001999600079984003,0.0001999600079984003,0.0777141836829214,0.1068454491787134,0.0770165412198932,False,True
0.5,dense_Q_0.635000,0.635,9.525,15.0,19.05,12.519970261420898,19.716488600662828,25.039940522841796,171.73413253456204,0.0001999600079984003,0.0001999600079984003,0.07680329344100859,0.106397803064417,0.07428554585858056,False,True
0.5,quark_like,0.63026,9.4539,15.0,18.9078,12.426514105453755,19.716488600662828,24.85302821090751,166.4406362942026,0.0001999600079984003,0.0001999600079984003,0.07638708536069254,0.10677935650574713,0.07053997698312704,False,True
0.5,dense_Q_0.630000,0.63,9.45,15.0,18.9,12.421387818417582,19.716488600662828,24.842775636835164,166.15847705449357,0.0001999600079984003,0.0001999600079984003,0.07637477992680757,0.10681845159994177,0.07032450086192747,False,True
0.5,dense_Q_0.625000,0.625,9.375,15.0,18.75,12.322805375414267,19.716488600662828,24.645610750828535,161.42840924832888,0.0001999600079984003,0.0001999600079984003,0.07634268579210284,0.10774362514120461,0.06652619405596853,False,True
0.5,dense_Q_0.620000,0.62,9.3,15.0,18.6,12.224222932410955,19.716488600662828,24.44844586482191,158.67281270567503,0.0001999600079984003,0.0001999600079984003,0.07647584345149377,0.10859875863733055,0.06434869134624466,False,True
0.5,dense_Q_0.615000,0.615,9.225,15.0,18.45,12.12564048940764,19.716488600662828,24.25128097881528,158.04095076528506,0.0001999600079984003,0.0001999600079984003,0.07657725388358008,0.10906542251741755,0.06421456878927528,False,True
0.5,dense_Q_0.610000,0.61,9.15,15.0,18.3,12.027058046404328,19.716488600662828,24.054116092808655,158.93112570587994,0.0001999600079984003,0.0001999600079984003,0.0766015655848677,0.10925200353733423,0.06553791636629804,False,True
0.5,dense_Q_0.605000,0.605,9.075,15.0,18.15,11.928475603401012,19.716488600662828,23.856951206802023,160.56621730525137,0.0001999600079984003,0.0001999600079984003,0.07660612516639696,0.10947897410981386,0.06750393305080632,False,True
0.5,dense_Q_0.600000,0.6,9.0,15.0,18.0,11.829893160397697,19.716488600662828,23.659786320795394,162.1750792003371,0.0001999600079984003,0.0001999600079984003,0.07658825067504231,0.1098905672264686,0.06938262483728792,False,True
0.5,dense_Q_0.595000,0.595,8.924999999999999,15.0,17.849999999999998,11.731310717394381,19.716488600662828,23.462621434788762,163.02883151110473,0.0001999600079984003,0.0001999600079984003,0.07639075126061473,0.11033249006814126,0.07052619429272775,False,True
0.5,dense_Q_0.590000,0.59,8.85,15.0,17.7,11.632728274391068,19.716488600662828,23.265456548782137,162.66992371922618,0.0001999600079984003,0.0001999600079984003,0.07583056656840981,0.11052533423061024,0.07068788309402851,False,True
0.5,dense_Q_0.585000,0.585,8.774999999999999,15.0,17.549999999999997,11.534145831387754,19.716488600662828,23.068291662775508,160.9140369764193,0.0001999600079984003,0.0001999600079984003,0.07493232927207204,0.11030761364983754,0.06984793514080988,False,True
0.5,dense_Q_0.580000,0.58,8.7,15.0,17.4,11.43556338838444,19.716488600662828,22.87112677676888,157.73934450245474,0.0001999600079984003,0.0001999600079984003,0.07391632345532767,0.10982755975118454,0.06787273351624255,False,True
0.5,dense_Q_0.575000,0.575,8.625,15.0,17.25,11.336980945381127,19.716488600662828,22.673961890762254,153.5091959154588,0.0001999600079984003,0.0001999600079984003,0.07300415280600388,0.10942210594507758,0.06486383806350748,False,True
0.5,dense_Q_0.570000,0.57,8.549999999999999,15.0,17.099999999999998,11.23839850237781,19.716488600662828,22.47679700475562,149.1879782554504,0.0001999600079984003,0.0001999600079984003,0.07225550487963193,0.10933621206716909,0.061601493743838304,False,True
0.5,dense_Q_0.565000,0.565,8.475,15.0,16.95,11.139816059374498,19.716488600662828,22.279632118748996,146.15167931492613,0.0001999600079984003,0.0001999600079984003,0.07165450155506843,0.10951690106179313,0.05945266702341345,False,True
0.5,dense_Q_0.560000,0.56,8.4,15.0,16.8,11.041233616371185,19.716488600662828,22.08246723274237,145.74799167833078,0.0001999600079984003,0.0001999600079984003,0.07122773626828159,0.1096126140816725,0.059982065201954975,False,True
0.5,dense_Q_0.555000,0.555,8.325000000000001,15.0,16.650000000000002,10.94265117336787,19.716488600662828,21.88530234673574,148.70533991346952,0.0001999600079984003,0.0001999600079984003,0.07099072163585869,0.1092983016722478,0.06407551957407129,False,True
0.5,dense_Q_0.550000,0.55,8.25,15.0,16.5,10.844068730364556,19.716488600662828,21.688137460729113,154.62724125333398,0.0001999600079984003,0.0001999600079984003,0.07093535942022786,0.10863479815691858,0.07103109614540377,False,True
0.5,spin1_Qhalf,0.5,7.5,15.0,15.0,9.858244300331414,19.716488600662828,19.716488600662828,127.01228080616954,0.0001999600079984003,0.0001999600079984003,0.08839053823058707,0.04887520258839093,0.04887520258839093,False,True
0.5,spin32_Q4over9,0.4444444444444444,6.666666666666666,15.0,13.333333333333332,8.762883822516812,19.716488600662828,17.525767645033625,234.65891567757228,0.0001999600079984003,0.0001999600079984003,0.09846345893594681,0.09257678035044546,0.10220283219986133,True,True
0.5,neutrino_like_Qthird,0.3333333333333333,5.0,15.0,10.0,6.57216286688761,19.716488600662828,13.14432573377522,206.10801294733483,0.0001999600079984003,0.0001999600079984003,0.11131319420903346,0.10666668154507919,0.10482187682302231,True,True
0.75,threshold_Q1,1.0,15.0,15.0,30.0,19.716488600662828,19.716488600662828,39.432977201325656,134.4859110147072,0.0001999600079984003,0.0001999600079984003,0.06654777612466808,0.06654777612466808,0.03323679166447932,False,True
0.75,near_075,0.75,11.25,15.0,22.5,14.787366450497123,19.716488600662828,29.574732900994245,336.1431239856681,0.0001999600079984003,0.0001999600079984003,0.1124405898416338,0.13347887921231963,0.07306718141246016,True,True
0.75,dense_Q_0.745000,0.745,11.175,15.0,22.35,14.688784007493808,19.716488600662828,29.377568014987617,342.7940695070388,0.0001999600079984003,0.0001999600079984003,0.13415050624181438,0.13193825264236217,0.07125229586606843,True,True
0.75,dense_Q_0.740000,0.74,11.1,15.0,22.2,14.590201564490492,19.716488600662828,29.180403128980984,347.04277127616865,0.0001999600079984003,0.0001999600079984003,0.14142135623730953,0.134110127571176,0.06571433441095001,True,True
0.75,dense_Q_0.735000,0.735,11.025,15.0,22.05,14.49161912148718,19.716488600662828,28.98323824297436,338.4259108261085,0.0001999600079984003,0.0001999600079984003,0.13537228967994341,0.13768005602968802,0.06158688981446076,True,True
0.75,dense_Q_0.730000,0.73,10.95,15.0,21.9,14.393036678483863,19.716488600662828,28.786073356967727,327.52730567624394,0.0001999600079984003,0.0001999600079984003,0.11662065604602274,0.13901313304526414,0.06379201378163459,True,True
0.75,dense_Q_0.725000,0.725,10.875,15.0,21.75,14.29445423548055,19.716488600662828,28.5889084709611,320.2308627415373,0.0001999600079984003,0.0001999600079984003,0.10323511728733555,0.13642289767893254,0.06849091979433816,True,True
0.75,dense_Q_0.720000,0.72,10.799999999999999,15.0,21.599999999999998,14.195871792477238,19.716488600662828,28.391743584954476,318.3772283730284,0.0001999600079984003,0.0001999600079984003,0.10055953639426822,0.13287587963270528,0.07352106815193202,True,True
0.75,dense_Q_0.715000,0.715,10.725,15.0,21.45,14.097289349473924,19.716488600662828,28.194578698947847,321.6834401732765,0.0001999600079984003,0.0001999600079984003,0.1102750229433334,0.13063710486706182,0.07733517924209113,True,True
0.75,dense_Q_0.710000,0.71,10.649999999999999,15.0,21.299999999999997,13.998706906470607,19.716488600662828,27.997413812941215,327.13104013593943,0.0001999600079984003,0.0001999600079984003,0.12714445359868143,0.1311427558930167,0.07869931313364872,True,True
0.75,dense_Q_0.705000,0.705,10.575,15.0,21.15,13.900124463467295,19.716488600662828,27.80024892693459,329.80273408149856,0.0001999600079984003,0.0001999600079984003,0.14142135623730953,0.13512874577679923,0.07674516981696765,True,True
0.75,dense_Q_0.700000,0.7,10.5,15.0,21.0,13.801542020463982,19.716488600662828,27.603084040927964,325.710902403584,0.0001999600079984003,0.0001999600079984003,0.13017825213654693,0.13788776961297355,0.07588814749509558,True,True
0.75,dense_Q_0.695000,0.695,10.424999999999999,15.0,20.849999999999998,13.702959577460666,19.716488600662828,27.40591915492133,320.9275381913819,0.0001999600079984003,0.0001999600079984003,0.115368691815619,0.13512997915924477,0.07894185474506354,True,True
0.75,dense_Q_0.690000,0.69,10.35,15.0,20.7,13.604377134457351,19.716488600662828,27.208754268914703,317.3263503662856,0.0001999600079984003,0.0001999600079984003,0.1046347829652337,0.1330348246016266,0.08291704544271733,True,True
0.75,dense_Q_0.685000,0.685,10.275,15.0,20.55,13.505794691454039,19.716488600662828,27.011589382908078,315.27508995564654,0.0001999600079984003,0.0001999600079984003,0.10006209284239442,0.13197927680027663,0.0862497306477834,True,True
0.75,dense_Q_0.680000,0.68,10.200000000000001,15.0,20.400000000000002,13.407212248450726,19.716488600662828,26.814424496901452,314.34519541592726,0.0001999600079984003,0.0001999600079984003,0.102663098798232,0.13213701983473836,0.08787062666788474,True,True
0.75,dense_Q_0.675000,0.675,10.125,15.0,20.25,13.30862980544741,19.716488600662828,26.61725961089482,313.6869407080667,0.0001999600079984003,0.0001999600079984003,0.11076872982131811,0.13337202285539493,0.08754680563249514,True,True
0.75,dense_Q_0.670000,0.67,10.05,15.0,20.1,13.210047362444095,19.716488600662828,26.42009472488819,312.25304400953655,0.0001999600079984003,0.0001999600079984003,0.1207918656463353,0.13508806977913132,0.08611249936815331,True,True
0.75,koide_lepton,0.6666666666666666,10.0,15.0,20.0,13.14432573377522,19.716488600662828,26.28865146755044,310.32009880660485,0.0001999600079984003,0.0001999600079984003,0.12494001114294037,0.13571502377634637,0.08569970285048649,True,True
0.75,dense_Q_0.665000,0.665,9.975000000000001,15.0,19.950000000000003,13.111464919440783,19.716488600662828,26.222929838881566,309.3528466952007,0.0001999600079984003,0.0001999600079984003,0.1236015513957497,0.13541189936824233,0.0864641897057104,True,True
0.75,dense_Q_0.660000,0.66,9.9,15.0,19.8,13.012882476437468,19.716488600662828,26.025764952874937,307.4904993486334,0.0001999600079984003,0.0001999600079984003,0.11930830396411476,0.13431223983860324,0.08979493523536286,True,True
0.75,dense_Q_0.655000,0.655,9.825000000000001,15.0,19.650000000000002,12.914300033434154,19.716488600662828,25.828600066868308,306.8613103695202,0.0001999600079984003,0.0001999600079984003,0.11283375370739461,0.13260555257897405,0.09440191503152735,True,True
0.75,low_bw_empirical,0.65,9.75,15.0,19.5,12.815717590430838,19.716488600662828,25.631435180861676,306.2506428880688,0.0001999600079984003,0.0001999600079984003,0.1047990214562443,0.1304384253461089,0.09944531772016402,True,True
0.75,dense_Q_0.645000,0.645,9.675,15.0,19.35,12.717135147427525,19.716488600662828,25.43427029485505,304.2879673050734,0.0001999600079984003,0.0001999600079984003,0.10056967916925261,0.12926101031035475,0.1000323822746508,True,True
0.75,dense_Q_0.640000,0.64,9.6,15.0,19.2,12.61855270442421,19.716488600662828,25.23710540884842,299.8680880759357,0.0001999600079984003,0.0001999600079984003,0.10044608265998253,0.128187390925335,0.10373731648906734,True,True
0.75,dense_Q_0.635000,0.635,9.525,15.0,19.05,12.519970261420898,19.716488600662828,25.039940522841796,292.5677738614427,0.0001999600079984003,0.0001999600079984003,0.09904760263593551,0.12764376890098889,0.1023041121465724,True,True
0.75,quark_like,0.63026,9.4539,15.0,18.9078,12.426514105453755,19.716488600662828,24.85302821090751,284.47053307594274,0.0001999600079984003,0.0001999600079984003,0.0962911221960937,0.12737971463956838,0.0998544361078517,True,True
0.75,dense_Q_0.630000,0.63,9.45,15.0,18.9,12.421387818417582,19.716488600662828,24.842775636835164,284.0281521499321,0.0001999600079984003,0.0001999600079984003,0.09615250005154682,0.12737704698959373,0.09970342459956001,True,True
0.75,dense_Q_0.625000,0.625,9.375,15.0,18.75,12.322805375414267,19.716488600662828,24.645610750828535,276.2765236658388,0.0001999600079984003,0.0001999600079984003,0.09368400558345778,0.12747004631469153,0.09699365520399111,True,True
0.75,dense_Q_0.620000,0.62,9.3,15.0,18.6,12.224222932410955,19.716488600662828,24.44844586482191,271.01287831928335,0.0001999600079984003,0.0001999600079984003,0.09146174635942145,0.1275530182189452,0.09563868104851221,True,True
0.75,dense_Q_0.615000,0.615,9.225,15.0,18.45,12.12564048940764,19.716488600662828,24.25128097881528,268.8136273104483,0.0001999600079984003,0.0001999600079984003,0.08930242479072795,0.12734495845575322,0.09626666154883337,True,True
0.75,dense_Q_0.610000,0.61,9.15,15.0,18.3,12.027058046404328,19.716488600662828,24.054116092808655,269.2208111777484,0.0001999600079984003,0.0001999600079984003,0.08716327831293691,0.12689054667634958,0.09848955674139255,True,True
0.75,dense_Q_0.605000,0.605,9.075,15.0,18.15,11.928475603401012,19.716488600662828,23.856951206802023,271.47928858328555,0.0001999600079984003,0.0001999600079984003,0.08515077520226572,0.12649192474817705,0.10168589070466545,True,True
0.75,dense_Q_0.600000,0.6,9.0,15.0,18.0,11.829893160397697,19.716488600662828,23.659786320795394,274.63369143889827,0.0001999600079984003,0.0001999600079984003,0.08345939745893612,0.12659078999991763,0.10436984578724873,True,True
0.75,dense_Q_0.595000,0.595,8.924999999999999,15.0,17.849999999999998,11.731310717394381,19.716488600662828,23.462621434788762,277.0531000605906,0.0001999600079984003,0.0001999600079984003,0.08244535792921731,0.1277696442290732,0.10202653569936841,True,True
0.75,dense_Q_0.590000,0.59,8.85,15.0,17.7,11.632728274391068,19.716488600662828,23.265456548782137,278.33082279642576,0.0001999600079984003,0.0001999600079984003,0.08002980336628238,0.12844000006522538,0.10992199680449204,True,True
0.75,dense_Q_0.585000,0.585,8.774999999999999,15.0,17.549999999999997,11.534145831387754,19.716488600662828,23.068291662775508,276.84559004298285,0.0001999600079984003,0.0001999600079984003,0.0782838646513019,0.12993057858475174,0.11034189958604838,True,True
0.75,dense_Q_0.580000,0.58,8.7,15.0,17.4,11.43556338838444,19.716488600662828,22.87112677676888,271.7903687605674,0.0001999600079984003,0.0001999600079984003,0.07765947609451855,0.13160559359216745,0.10000004951753495,True,True
0.75,dense_Q_0.575000,0.575,8.625,15.0,17.25,11.336980945381127,19.716488600662828,22.673961890762254,265.28145512524384,0.0001999600079984003,0.0001999600079984003,0.07556606139660987,0.13280788858588438,0.1058687969364449,True,True
0.75,dense_Q_0.570000,0.57,8.549999999999999,15.0,17.099999999999998,11.23839850237781,19.716488600662828,22.47679700475562,257.14417175282233,0.0001999600079984003,0.0001999600079984003,0.07488644807846363,0.1344745354080807,0.1017249777892885,True,True
0.75,dense_Q_0.565000,0.565,8.475,15.0,16.95,11.139816059374498,19.716488600662828,22.279632118748996,250.54248599580797,0.0001999600079984003,0.0001999600079984003,0.07462546034414408,0.13681800262240718,0.09827798988040616,True,True
0.75,dense_Q_0.560000,0.56,8.4,15.0,16.8,11.041233616371185,19.716488600662828,22.08246723274237,247.96301762814687,0.0001999600079984003,0.0001999600079984003,0.0748178110235813,0.14012114810442483,0.09734712804642012,True,True
0.75,dense_Q_0.555000,0.555,8.325000000000001,15.0,16.650000000000002,10.94265117336787,19.716488600662828,21.88530234673574,250.8028693569122,0.0001999600079984003,0.0001999600079984003,0.07545884533990083,0.14142135623730953,0.09940351031078605,True,True
0.75,dense_Q_0.550000,0.55,8.25,15.0,16.5,10.844068730364556,19.716488600662828,21.688137460729113,258.22739244794593,0.0001999600079984003,0.0001999600079984003,0.07672978686564882,0.13928552676966408,0.1004484314910987,True,True
0.75,spin1_Qhalf,0.5,7.5,15.0,15.0,9.858244300331414,19.716488600662828,19.716488600662828,197.9021035873418,0.0001999600079984003,0.0001999600079984003,0.10616546095590863,0.06266580072223484,0.06266580072223484,False,True
0.75,spin32_Q4over9,0.4444444444444444,6.666666666666666,15.0,13.333333333333332,8.762883822516812,19.716488600662828,17.525767645033625,389.7253883236699,0.0001999600079984003,0.0001999600079984003,0.10236703614328622,0.11819143343875137,0.10151406404141658,True,True
0.75,neutrino_like_Qthird,0.3333333333333333,5.0,15.0,10.0,6.57216286688761,19.716488600662828,13.14432573377522,335.132479634161,0.0001999600079984003,0.0001999600079984003,0.11851572842679466,0.1314975695365307,0.12808023436926658,True,True
1.0,threshold_Q1,1.0,15.0,15.0,30.0,19.716488600662828,19.716488600662828,39.432977201325656,156.95574144134844,0.0001999600079984003,0.0001999600079984003,0.07246695364214319,0.07246692815882926,0.027015780398978513,False,True
1.0,near_075,0.75,11.25,15.0,22.5,14.787366450497123,19.716488600662828,29.574732900994245,400.3290868425172,0.0001999600079984003,0.0001999600079984003,0.12219867531614735,0.13546550329139573,0.07352497428277506,True,True
1.0,dense_Q_0.745000,0.745,11.175,15.0,22.35,14.688784007493808,19.716488600662828,29.377568014987617,415.4543347972083,0.0001999600079984003,0.0001999600079984003,0.14142135623730953,0.1378004303172592,0.0699608937612585,True,True
1.0,dense_Q_0.740000,0.74,11.1,15.0,22.2,14.590201564490492,19.716488600662828,29.180403128980984,416.98588574531095,0.0001999600079984003,0.0001999600079984003,0.14142135623730953,0.1405094046885094,0.06245693696096463,True,True
1.0,dense_Q_0.735000,0.735,11.025,15.0,22.05,14.49161912148718,19.716488600662828,28.98323824297436,401.2337908990819,0.0001999600079984003,0.0001999600079984003,0.1343087862900661,0.1407343051224737,0.05905370990901426,True,True
1.0,dense_Q_0.730000,0.73,10.95,15.0,21.9,14.393036678483863,19.716488600662828,28.786073356967727,385.13272704859514,0.0001999600079984003,0.0001999600079984003,0.11246884209093912,0.13673442181158701,0.06362563014153605,True,True
1.0,dense_Q_0.725000,0.725,10.875,15.0,21.75,14.29445423548055,19.716488600662828,28.5889084709611,377.4195730374163,0.0001999600079984003,0.0001999600079984003,0.10061926219391731,0.13338429989606107,0.06987296187811962,True,True
1.0,dense_Q_0.720000,0.72,10.799999999999999,15.0,21.599999999999998,14.195871792477238,19.716488600662828,28.391743584954476,379.6792963708781,0.0001999600079984003,0.0001999600079984003,0.10461087236347293,0.13143385362292898,0.07583415382293354,True,True
1.0,dense_Q_0.715000,0.715,10.725,15.0,21.45,14.097289349473924,19.716488600662828,28.194578698947847,390.3798708349527,0.0001999600079984003,0.0001999600079984003,0.12324309510843819,0.1314205845532299,0.08016775219517719,True,True
1.0,dense_Q_0.710000,0.71,10.649999999999999,15.0,21.299999999999997,13.998706906470607,19.716488600662828,27.997413812941215,403.2928301792613,0.0001999600079984003,0.0001999600079984003,0.14142135623730953,0.133350874695081,0.08019905429644235,True,True
1.0,dense_Q_0.705000,0.705,10.575,15.0,21.15,13.900124463467295,19.716488600662828,27.80024892693459,403.07551556731414,0.0001999600079984003,0.0001999600079984003,0.14142135623730953,0.13504274265551677,0.07527989885216022,True,True
1.0,dense_Q_0.700000,0.7,10.5,15.0,21.0,13.801542020463982,19.716488600662828,27.603084040927964,390.98389259857777,0.0001999600079984003,0.0001999600079984003,0.1279390541977053,0.1330777465048864,0.07591940106886436,True,True
1.0,dense_Q_0.695000,0.695,10.424999999999999,15.0,20.849999999999998,13.702959577460666,19.716488600662828,27.40591915492133,380.8923731566042,0.0001999600079984003,0.0001999600079984003,0.11094813168648096,0.12992028082837653,0.08091897472578664,True,True
1.0,dense_Q_0.690000,0.69,10.35,15.0,20.7,13.604377134457351,19.716488600662828,27.208754268914703,375.54006780568125,0.0001999600079984003,0.0001999600079984003,0.10115417318157181,0.12777967108049332,0.08646350067514272,True,True
1.0,dense_Q_0.685000,0.685,10.275,15.0,20.55,13.505794691454039,19.716488600662828,27.011589382908078,374.8956188028551,0.0001999600079984003,0.0001999600079984003,0.10162726106599332,0.12708039427498405,0.09095386573505566,True,True
1.0,dense_Q_0.680000,0.68,10.200000000000001,15.0,20.400000000000002,13.407212248450726,19.716488600662828,26.814424496901452,377.23892809958306,0.0001999600079984003,0.0001999600079984003,0.11192251928543764,0.12800737364497716,0.09331360827424641,True,True
1.0,dense_Q_0.675000,0.675,10.125,15.0,20.25,13.30862980544741,19.716488600662828,26.61725961089482,379.38733284062937,0.0001999600079984003,0.0001999600079984003,0.12690962603860187,0.13028346905317223,0.09318140738232954,True,True
1.0,dense_Q_0.670000,0.67,10.05,15.0,20.1,13.210047362444095,19.716488600662828,26.42009472488819,377.637114649365,0.0001999600079984003,0.0001999600079984003,0.1404006725673013,0.13296571227381396,0.09131610194128692,True,True
1.0,koide_lepton,0.6666666666666666,10.0,15.0,20.0,13.14432573377522,19.716488600662828,26.28865146755044,373.077171046471,0.0001999600079984003,0.0001999600079984003,0.13595411505586577,0.1326216068906595,0.09094541951333819,True,True
1.0,dense_Q_0.665000,0.665,9.975000000000001,15.0,19.950000000000003,13.111464919440783,19.716488600662828,26.222929838881566,370.58233738695935,0.0001999600079984003,0.0001999600079984003,0.1308692315067616,0.13182274335957142,0.09181582654295671,True,True
1.0,dense_Q_0.660000,0.66,9.9,15.0,19.8,13.012882476437468,19.716488600662828,26.025764952874937,364.1535682890751,0.0001999600079984003,0.0001999600079984003,0.11700470461626225,0.1293663836349243,0.0961470509859587,True,True
1.0,dense_Q_0.655000,0.655,9.825000000000001,15.0,19.650000000000002,12.914300033434154,19.716488600662828,25.828600066868308,360.2682686086039,0.0001999600079984003,0.0001999600079984003,0.10631980115861085,0.12715356619303808,0.10218691422585657,True,True
1.0,low_bw_empirical,0.65,9.75,15.0,19.5,12.815717590430838,19.716488600662828,25.631435180861676,358.59621300550157,0.0001999600079984003,0.0001999600079984003,0.10060104351682363,0.12551642918424083,0.1084256418997955,True,True
1.0,dense_Q_0.645000,0.645,9.675,15.0,19.35,12.717135147427525,19.716488600662828,25.43427029485505,355.8397593148409,0.0001999600079984003,0.0001999600079984003,0.10064651342602196,0.12615236061200105,0.1002110976834952,True,True
1.0,dense_Q_0.640000,0.64,9.6,15.0,19.2,12.61855270442421,19.716488600662828,25.23710540884842,352.3783966471626,0.0001999600079984003,0.0001999600079984003,0.10530421466776599,0.1254055213046953,0.10870328316961406,True,True
1.0,dense_Q_0.635000,0.635,9.525,15.0,19.05,12.519970261420898,19.716488600662828,25.039940522841796,344.20200425686335,0.0001999600079984003,0.0001999600079984003,0.10589775351223461,0.12448020363666071,0.11330507325654147,True,True
1.0,quark_like,0.63026,9.4539,15.0,18.9078,12.426514105453755,19.716488600662828,24.85302821090751,334.30739341981666,0.0001999600079984003,0.0001999600079984003,0.10240384971285296,0.12493804555860134,0.10437904598266345,True,True
1.0,dense_Q_0.630000,0.63,9.45,15.0,18.9,12.421387818417582,19.716488600662828,24.842775636835164,333.7159094591075,0.0001999600079984003,0.0001999600079984003,0.10222693169444662,0.12500536256863462,0.10361713339464247,True,True
1.0,dense_Q_0.625000,0.625,9.375,15.0,18.75,12.322805375414267,19.716488600662828,24.645610750828535,324.60859627670084,0.0001999600079984003,0.0001999600079984003,0.09781259752659065,0.1246752488405515,0.10362019584545387,True,True
1.0,dense_Q_0.620000,0.62,9.3,15.0,18.6,12.224222932410955,19.716488600662828,24.44844586482191,318.15031622528613,0.0001999600079984003,0.0001999600079984003,0.0937453621532602,0.12384186009907747,0.10878970760606926,True,True
1.0,dense_Q_0.615000,0.615,9.225,15.0,18.45,12.12564048940764,19.716488600662828,24.25128097881528,314.63046538765434,0.0001999600079984003,0.0001999600079984003,0.09063391338529478,0.1239975537341072,0.10469750271724577,True,True
1.0,dense_Q_0.610000,0.61,9.15,15.0,18.3,12.027058046404328,19.716488600662828,24.054116092808655,314.00605518107795,0.0001999600079984003,0.0001999600079984003,0.08742001780206612,0.1238834147909483,0.10314623254146518,True,True
1.0,dense_Q_0.605000,0.605,9.075,15.0,18.15,11.928475603401012,19.716488600662828,23.856951206802023,317.05201420917774,0.0001999600079984003,0.0001999600079984003,0.08355701810524958,0.12228531127264504,0.1163174057016209,True,True
1.0,dense_Q_0.600000,0.6,9.0,15.0,18.0,11.829893160397697,19.716488600662828,23.659786320795394,319.686610056546,0.0001999600079984003,0.0001999600079984003,0.08185956530717775,0.12314802429230282,0.10814034517895213,True,True
1.0,dense_Q_0.595000,0.595,8.924999999999999,15.0,17.849999999999998,11.731310717394381,19.716488600662828,23.462621434788762,320.8331546537597,0.0001999600079984003,0.0001999600079984003,0.08025860011452059,0.12474697925955101,0.10125929194131301,True,True
1.0,dense_Q_0.590000,0.59,8.85,15.0,17.7,11.632728274391068,19.716488600662828,23.265456548782137,326.7135686062031,0.0001999600079984003,0.0001999600079984003,0.0765959304478271,0.12445735043851994,0.1223359820979794,True,True
1.0,dense_Q_0.585000,0.585,8.774999999999999,15.0,17.549999999999997,11.534145831387754,19.716488600662828,23.068291662775508,325.4479890047364,0.0001999600079984003,0.0001999600079984003,0.07451640048747772,0.12575252787965535,0.11832005152975644,True,True
1.0,dense_Q_0.580000,0.58,8.7,15.0,17.4,11.43556338838444,19.716488600662828,22.87112677676888,317.0512469239177,0.0001999600079984003,0.0001999600079984003,0.07404896130378488,0.12778693126728896,0.10023920541513026,True,True
1.0,dense_Q_0.575000,0.575,8.625,15.0,17.25,11.336980945381127,19.716488600662828,22.673961890762254,313.92266255179857,0.0001999600079984003,0.0001999600079984003,0.07123632928819228,0.12912084836869972,0.11173645027943521,True,True
1.0,dense_Q_0.570000,0.57,8.549999999999999,15.0,17.099999999999998,11.23839850237781,19.716488600662828,22.47679700475562,306.9361212164324,0.0001999600079984003,0.0001999600079984003,0.06926341560704202,0.13079320371116257,0.12068255684784263,True,True
1.0,dense_Q_0.565000,0.565,8.475,15.0,16.95,11.139816059374498,19.716488600662828,22.279632118748996,298.1708949888184,0.0001999600079984003,0.0001999600079984003,0.07046714347272202,0.13280484170479054,0.10179778528107206,True,True
1.0,dense_Q_0.560000,0.56,8.4,15.0,16.8,11.041233616371185,19.716488600662828,22.08246723274237,297.2012534096034,0.0001999600079984003,0.0001999600079984003,0.07038011034759667,0.13718181539138183,0.10829492953718378,True,True
1.0,dense_Q_0.555000,0.555,8.325000000000001,15.0,16.650000000000002,10.94265117336787,19.716488600662828,21.88530234673574,302.1579738669843,0.0001999600079984003,0.0001999600079984003,0.0707147561493775,0.14142135623730953,0.11968407239557832,True,True
1.0,dense_Q_0.550000,0.55,8.25,15.0,16.5,10.844068730364556,19.716488600662828,21.688137460729113,308.33411837347853,0.0001999600079984003,0.0001999600079984003,0.07393094532387055,0.14142135623730953,0.10218885020726003,True,True
1.0,spin1_Qhalf,0.5,7.5,15.0,15.0,9.858244300331414,19.716488600662828,19.716488600662828,232.21893557620479,0.0001999600079984003,0.0001999600079984003,0.11251459953073784,0.06882887281380365,0.06882893093766924,True,True
1.0,spin32_Q4over9,0.4444444444444444,6.666666666666666,15.0,13.333333333333332,8.762883822516812,19.716488600662828,17.525767645033625,457.4416529560142,0.0001999600079984003,0.0001999600079984003,0.10054184725686931,0.11492081220940316,0.10030153106026328,True,True
1.0,neutrino_like_Qthird,0.3333333333333333,5.0,15.0,10.0,6.57216286688761,19.716488600662828,13.14432573377522,396.3320119273253,0.0001999600079984003,0.0001999600079984003,0.10813389228871727,0.14142135623730953,0.14142135623730953,True,True
1.25,threshold_Q1,1.0,15.0,15.0,30.0,19.716488600662828,19.716488600662828,39.432977201325656,178.41946495035472,0.0001999600079984003,0.0001999600079984003,0.07706806290768582,0.07706806290768582,0.02558395127745998,True,True
1.25,near_075,0.75,11.25,15.0,22.5,14.787366450497123,19.716488600662828,29.574732900994245,428.0772022907022,0.0001999600079984003,0.0001999600079984003,0.13161973133698976,0.13185805228316128,0.07392519624389658,True,True
1.25,dense_Q_0.745000,0.745,11.175,15.0,22.35,14.688784007493808,19.716488600662828,29.377568014987617,441.9540285118064,0.0001999600079984003,0.0001999600079984003,0.14142135623730953,0.13462639248916541,0.06772710405638978,True,True
1.25,dense_Q_0.740000,0.74,11.1,15.0,22.2,14.590201564490492,19.716488600662828,29.180403128980984,436.45021028647557,0.0001999600079984003,0.0001999600079984003,0.14142135623730953,0.13723606584957426,0.0602645833382783,True,True
1.25,dense_Q_0.735000,0.735,11.025,15.0,22.05,14.49161912148718,19.716488600662828,28.98323824297436,416.02195605345537,0.0001999600079984003,0.0001999600079984003,0.12621889404193146,0.13583058826976246,0.05900222936291112,True,True
1.25,dense_Q_0.730000,0.73,10.95,15.0,21.9,14.393036678483863,19.716488600662828,28.786073356967727,401.47391314903234,0.0001999600079984003,0.0001999600079984003,0.106326906866971,0.1320890698303877,0.06427458479169058,True,True
1.25,dense_Q_0.725000,0.725,10.875,15.0,21.75,14.29445423548055,19.716488600662828,28.5889084709611,397.9668042835897,0.0001999600079984003,0.0001999600079984003,0.10021721032816414,0.12916466103049884,0.07102568730550621,True,True
1.25,dense_Q_0.720000,0.72,10.799999999999999,15.0,21.599999999999998,14.195871792477238,19.716488600662828,28.391743584954476,405.82459355855553,0.0001999600079984003,0.0001999600079984003,0.11192411601806428,0.12774097807044946,0.0773324404476596,True,True
1.25,dense_Q_0.715000,0.715,10.725,15.0,21.45,14.097289349473924,19.716488600662828,28.194578698947847,421.41496683435685,0.0001999600079984003,0.0001999600079984003,0.13611612905208242,0.12827679606183418,0.08182439278989459,True,True
1.25,dense_Q_0.710000,0.71,10.649999999999999,15.0,21.299999999999997,13.998706906470607,19.716488600662828,27.997413812941215,431.5188891236828,0.0001999600079984003,0.0001999600079984003,0.14142135623730953,0.13049781212619876,0.07852658678075902,True,True
1.25,dense_Q_0.705000,0.705,10.575,15.0,21.15,13.900124463467295,19.716488600662828,27.80024892693459,422.96478059222864,0.0001999600079984003,0.0001999600079984003,0.14062688550547478,0.1318919060969969,0.0742732141341233,True,True
1.25,dense_Q_0.700000,0.7,10.5,15.0,21.0,13.801542020463982,19.716488600662828,27.603084040927964,408.19359475343185,0.0001999600079984003,0.0001999600079984003,0.11947467149445394,0.1285310211699316,0.07784675826713679,True,True
1.25,dense_Q_0.695000,0.695,10.424999999999999,15.0,20.849999999999998,13.702959577460666,19.716488600662828,27.40591915492133,398.85090921720894,0.0001999600079984003,0.0001999600079984003,0.10466733398112502,0.12571629751591393,0.08361617589054668,True,True
1.25,dense_Q_0.690000,0.69,10.35,15.0,20.7,13.604377134457351,19.716488600662828,27.208754268914703,396.0783508534937,0.0001999600079984003,0.0001999600079984003,0.10008871163376785,0.12406875124521007,0.08961611302400994,True,True
1.25,dense_Q_0.685000,0.685,10.275,15.0,20.55,13.505794691454039,19.716488600662828,27.011589382908078,398.5524734292578,0.0001999600079984003,0.0001999600079984003,0.10734684002413032,0.1239357967304475,0.0943019369502462,True,True
1.25,dense_Q_0.680000,0.68,10.200000000000001,15.0,20.400000000000002,13.407212248450726,19.716488600662828,26.814424496901452,402.7465656083648,0.0001999600079984003,0.0001999600079984003,0.12277862609150425,0.1254092274640727,0.09660883762566123,True,True
1.25,dense_Q_0.675000,0.675,10.125,15.0,20.25,13.30862980544741,19.716488600662828,26.61725961089482,403.64738215769876,0.0001999600079984003,0.0001999600079984003,0.13953821304012626,0.128069368752449,0.09609940987397307,True,True
1.25,dense_Q_0.670000,0.67,10.05,15.0,20.1,13.210047362444095,19.716488600662828,26.42009472488819,395.759049384244,0.0001999600079984003,0.0001999600079984003,0.13746181148092396,0.12916531198489667,0.09326250101767063,True,True
1.25,koide_lepton,0.6666666666666666,10.0,15.0,20.0,13.14432573377522,19.716488600662828,26.28865146755044,388.39939635219594,0.0001999600079984003,0.0001999600079984003,0.12637033074991655,0.12777101661403492,0.09455582760591559,True,True
1.25,dense_Q_0.665000,0.665,9.975000000000001,15.0,19.950000000000003,13.111464919440783,19.716488600662828,26.222929838881566,385.11084521703356,0.0001999600079984003,0.0001999600079984003,0.121299503967392,0.1270487234517557,0.0956927051454458,True,True
1.25,dense_Q_0.660000,0.66,9.9,15.0,19.8,13.012882476437468,19.716488600662828,26.025764952874937,377.75073444015857,0.0001999600079984003,0.0001999600079984003,0.10868352085524285,0.1250448169291892,0.10030842401049105,True,True
1.25,dense_Q_0.655000,0.655,9.825000000000001,15.0,19.650000000000002,12.914300033434154,19.716488600662828,25.828600066868308,374.6032082194122,0.0001999600079984003,0.0001999600079984003,0.10128461501157146,0.12338619938146674,0.10721798564546443,True,True
1.25,low_bw_empirical,0.65,9.75,15.0,19.5,12.815717590430838,19.716488600662828,25.631435180861676,374.32323792147236,0.0001999600079984003,0.0001999600079984003,0.10046621325250048,0.12243727318108284,0.11378256812134104,True,True
1.25,dense_Q_0.645000,0.645,9.675,15.0,19.35,12.717135147427525,19.716488600662828,25.43427029485505,371.12320576991624,0.0001999600079984003,0.0001999600079984003,0.10447906754819454,0.12409887787291206,0.10056506584570303,True,True
1.25,dense_Q_0.640000,0.64,9.6,15.0,19.2,12.61855270442421,19.716488600662828,25.23710540884842,366.9409511775316,0.0001999600079984003,0.0001999600079984003,0.10707936572012244,0.12335022219465093,0.10829962784904493,True,True
1.25,dense_Q_0.635000,0.635,9.525,15.0,19.05,12.519970261420898,19.716488600662828,25.039940522841796,359.3749279627766,0.0001999600079984003,0.0001999600079984003,0.10134692814299175,0.12101574116468006,0.12046090670124224,True,True
1.25,quark_like,0.63026,9.4539,15.0,18.9078,12.426514105453755,19.716488600662828,24.85302821090751,348.31449346256863,0.0001999600079984003,0.0001999600079984003,0.09691169551266171,0.12206615142006641,0.10565084824316853,True,True
1.25,dense_Q_0.630000,0.63,9.45,15.0,18.9,12.421387818417582,19.716488600662828,24.842775636835164,347.62597371476227,0.0001999600079984003,0.0001999600079984003,0.09664254289901396,0.12214258802913656,0.1047387779820039,True,True
1.25,dense_Q_0.625000,0.625,9.375,15.0,18.75,12.322805375414267,19.716488600662828,24.645610750828535,338.2033117352544,0.0001999600079984003,0.0001999600079984003,0.090624732693209,0.12191912794426768,0.1035252849389448,True,True
1.25,dense_Q_0.620000,0.62,9.3,15.0,18.6,12.224222932410955,19.716488600662828,24.44844586482191,332.89414368609323,0.0001999600079984003,0.0001999600079984003,0.08516539851309747,0.1201334797285074,0.11740408483801738,True,True
1.25,dense_Q_0.615000,0.615,9.225,15.0,18.45,12.12564048940764,19.716488600662828,24.25128097881528,328.50492130212615,0.0001999600079984003,0.0001999600079984003,0.08123872648788796,0.1208714675413996,0.10628737825516488,True,True
1.25,dense_Q_0.610000,0.61,9.15,15.0,18.3,12.027058046404328,19.716488600662828,24.054116092808655,327.51878987868577,0.0001999600079984003,0.0001999600079984003,0.07660662318868877,0.120908292537451,0.10297921458249487,True,True
1.25,dense_Q_0.605000,0.605,9.075,15.0,18.15,11.928475603401012,19.716488600662828,23.856951206802023,333.8001766896555,0.0001999600079984003,0.0001999600079984003,0.07143053371364716,0.11836518019076221,0.12625668828101747,True,True
1.25,dense_Q_0.600000,0.6,9.0,15.0,18.0,11.829893160397697,19.716488600662828,23.659786320795394,335.74620576742404,0.0001999600079984003,0.0001999600079984003,0.06940590674519191,0.11971949291684283,0.11064157278488394,True,True
1.25,dense_Q_0.595000,0.595,8.924999999999999,15.0,17.849999999999998,11.731310717394381,19.716488600662828,23.462621434788762,336.26091733510657,0.0001999600079984003,0.0001999600079984003,0.0669711291266717,0.12157998473871313,0.10107682425789641,True,True
1.25,dense_Q_0.590000,0.59,8.85,15.0,17.7,11.632728274391068,19.716488600662828,23.265456548782137,347.10989289911527,0.0001999600079984003,0.0001999600079984003,0.06299719760118581,0.12137015468379757,0.12489695146976162,True,True
1.25,dense_Q_0.585000,0.585,8.774999999999999,15.0,17.549999999999997,11.534145831387754,19.716488600662828,23.068291662775508,347.1077225627564,0.0001999600079984003,0.0001999600079984003,0.06111797749887345,0.12211141742227577,0.12255021297499044,True,True
1.25,dense_Q_0.580000,0.58,8.7,15.0,17.4,11.43556338838444,19.716488600662828,22.87112677676888,336.3704725807097,0.0001999600079984003,0.0001999600079984003,0.06047711491127316,0.1244906049356938,0.10040507664958007,True,True
1.25,dense_Q_0.575000,0.575,8.625,15.0,17.25,11.336980945381127,19.716488600662828,22.673961890762254,336.7869659368398,0.0001999600079984003,0.0001999600079984003,0.058493619217447564,0.12611116621294916,0.11358232910394359,True,True
1.25,dense_Q_0.570000,0.57,8.549999999999999,15.0,17.099999999999998,11.23839850237781,19.716488600662828,22.47679700475562,334.06745677884373,0.0001999600079984003,0.0001999600079984003,0.05701440171647799,0.1275946227193754,0.13040636595300875,True,True
1.25,dense_Q_0.565000,0.565,8.475,15.0,16.95,11.139816059374498,19.716488600662828,22.279632118748996,322.128644602672,0.0001999600079984003,0.0001999600079984003,0.05868767668273066,0.12961087562138762,0.10240188453030644,True,True
1.25,dense_Q_0.560000,0.56,8.4,15.0,16.8,11.041233616371185,19.716488600662828,22.08246723274237,323.6260642354607,0.0001999600079984003,0.0001999600079984003,0.05951172222464352,0.13444235442103578,0.10969446243518309,True,True
1.25,dense_Q_0.555000,0.555,8.325000000000001,15.0,16.650000000000002,10.94265117336787,19.716488600662828,21.88530234673574,333.2040818827859,0.0001999600079984003,0.0001999600079984003,0.06042696760628651,0.14142135623730953,0.1314009067877872,True,True
1.25,dense_Q_0.550000,0.55,8.25,15.0,16.5,10.844068730364556,19.716488600662828,21.688137460729113,335.57806357930804,0.0001999600079984003,0.0001999600079984003,0.06428869256306594,0.14142135623730953,0.103236405356748,True,True
1.25,spin1_Qhalf,0.5,7.5,15.0,15.0,9.858244300331414,19.716488600662828,19.716488600662828,253.0637436166969,0.0001999600079984003,0.0001999600079984003,0.1111143450475636,0.07410423020284544,0.07410423020284544,True,True
1.25,spin32_Q4over9,0.4444444444444444,6.666666666666666,15.0,13.333333333333332,8.762883822516812,19.716488600662828,17.525767645033625,501.61246231762993,0.0001999600079984003,0.0001999600079984003,0.10027886834219457,0.11306729004482678,0.1000044558460237,True,True
1.25,neutrino_like_Qthird,0.3333333333333333,5.0,15.0,10.0,6.57216286688761,19.716488600662828,13.14432573377522,420.9366163904351,0.0001999600079984003,0.0001999600079984003,0.10140630050500239,0.14076712487882362,0.14142135623730953,True,True
1.5,threshold_Q1,1.0,15.0,15.0,30.0,19.716488600662828,19.716488600662828,39.432977201325656,199.248483413729,0.0001999600079984003,0.0001999600079984003,0.08152545839712969,0.08152545839712969,0.0261281741857951,True,True
1.5,near_075,0.75,11.25,15.0,22.5,14.787366450497123,19.716488600662828,29.574732900994245,445.3854960844494,0.0001999600079984003,0.0001999600079984003,0.1387631203548869,0.12989238088364352,0.07420411090620786,True,True
1.5,dense_Q_0.745000,0.745,11.175,15.0,22.35,14.688784007493808,19.716488600662828,29.377568014987617,454.84754927210133,0.0001999600079984003,0.0001999600079984003,0.14142135623730953,0.13288588981730934,0.06627596529172984,True,True
1.5,dense_Q_0.740000,0.74,11.1,15.0,22.2,14.590201564490492,19.716488600662828,29.180403128980984,442.89205096350565,0.0001999600079984003,0.0001999600079984003,0.14142135623730953,0.135368897068719,0.058768211676177955,True,True
1.5,dense_Q_0.735000,0.735,11.025,15.0,22.05,14.49161912148718,19.716488600662828,28.98323824297436,421.34239994371046,0.0001999600079984003,0.0001999600079984003,0.11908194239590843,0.13257980026522154,0.05911302842407065,True,True
1.5,dense_Q_0.730000,0.73,10.95,15.0,21.9,14.393036678483863,19.716488600662828,28.786073356967727,409.6008249623435,0.0001999600079984003,0.0001999600079984003,0.10248009042532291,0.1292002001408724,0.06461437548647873,True,True
1.5,dense_Q_0.725000,0.725,10.875,15.0,21.75,14.29445423548055,19.716488600662828,28.5889084709611,410.20931323684727,0.0001999600079984003,0.0001999600079984003,0.10223328821101134,0.12672651180818448,0.07162049670046929,True,True
1.5,dense_Q_0.720000,0.72,10.799999999999999,15.0,21.599999999999998,14.195871792477238,19.716488600662828,28.391743584954476,421.9969728026533,0.0001999600079984003,0.0001999600079984003,0.11936393142978698,0.12576225348410955,0.07817135486514727,True,True
1.5,dense_Q_0.715000,0.715,10.725,15.0,21.45,14.097289349473924,19.716488600662828,28.194578698947847,439.1277883481964,0.0001999600079984003,0.0001999600079984003,0.14142135623730953,0.12681733178678553,0.08158100635993763,True,True
1.5,dense_Q_0.710000,0.71,10.649999999999999,15.0,21.299999999999997,13.998706906470607,19.716488600662828,27.997413812941215,442.30127922199836,0.0001999600079984003,0.0001999600079984003,0.14142135623730953,0.12903149770102806,0.07726753533070096,True,True
1.5,dense_Q_0.705000,0.705,10.575,15.0,21.15,13.900124463467295,19.716488600662828,27.80024892693459,427.7398463290456,0.0001999600079984003,0.0001999600079984003,0.13155240769954848,0.12863320149998858,0.07552729850488167,True,True
1.5,dense_Q_0.700000,0.7,10.5,15.0,21.0,13.801542020463982,19.716488600662828,27.603084040927964,413.77581951265006,0.0001999600079984003,0.0001999600079984003,0.11192833493742144,0.12554541642256972,0.07973372530771997,True,True
1.5,dense_Q_0.695000,0.695,10.424999999999999,15.0,20.849999999999998,13.702959577460666,19.716488600662828,27.40591915492133,406.90603932647014,0.0001999600079984003,0.0001999600079984003,0.10104192097724886,0.12313956831976121,0.08593967193016484,True,True
1.5,dense_Q_0.690000,0.69,10.35,15.0,20.7,13.604377134457351,19.716488600662828,27.208754268914703,407.173519150145,0.0001999600079984003,0.0001999600079984003,0.10226210327349704,0.12196754475973075,0.09220432649832823,True,True
1.5,dense_Q_0.685000,0.685,10.275,15.0,20.55,13.505794691454039,19.716488600662828,27.011589382908078,411.76269858307114,0.0001999600079984003,0.0001999600079984003,0.11460002910664685,0.12231274697552977,0.09699690850866824,True,True
1.5,dense_Q_0.680000,0.68,10.200000000000001,15.0,20.400000000000002,13.407212248450726,19.716488600662828,26.814424496901452,415.50084681047497,0.0001999600079984003,0.0001999600079984003,0.13225734060689723,0.12415181242991057,0.0991478888611843,True,True
1.5,dense_Q_0.675000,0.675,10.125,15.0,20.25,13.30862980544741,19.716488600662828,26.61725961089482,411.72432983595513,0.0001999600079984003,0.0001999600079984003,0.14142135623730953,0.12667423469445693,0.09690874900107353,True,True
1.5,dense_Q_0.670000,0.67,10.05,15.0,20.1,13.210047362444095,19.716488600662828,26.42009472488819,398.7555293253963,0.0001999600079984003,0.0001999600079984003,0.12701147790995335,0.1257770544798451,0.09630141646265236,True,True
1.5,koide_lepton,0.6666666666666666,10.0,15.0,20.0,13.14432573377522,19.716488600662828,26.28865146755044,390.99368012641344,0.0001999600079984003,0.0001999600079984003,0.1166859582094882,0.12457810258246975,0.09795116223849612,True,True
1.5,dense_Q_0.665000,0.665,9.975000000000001,15.0,19.950000000000003,13.111464919440783,19.716488600662828,26.222929838881566,387.7907027807937,0.0001999600079984003,0.0001999600079984003,0.11226989636479094,0.12398728087888423,0.09923670822073756,True,True
1.5,dense_Q_0.660000,0.66,9.9,15.0,19.8,13.012882476437468,19.716488600662828,26.025764952874937,381.3567528753056,0.0001999600079984003,0.0001999600079984003,0.10295618103187545,0.12294243194882654,0.10011428382305765,True,True
1.5,dense_Q_0.655000,0.655,9.825000000000001,15.0,19.650000000000002,12.914300033434154,19.716488600662828,25.828600066868308,379.8793889325791,0.0001999600079984003,0.0001999600079984003,0.10003934367081878,0.12142567138530727,0.11126629710972309,True,True
1.5,low_bw_empirical,0.65,9.75,15.0,19.5,12.815717590430838,19.716488600662828,25.631435180861676,380.4425560039342,0.0001999600079984003,0.0001999600079984003,0.10370680068251457,0.1210542249965383,0.11784846836067842,True,True
1.5,dense_Q_0.645000,0.645,9.675,15.0,19.35,12.717135147427525,19.716488600662828,25.43427029485505,375.37312674620375,0.0001999600079984003,0.0001999600079984003,0.10762866421212422,0.12312351629987583,0.10111743736673712,True,True
1.5,dense_Q_0.640000,0.64,9.6,15.0,19.2,12.61855270442421,19.716488600662828,25.23710540884842,370.9353686154052,0.0001999600079984003,0.0001999600079984003,0.09964718188045703,0.12145703387712956,0.10804721178577388,True,True
1.5,dense_Q_0.635000,0.635,9.525,15.0,19.05,12.519970261420898,19.716488600662828,25.039940522841796,365.089252264841,0.0001999600079984003,0.0001999600079984003,0.09364823513386121,0.11872760369616567,0.12594303483945715,True,True
1.5,quark_like,0.63026,9.4539,15.0,18.9078,12.426514105453755,19.716488600662828,24.85302821090751,353.2143824057621,0.0001999600079984003,0.0001999600079984003,0.08812379116776688,0.12014377123118222,0.10684356576183426,True,True
1.5,dense_Q_0.630000,0.63,9.45,15.0,18.9,12.421387818417582,19.716488600662828,24.842775636835164,352.45993170889915,0.0001999600079984003,0.0001999600079984003,0.08776755824976541,0.12022601494194539,0.10580310535259031,True,True
1.5,dense_Q_0.625000,0.625,9.375,15.0,18.75,12.322805375414267,19.716488600662828,24.645610750828535,343.0106192278881,0.0001999600079984003,0.0001999600079984003,0.08033041466451055,0.12010901973026444,0.10336219978191544,True,True
1.5,dense_Q_0.620000,0.62,9.3,15.0,18.6,12.224222932410955,19.716488600662828,24.44844586482191,339.7336422113576,0.0001999600079984003,0.0001999600079984003,0.07420992500891292,0.11777093984462536,0.12374541996297095,True,True
1.5,dense_Q_0.615000,0.615,9.225,15.0,18.45,12.12564048940764,19.716488600662828,24.25128097881528,334.6945123430239,0.0001999600079984003,0.0001999600079984003,0.06930372423395374,0.11885193475900063,0.1076751443144976,True,True
1.5,dense_Q_0.610000,0.61,9.15,15.0,18.3,12.027058046404328,19.716488600662828,24.054116092808655,333.6645982122968,0.0001999600079984003,0.0001999600079984003,0.06331654114234385,0.11899757176920515,0.10280981173808224,True,True
1.5,dense_Q_0.605000,0.605,9.075,15.0,18.15,11.928475603401012,19.716488600662828,23.856951206802023,343.6439275161008,0.0001999600079984003,0.0001999600079984003,0.057604413468573784,0.1161745459038849,0.13104802629136317,True,True
1.5,dense_Q_0.600000,0.6,9.0,15.0,18.0,11.829893160397697,19.716488600662828,23.659786320795394,345.02823619767514,0.0001999600079984003,0.0001999600079984003,0.05508844131024267,0.11757336285672004,0.11261175122295229,True,True
1.5,dense_Q_0.595000,0.595,8.924999999999999,15.0,17.849999999999998,11.731310717394381,19.716488600662828,23.462621434788762,345.18601677027345,0.0001999600079984003,0.0001999600079984003,0.05171348523219737,0.11958534675389709,0.10096260430673545,True,True
1.5,dense_Q_0.590000,0.59,8.85,15.0,17.7,11.632728274391068,19.716488600662828,23.265456548782137,360.1137186491583,0.0001999600079984003,0.0001999600079984003,0.04750988049487206,0.11944961490309516,0.12686214582379024,True,True
1.5,dense_Q_0.585000,0.585,8.774999999999999,15.0,17.549999999999997,11.534145831387754,19.716488600662828,23.068291662775508,361.57027448188956,0.0001999600079984003,0.0001999600079984003,0.04593651867718174,0.11984305578603778,0.12554709647488183,True,True
1.5,dense_Q_0.580000,0.58,8.7,15.0,17.4,11.43556338838444,19.716488600662828,22.87112677676888,349.0050138278025,0.0001999600079984003,0.0001999600079984003,0.04494759427459121,0.12247226427982656,0.10049160698130377,True,True
1.5,dense_Q_0.575000,0.575,8.625,15.0,17.25,11.336980945381127,19.716488600662828,22.673961890762254,352.48383232453807,0.0001999600079984003,0.0001999600079984003,0.0429971243306435,0.12432615150604372,0.11539488441572433,True,True
1.5,dense_Q_0.570000,0.57,8.549999999999999,15.0,17.099999999999998,11.23839850237781,19.716488600662828,22.47679700475562,353.5719711075926,0.0001999600079984003,0.0001999600079984003,0.04204872114055547,0.12547008838766785,0.1340861237212628,True,True
1.5,dense_Q_0.565000,0.565,8.475,15.0,16.95,11.139816059374498,19.716488600662828,22.279632118748996,338.4737692896649,0.0001999600079984003,0.0001999600079984003,0.04386875448182694,0.12777922939134187,0.10264031112727585,True,True
1.5,dense_Q_0.560000,0.56,8.4,15.0,16.8,11.041233616371185,19.716488600662828,22.08246723274237,342.3141476054791,0.0001999600079984003,0.0001999600079984003,0.044898181850704356,0.13314388163948515,0.11147488331244658,True,True
1.5,dense_Q_0.555000,0.555,8.325000000000001,15.0,16.650000000000002,10.94265117336787,19.716488600662828,21.88530234673574,356.420666667997,0.0001999600079984003,0.0001999600079984003,0.04612644646316932,0.1403012764500929,0.13585817246608403,True,True
1.5,dense_Q_0.550000,0.55,8.25,15.0,16.5,10.844068730364556,19.716488600662828,21.688137460729113,354.35710508086186,0.0001999600079984003,0.0001999600079984003,0.050498534660363345,0.1403345498521015,0.10371338430928428,True,True
1.5,spin1_Qhalf,0.5,7.5,15.0,15.0,9.858244300331414,19.716488600662828,19.716488600662828,266.5563793440019,0.0001999600079984003,0.0001999600079984003,0.10605475490246516,0.07878028995008614,0.07878028995008614,True,True
1.5,spin32_Q4over9,0.4444444444444444,6.666666666666666,15.0,13.333333333333332,8.762883822516812,19.716488600662828,17.525767645033625,536.8493841814293,0.0001999600079984003,0.0001999600079984003,0.10052290311095341,0.1127909357926039,0.10005206231999023,True,True
1.5,neutrino_like_Qthird,0.3333333333333333,5.0,15.0,10.0,6.57216286688761,19.716488600662828,13.14432573377522,439.04863818270746,0.0001999600079984003,0.0001999600079984003,0.10002535044650947,0.1395245779019586,0.13774889443479285,True,True
