"analysis_id","stage","script","implementation","mode","data_source","root_group","tree","q2_source","B_mass_branch","Kst_mass_branch","q2_range","B_mass_window","Kst_mass_window","sideband_windows","active_intervals","veto_scheme","delta_ell_A","hist_coord","n_bins","kde_training","kde_bandwidth","nuisance_terms","k1_fixed","k2_tested","k_scan_range","n_scan_points","integer_n_range","Q_values","amplitude_bound","null_model","null_count","bootstrap_count","seed","confirmatory","output_path","timestamp","git_commit"
"S09D_LOCAL_SCAN","09d","09d_two_mode_kde_baseline_polar_cupy.py / two_mode_kde_polar.R","python+R","parity","event","00382466+00382467","B0_KstMuMu/DecayTree","muon_four_vectors","B0_M","Kst_892_0_M","[0.1,19.0]","[5230,5330]","[795.9,995.9]",NA,"[[0.1,8.0],[11.0,12.5],[14.5,19.0]]","JPSI[8,11];PSI2S[12.5,14.5]",4.78015033592368,"linear_q2",60,"event_level_outside_widened_vetoes","1.5","k1_fixed",7.61054,"scan[18,24]","[18,24]",601,NA,NA,"radial_A1A2<=0.10","local_scan_max_poisson",5000,NA,12345,"exploratory","outputs_logcos_poisson_twomode_kde_polar","2026-06-22T23:16:11Z","f194e7a"
"S09D_REF_K2","09d","09d / two_mode_kde_polar.R","python+R","parity","event","00382466+00382467","B0_KstMuMu/DecayTree","muon_four_vectors","B0_M","Kst_892_0_M","[0.1,19.0]","[5230,5330]","[795.9,995.9]",NA,"[[0.1,8.0],[11.0,12.5],[14.5,19.0]]","JPSI[8,11];PSI2S[12.5,14.5]",4.78015033592368,"linear_q2",60,"event_level_outside_widened_vetoes","1.5","k1_fixed",7.61054,"19.5296","fixed",1,NA,NA,"radial_A1A2<=0.10","fixed_reference_poisson",5000,NA,12345,"confirmatory","outputs_logcos_poisson_twomode_kde_polar","2026-06-22T23:16:11Z","f194e7a"
"S12_INTWIND_BW0.50","12","12_wct_integer_winding_scan.py / integer_winding_scan.R","python+R","parity","event","00382466+00382467","B0_KstMuMu/DecayTree","muon_four_vectors","B0_M","Kst_892_0_M","[0.1,19.0]","[5230,5330]","[795.9,995.9]",NA,"[[0.1,8.0],[11.0,12.5],[14.5,19.0]]","JPSI[8,11];PSI2S[12.5,14.5]",4.78015033592368,"linear_q2",60,"event_level","0.5","k1_fixed",7.61054,"integer_n","n[10,22]",13,"[10,22]",NA,"radial_A2<=0.10","integer_scan_max_poisson",5000,NA,12345,"exploratory","outputs_wct_integer_winding","2026-06-22T23:16:11Z","f194e7a"
"S12_INTWIND_BW0.75","12","12_wct_integer_winding_scan.py / integer_winding_scan.R","python+R","parity","event","00382466+00382467","B0_KstMuMu/DecayTree","muon_four_vectors","B0_M","Kst_892_0_M","[0.1,19.0]","[5230,5330]","[795.9,995.9]",NA,"[[0.1,8.0],[11.0,12.5],[14.5,19.0]]","JPSI[8,11];PSI2S[12.5,14.5]",4.78015033592368,"linear_q2",60,"event_level","0.75","k1_fixed",7.61054,"integer_n","n[10,22]",13,"[10,22]",NA,"radial_A2<=0.10","integer_scan_max_poisson",5000,NA,12345,"exploratory","outputs_wct_integer_winding","2026-06-22T23:16:11Z","f194e7a"
"S12_INTWIND_BW1.00","12","12_wct_integer_winding_scan.py / integer_winding_scan.R","python+R","parity","event","00382466+00382467","B0_KstMuMu/DecayTree","muon_four_vectors","B0_M","Kst_892_0_M","[0.1,19.0]","[5230,5330]","[795.9,995.9]",NA,"[[0.1,8.0],[11.0,12.5],[14.5,19.0]]","JPSI[8,11];PSI2S[12.5,14.5]",4.78015033592368,"linear_q2",60,"event_level","1","k1_fixed",7.61054,"integer_n","n[10,22]",13,"[10,22]",NA,"radial_A2<=0.10","integer_scan_max_poisson",5000,NA,12345,"exploratory","outputs_wct_integer_winding","2026-06-22T23:16:11Z","f194e7a"
"S12_INTWIND_BW1.25","12","12_wct_integer_winding_scan.py / integer_winding_scan.R","python+R","parity","event","00382466+00382467","B0_KstMuMu/DecayTree","muon_four_vectors","B0_M","Kst_892_0_M","[0.1,19.0]","[5230,5330]","[795.9,995.9]",NA,"[[0.1,8.0],[11.0,12.5],[14.5,19.0]]","JPSI[8,11];PSI2S[12.5,14.5]",4.78015033592368,"linear_q2",60,"event_level","1.25","k1_fixed",7.61054,"integer_n","n[10,22]",13,"[10,22]",NA,"radial_A2<=0.10","integer_scan_max_poisson",5000,NA,12345,"exploratory","outputs_wct_integer_winding","2026-06-22T23:16:11Z","f194e7a"
"S12_INTWIND_BW1.50","12","12_wct_integer_winding_scan.py / integer_winding_scan.R","python+R","parity","event","00382466+00382467","B0_KstMuMu/DecayTree","muon_four_vectors","B0_M","Kst_892_0_M","[0.1,19.0]","[5230,5330]","[795.9,995.9]",NA,"[[0.1,8.0],[11.0,12.5],[14.5,19.0]]","JPSI[8,11];PSI2S[12.5,14.5]",4.78015033592368,"linear_q2",60,"event_level","1.5","k1_fixed",7.61054,"integer_n","n[10,22]",13,"[10,22]",NA,"radial_A2<=0.10","integer_scan_max_poisson",5000,NA,12345,"exploratory","outputs_wct_integer_winding","2026-06-22T23:16:11Z","f194e7a"
"S13_COMB_PAR_BW0.50","13","13_wct_koide_trig_comb_scan_cupy.py / koide_comb_scan.R","python+R","parity","event","00382466+00382467","B0_KstMuMu/DecayTree","muon_four_vectors","B0_M","Kst_892_0_M","[0.1,19.0]","[5230,5330]","[795.9,995.9]",NA,"[[0.1,8.0],[11.0,12.5],[14.5,19.0]]","JPSI[8,11];PSI2S[12.5,14.5]",4.78015033592368,"log_q2",240,"hist_centers_repeated_by_counts","0.5","k1_fixed",7.61054,"comb_models","model_family",NA,NA,"{2/3,4/9,...}","coef_ab_in[-0.1,0.1]","model_scan_max_poisson",5000,NA,12345,"exploratory","outputs_wct_koide_comb","2026-06-22T23:16:11Z","f194e7a"
"S13_COMB_PAR_BW0.75","13","13_wct_koide_trig_comb_scan_cupy.py / koide_comb_scan.R","python+R","parity","event","00382466+00382467","B0_KstMuMu/DecayTree","muon_four_vectors","B0_M","Kst_892_0_M","[0.1,19.0]","[5230,5330]","[795.9,995.9]",NA,"[[0.1,8.0],[11.0,12.5],[14.5,19.0]]","JPSI[8,11];PSI2S[12.5,14.5]",4.78015033592368,"log_q2",240,"hist_centers_repeated_by_counts","0.75","k1_fixed",7.61054,"comb_models","model_family",NA,NA,"{2/3,4/9,...}","coef_ab_in[-0.1,0.1]","model_scan_max_poisson",5000,NA,12345,"exploratory","outputs_wct_koide_comb","2026-06-22T23:16:11Z","f194e7a"
"S13_COMB_PAR_BW1.00","13","13_wct_koide_trig_comb_scan_cupy.py / koide_comb_scan.R","python+R","parity","event","00382466+00382467","B0_KstMuMu/DecayTree","muon_four_vectors","B0_M","Kst_892_0_M","[0.1,19.0]","[5230,5330]","[795.9,995.9]",NA,"[[0.1,8.0],[11.0,12.5],[14.5,19.0]]","JPSI[8,11];PSI2S[12.5,14.5]",4.78015033592368,"log_q2",240,"hist_centers_repeated_by_counts","1","k1_fixed",7.61054,"comb_models","model_family",NA,NA,"{2/3,4/9,...}","coef_ab_in[-0.1,0.1]","model_scan_max_poisson",5000,NA,12345,"exploratory","outputs_wct_koide_comb","2026-06-22T23:16:11Z","f194e7a"
"S13_COMB_PAR_BW1.25","13","13_wct_koide_trig_comb_scan_cupy.py / koide_comb_scan.R","python+R","parity","event","00382466+00382467","B0_KstMuMu/DecayTree","muon_four_vectors","B0_M","Kst_892_0_M","[0.1,19.0]","[5230,5330]","[795.9,995.9]",NA,"[[0.1,8.0],[11.0,12.5],[14.5,19.0]]","JPSI[8,11];PSI2S[12.5,14.5]",4.78015033592368,"log_q2",240,"hist_centers_repeated_by_counts","1.25","k1_fixed",7.61054,"comb_models","model_family",NA,NA,"{2/3,4/9,...}","coef_ab_in[-0.1,0.1]","model_scan_max_poisson",5000,NA,12345,"exploratory","outputs_wct_koide_comb","2026-06-22T23:16:11Z","f194e7a"
"S13_COMB_PAR_BW1.50","13","13_wct_koide_trig_comb_scan_cupy.py / koide_comb_scan.R","python+R","parity","event","00382466+00382467","B0_KstMuMu/DecayTree","muon_four_vectors","B0_M","Kst_892_0_M","[0.1,19.0]","[5230,5330]","[795.9,995.9]",NA,"[[0.1,8.0],[11.0,12.5],[14.5,19.0]]","JPSI[8,11];PSI2S[12.5,14.5]",4.78015033592368,"log_q2",240,"hist_centers_repeated_by_counts","1.5","k1_fixed",7.61054,"comb_models","model_family",NA,NA,"{2/3,4/9,...}","coef_ab_in[-0.1,0.1]","model_scan_max_poisson",5000,NA,12345,"exploratory","outputs_wct_koide_comb","2026-06-22T23:16:11Z","f194e7a"
"S13_COMB_RAD_BW0.50","13","13_wct_koide_trig_comb_scan_cupy.py / koide_comb_scan.R","python+R","corrected_audit","event","00382466+00382467","B0_KstMuMu/DecayTree","muon_four_vectors","B0_M","Kst_892_0_M","[0.1,19.0]","[5230,5330]","[795.9,995.9]",NA,"[[0.1,8.0],[11.0,12.5],[14.5,19.0]]","JPSI[8,11];PSI2S[12.5,14.5]",4.78015033592368,"log_q2",240,"hist_centers_repeated_by_counts","0.5","k1_fixed",7.61054,"comb_models","model_family",NA,NA,"{2/3,4/9,...}","radial<=0.1","model_scan_max_poisson",5000,NA,12345,"exploratory","outputs_statistical_audit_r/comb_radial_corrected","2026-06-22T23:16:11Z","f194e7a"
"S13_COMB_RAD_BW0.75","13","13_wct_koide_trig_comb_scan_cupy.py / koide_comb_scan.R","python+R","corrected_audit","event","00382466+00382467","B0_KstMuMu/DecayTree","muon_four_vectors","B0_M","Kst_892_0_M","[0.1,19.0]","[5230,5330]","[795.9,995.9]",NA,"[[0.1,8.0],[11.0,12.5],[14.5,19.0]]","JPSI[8,11];PSI2S[12.5,14.5]",4.78015033592368,"log_q2",240,"hist_centers_repeated_by_counts","0.75","k1_fixed",7.61054,"comb_models","model_family",NA,NA,"{2/3,4/9,...}","radial<=0.1","model_scan_max_poisson",5000,NA,12345,"exploratory","outputs_statistical_audit_r/comb_radial_corrected","2026-06-22T23:16:11Z","f194e7a"
"S13_COMB_RAD_BW1.00","13","13_wct_koide_trig_comb_scan_cupy.py / koide_comb_scan.R","python+R","corrected_audit","event","00382466+00382467","B0_KstMuMu/DecayTree","muon_four_vectors","B0_M","Kst_892_0_M","[0.1,19.0]","[5230,5330]","[795.9,995.9]",NA,"[[0.1,8.0],[11.0,12.5],[14.5,19.0]]","JPSI[8,11];PSI2S[12.5,14.5]",4.78015033592368,"log_q2",240,"hist_centers_repeated_by_counts","1","k1_fixed",7.61054,"comb_models","model_family",NA,NA,"{2/3,4/9,...}","radial<=0.1","model_scan_max_poisson",5000,NA,12345,"exploratory","outputs_statistical_audit_r/comb_radial_corrected","2026-06-22T23:16:11Z","f194e7a"
"S13_COMB_RAD_BW1.25","13","13_wct_koide_trig_comb_scan_cupy.py / koide_comb_scan.R","python+R","corrected_audit","event","00382466+00382467","B0_KstMuMu/DecayTree","muon_four_vectors","B0_M","Kst_892_0_M","[0.1,19.0]","[5230,5330]","[795.9,995.9]",NA,"[[0.1,8.0],[11.0,12.5],[14.5,19.0]]","JPSI[8,11];PSI2S[12.5,14.5]",4.78015033592368,"log_q2",240,"hist_centers_repeated_by_counts","1.25","k1_fixed",7.61054,"comb_models","model_family",NA,NA,"{2/3,4/9,...}","radial<=0.1","model_scan_max_poisson",5000,NA,12345,"exploratory","outputs_statistical_audit_r/comb_radial_corrected","2026-06-22T23:16:11Z","f194e7a"
"S13_COMB_RAD_BW1.50","13","13_wct_koide_trig_comb_scan_cupy.py / koide_comb_scan.R","python+R","corrected_audit","event","00382466+00382467","B0_KstMuMu/DecayTree","muon_four_vectors","B0_M","Kst_892_0_M","[0.1,19.0]","[5230,5330]","[795.9,995.9]",NA,"[[0.1,8.0],[11.0,12.5],[14.5,19.0]]","JPSI[8,11];PSI2S[12.5,14.5]",4.78015033592368,"log_q2",240,"hist_centers_repeated_by_counts","1.5","k1_fixed",7.61054,"comb_models","model_family",NA,NA,"{2/3,4/9,...}","radial<=0.1","model_scan_max_poisson",5000,NA,12345,"exploratory","outputs_statistical_audit_r/comb_radial_corrected","2026-06-22T23:16:11Z","f194e7a"
"S16_WCTKoidesidebandQ2over3","16","16_wct_vs_smqft_likelihood_test_cupy.py / wct_vs_smooth_likelihood.R","python+R","parity","event","00382466+00382467","B0_KstMuMu/DecayTree","muon_four_vectors","B0_M","Kst_892_0_M","[0.1,19.0]","[5230,5330]","[795.9,995.9]",NA,"[[0.1,8.0],[11.0,12.5],[14.5,19.0]]","JPSI[8,11];PSI2S[12.5,14.5]",4.78015033592368,"log_q2",240,"hist_centers_repeated_by_counts","0.5..1.5","k1_fixed",7.61054,"WCT_Koide_sideband_Q_2over3","locked",1,NA,"WCT_Koide_sideband_Q_2over3","coef_bounds","smooth_empirical_bootstrap_H0",5000,NA,12345,"exploratory","outputs_wct_vs_smqft","2026-06-22T23:16:11Z","f194e7a"
"S16_WCTfoldedQ4over9","16","16_wct_vs_smqft_likelihood_test_cupy.py / wct_vs_smooth_likelihood.R","python+R","parity","event","00382466+00382467","B0_KstMuMu/DecayTree","muon_four_vectors","B0_M","Kst_892_0_M","[0.1,19.0]","[5230,5330]","[795.9,995.9]",NA,"[[0.1,8.0],[11.0,12.5],[14.5,19.0]]","JPSI[8,11];PSI2S[12.5,14.5]",4.78015033592368,"log_q2",240,"hist_centers_repeated_by_counts","0.5..1.5","k1_fixed",7.61054,"WCT_folded_Q_4over9","locked",1,NA,"WCT_folded_Q_4over9","coef_bounds","smooth_empirical_bootstrap_H0",5000,NA,12345,"exploratory","outputs_wct_vs_smqft","2026-06-22T23:16:11Z","f194e7a"
"S16_WCTcombinedQ2over3plus4over9","16","16_wct_vs_smqft_likelihood_test_cupy.py / wct_vs_smooth_likelihood.R","python+R","parity","event","00382466+00382467","B0_KstMuMu/DecayTree","muon_four_vectors","B0_M","Kst_892_0_M","[0.1,19.0]","[5230,5330]","[795.9,995.9]",NA,"[[0.1,8.0],[11.0,12.5],[14.5,19.0]]","JPSI[8,11];PSI2S[12.5,14.5]",4.78015033592368,"log_q2",240,"hist_centers_repeated_by_counts","0.5..1.5","k1_fixed",7.61054,"WCT_combined_Q_2over3_plus_4over9","locked",1,NA,"WCT_combined_Q_2over3_plus_4over9","coef_bounds","smooth_empirical_bootstrap_H0",5000,NA,12345,"exploratory","outputs_wct_vs_smqft","2026-06-22T23:16:11Z","f194e7a"
"S25_VETO_TIGHT","25","25_veto_window_covariance_test.py / veto_window_covariance.R","python+R","parity","event","00382466+00382467","B0_KstMuMu/DecayTree","muon_four_vectors","B0_M","Kst_892_0_M","[0.1,19.0]","[5230,5330]","[795.9,995.9]",NA,"per_scheme","tight",NA,"linear_q2",NA,"event_level",NA,"k1_fixed",7.61054,"scan[6,36]","[6,36]",1501,NA,NA,"A_MAX=0.05","scan_poisson",NA,NA,12345,"exploratory","outputs_wct_veto_covariance","2026-06-22T23:16:11Z","f194e7a"
"S25_VETO_BASELINE_WIDE","25","25_veto_window_covariance_test.py / veto_window_covariance.R","python+R","parity","event","00382466+00382467","B0_KstMuMu/DecayTree","muon_four_vectors","B0_M","Kst_892_0_M","[0.1,19.0]","[5230,5330]","[795.9,995.9]",NA,"per_scheme","baseline_wide",NA,"linear_q2",NA,"event_level",NA,"k1_fixed",7.61054,"scan[6,36]","[6,36]",1501,NA,NA,"A_MAX=0.05","scan_poisson",NA,NA,12345,"exploratory","outputs_wct_veto_covariance","2026-06-22T23:16:11Z","f194e7a"
"S25_VETO_WIDER","25","25_veto_window_covariance_test.py / veto_window_covariance.R","python+R","parity","event","00382466+00382467","B0_KstMuMu/DecayTree","muon_four_vectors","B0_M","Kst_892_0_M","[0.1,19.0]","[5230,5330]","[795.9,995.9]",NA,"per_scheme","wider",NA,"linear_q2",NA,"event_level",NA,"k1_fixed",7.61054,"scan[6,36]","[6,36]",1501,NA,NA,"A_MAX=0.05","scan_poisson",NA,NA,12345,"exploratory","outputs_wct_veto_covariance","2026-06-22T23:16:11Z","f194e7a"
"S25_VETO_VERY_WIDE","25","25_veto_window_covariance_test.py / veto_window_covariance.R","python+R","parity","event","00382466+00382467","B0_KstMuMu/DecayTree","muon_four_vectors","B0_M","Kst_892_0_M","[0.1,19.0]","[5230,5330]","[795.9,995.9]",NA,"per_scheme","very_wide",NA,"linear_q2",NA,"event_level",NA,"k1_fixed",7.61054,"scan[6,36]","[6,36]",1501,NA,NA,"A_MAX=0.05","scan_poisson",NA,NA,12345,"exploratory","outputs_wct_veto_covariance","2026-06-22T23:16:11Z","f194e7a"
"S25_VETO_SHIFT_LOW","25","25_veto_window_covariance_test.py / veto_window_covariance.R","python+R","parity","event","00382466+00382467","B0_KstMuMu/DecayTree","muon_four_vectors","B0_M","Kst_892_0_M","[0.1,19.0]","[5230,5330]","[795.9,995.9]",NA,"per_scheme","shift_low",NA,"linear_q2",NA,"event_level",NA,"k1_fixed",7.61054,"scan[6,36]","[6,36]",1501,NA,NA,"A_MAX=0.05","scan_poisson",NA,NA,12345,"exploratory","outputs_wct_veto_covariance","2026-06-22T23:16:11Z","f194e7a"
"S25_VETO_SHIFT_HIGH","25","25_veto_window_covariance_test.py / veto_window_covariance.R","python+R","parity","event","00382466+00382467","B0_KstMuMu/DecayTree","muon_four_vectors","B0_M","Kst_892_0_M","[0.1,19.0]","[5230,5330]","[795.9,995.9]",NA,"per_scheme","shift_high",NA,"linear_q2",NA,"event_level",NA,"k1_fixed",7.61054,"scan[6,36]","[6,36]",1501,NA,NA,"A_MAX=0.05","scan_poisson",NA,NA,12345,"exploratory","outputs_wct_veto_covariance","2026-06-22T23:16:11Z","f194e7a"
"S28_SIDEBAND_FIXEDALPHA","28","28_sideband.py / sideband_subtracted.R","python+R","parity","committed_per_bin_csv","00382466+00382467","B0_KstMuMu/DecayTree","muon_four_vectors","B0_M","Kst_892_0_M","[0.1,19.0]","[5230,5330]","[795.9,995.9]","low[5000,5180];high[5380,5600]","[[0.1,8.0],[11.0,12.5],[14.5,19.0]]","JPSI[8,11];PSI2S[12.5,14.5]",4.78015033592368,"log_q2",240,NA,NA,"constant+k1_fixed",7.61054,"scan[6,32]","[6,32]",1301,"[10,22]","{2/3,4/9}","none_WLS","gaussian_fixed_alpha",1000,NA,271828,"confirmatory","outputs_sideband_subtracted","2026-06-22T23:16:11Z","f194e7a"
"S28_SIDEBAND_REESTALPHA","28","28_sideband.py / sideband_subtracted.R","python+R","corrected_audit","committed_per_bin_csv","00382466+00382467","B0_KstMuMu/DecayTree","muon_four_vectors","B0_M","Kst_892_0_M","[0.1,19.0]","[5230,5330]","[795.9,995.9]","low[5000,5180];high[5380,5600]","[[0.1,8.0],[11.0,12.5],[14.5,19.0]]","JPSI[8,11];PSI2S[12.5,14.5]",4.78015033592368,"log_q2",240,NA,NA,"constant+k1_fixed",7.61054,"scan[6,32]","[6,32]",1301,"[10,22]","{2/3,4/9}","none_WLS","bootstrap_reest_alpha",1000,2000,271828,"confirmatory","outputs_statistical_audit_r/sideband_corrected","2026-06-22T23:16:11Z","f194e7a"
"S29_SIGNALBSIGNALKST_PAR","29","29_charm_tail_trimmed_control.py / charm_trimmed_control.R","python+R","parity","committed_per_bin_csv","00382466+00382467","B0_KstMuMu/DecayTree","muon_four_vectors","B0_M","Kst_892_0_M","[0.1,19.0]","[5230,5330]","[795.9,995.9]","low[5000,5180];high[5380,5600]","[[0.1,8.0],[11.0,12.5],[14.5,19.0]]","charm_removed_JPSI[8,11];PSI2S[12.5,14.5]",4.78015033592368,"log_q2",240,NA,NA,"constant+k1_fixed",7.61054,"scan[6,32]","[6,32]",1301,"[10,22]","{2/3,4/9}","none_WLS","gaussian_parity_variance",500,NA,314159,"confirmatory","outputs_charm_trimmed_control","2026-06-22T23:16:11Z","f194e7a"
"S29_SIGNALBSIGNALKST_CORR","29","29_charm_tail_trimmed_control.py / charm_trimmed_control.R","python+R","corrected_audit","committed_per_bin_csv","00382466+00382467","B0_KstMuMu/DecayTree","muon_four_vectors","B0_M","Kst_892_0_M","[0.1,19.0]","[5230,5330]","[795.9,995.9]","low[5000,5180];high[5380,5600]","[[0.1,8.0],[11.0,12.5],[14.5,19.0]]","charm_removed_JPSI[8,11];PSI2S[12.5,14.5]",4.78015033592368,"log_q2",240,NA,NA,"constant+k1_fixed",7.61054,"scan[6,32]","[6,32]",1301,"[10,22]","{2/3,4/9}","none_WLS","gaussian_corrected_variance",500,2000,314159,"confirmatory","outputs_statistical_audit_r/charm_corrected","2026-06-22T23:16:11Z","f194e7a"
"S29_BLOWSIDEBANDKSTSIGNAL_PAR","29","29_charm_tail_trimmed_control.py / charm_trimmed_control.R","python+R","parity","committed_per_bin_csv","00382466+00382467","B0_KstMuMu/DecayTree","muon_four_vectors","B0_M","Kst_892_0_M","[0.1,19.0]","[5230,5330]","[795.9,995.9]","low[5000,5180];high[5380,5600]","[[0.1,8.0],[11.0,12.5],[14.5,19.0]]","charm_removed_JPSI[8,11];PSI2S[12.5,14.5]",4.78015033592368,"log_q2",240,NA,NA,"constant+k1_fixed",7.61054,"scan[6,32]","[6,32]",1301,"[10,22]","{2/3,4/9}","none_WLS","gaussian_parity_variance",500,NA,314159,"confirmatory","outputs_charm_trimmed_control","2026-06-22T23:16:11Z","f194e7a"
"S29_BLOWSIDEBANDKSTSIGNAL_CORR","29","29_charm_tail_trimmed_control.py / charm_trimmed_control.R","python+R","corrected_audit","committed_per_bin_csv","00382466+00382467","B0_KstMuMu/DecayTree","muon_four_vectors","B0_M","Kst_892_0_M","[0.1,19.0]","[5230,5330]","[795.9,995.9]","low[5000,5180];high[5380,5600]","[[0.1,8.0],[11.0,12.5],[14.5,19.0]]","charm_removed_JPSI[8,11];PSI2S[12.5,14.5]",4.78015033592368,"log_q2",240,NA,NA,"constant+k1_fixed",7.61054,"scan[6,32]","[6,32]",1301,"[10,22]","{2/3,4/9}","none_WLS","gaussian_corrected_variance",500,2000,314159,"confirmatory","outputs_statistical_audit_r/charm_corrected","2026-06-22T23:16:11Z","f194e7a"
"S29_BHIGHSIDEBANDKSTSIGNAL_PAR","29","29_charm_tail_trimmed_control.py / charm_trimmed_control.R","python+R","parity","committed_per_bin_csv","00382466+00382467","B0_KstMuMu/DecayTree","muon_four_vectors","B0_M","Kst_892_0_M","[0.1,19.0]","[5230,5330]","[795.9,995.9]","low[5000,5180];high[5380,5600]","[[0.1,8.0],[11.0,12.5],[14.5,19.0]]","charm_removed_JPSI[8,11];PSI2S[12.5,14.5]",4.78015033592368,"log_q2",240,NA,NA,"constant+k1_fixed",7.61054,"scan[6,32]","[6,32]",1301,"[10,22]","{2/3,4/9}","none_WLS","gaussian_parity_variance",500,NA,314159,"confirmatory","outputs_charm_trimmed_control","2026-06-22T23:16:11Z","f194e7a"
"S29_BHIGHSIDEBANDKSTSIGNAL_CORR","29","29_charm_tail_trimmed_control.py / charm_trimmed_control.R","python+R","corrected_audit","committed_per_bin_csv","00382466+00382467","B0_KstMuMu/DecayTree","muon_four_vectors","B0_M","Kst_892_0_M","[0.1,19.0]","[5230,5330]","[795.9,995.9]","low[5000,5180];high[5380,5600]","[[0.1,8.0],[11.0,12.5],[14.5,19.0]]","charm_removed_JPSI[8,11];PSI2S[12.5,14.5]",4.78015033592368,"log_q2",240,NA,NA,"constant+k1_fixed",7.61054,"scan[6,32]","[6,32]",1301,"[10,22]","{2/3,4/9}","none_WLS","gaussian_corrected_variance",500,2000,314159,"confirmatory","outputs_statistical_audit_r/charm_corrected","2026-06-22T23:16:11Z","f194e7a"
"S29_SIDEBANDSUBTRACTEDCHARMTRIMMED_PAR","29","29_charm_tail_trimmed_control.py / charm_trimmed_control.R","python+R","parity","committed_per_bin_csv","00382466+00382467","B0_KstMuMu/DecayTree","muon_four_vectors","B0_M","Kst_892_0_M","[0.1,19.0]","[5230,5330]","[795.9,995.9]","low[5000,5180];high[5380,5600]","[[0.1,8.0],[11.0,12.5],[14.5,19.0]]","charm_removed_JPSI[8,11];PSI2S[12.5,14.5]",4.78015033592368,"log_q2",240,NA,NA,"constant+k1_fixed",7.61054,"scan[6,32]","[6,32]",1301,"[10,22]","{2/3,4/9}","none_WLS","gaussian_parity_variance",500,NA,314159,"confirmatory","outputs_charm_trimmed_control","2026-06-22T23:16:11Z","f194e7a"
"S29_SIDEBANDSUBTRACTEDCHARMTRIMMED_CORR","29","29_charm_tail_trimmed_control.py / charm_trimmed_control.R","python+R","corrected_audit","committed_per_bin_csv","00382466+00382467","B0_KstMuMu/DecayTree","muon_four_vectors","B0_M","Kst_892_0_M","[0.1,19.0]","[5230,5330]","[795.9,995.9]","low[5000,5180];high[5380,5600]","[[0.1,8.0],[11.0,12.5],[14.5,19.0]]","charm_removed_JPSI[8,11];PSI2S[12.5,14.5]",4.78015033592368,"log_q2",240,NA,NA,"constant+k1_fixed",7.61054,"scan[6,32]","[6,32]",1301,"[10,22]","{2/3,4/9}","none_WLS","gaussian_corrected_variance",500,2000,314159,"confirmatory","outputs_statistical_audit_r/charm_corrected","2026-06-22T23:16:11Z","f194e7a"
