"k1","k2","k3","n1","n2","n3","delta1","delta2","delta3","Q_low","Q_high","Q_mean","koide_error","integer_error_10_15_20","score"
7.74,11.62,15.56,5.88847245325909,8.84031652543549,11.837807670893,1044.78379036054,150.057560867757,196.662549298828,0.666092943201377,0.669535283993115,0.667814113597246,0.00292542714491836,11.0212405332506,121.154812238163
9.5,14.26,18.12,7.22745326950406,10.8487877498029,13.7854161308856,105.643409011194,260.079381454208,138.35288068408,0.666199158485274,0.635343618513324,0.650771388499299,0.0313265368260886,7.97123774486914,44.4985253034359
7.74,11.62,14.26,5.88847245325909,8.84031652543549,10.8487877498029,1044.78379036054,150.057560867757,260.079381454208,0.666092943201377,0.613597246127367,0.639845094664372,0.0530725216566135,11.7724697885613,92.0265606185921
11.62,18.12,26,8.84031652543549,13.7854161308856,19.7803984218006,150.057560867757,138.35288068408,149.639090673289,0.641280353200883,0.717439293598234,0.679359823399558,0.0567655226076106,1.69360697608345,51.36832570244
7.74,11.62,16.86,5.88847245325909,8.84031652543549,12.826827591983,1044.78379036054,150.057560867757,203.269238779765,0.666092943201377,0.725473321858864,0.69578313253012,0.0588094537766558,10.3102260726702,92.3248786198128
9.5,12.94,16.86,7.22745326950406,9.84455213761921,12.826827591983,105.643409011194,330.362923812463,203.269238779765,0.734157650695518,0.651468315301391,0.692812982998454,0.0691810870788037,9.25851286274675,42.2452998794124
12.94,18.12,26,9.84455213761921,13.7854161308856,19.7803984218006,330.362923812463,138.35288068408,149.639090673289,0.714128035320088,0.717439293598234,0.715783664459161,0.0695013752381067,1.24402687518368,67.6121107263217
7.74,12.94,16.86,5.88847245325909,9.84455213761921,12.826827591983,1044.78379036054,330.362923812463,203.269238779765,0.598145285935085,0.651468315301391,0.624806800618238,0.0701866760972818,9.74359809436291,101.364399913365
9.5,12.94,18.12,7.22745326950406,9.84455213761921,13.7854161308856,105.643409011194,330.362923812463,138.35288068408,0.734157650695518,0.70015455950541,0.717156105100464,0.0753423645232997,8.53737141635333,38.154007874568
9.5,14.26,16.86,7.22745326950406,10.8487877498029,12.826827591983,105.643409011194,260.079381454208,203.269238779765,0.666199158485274,0.591164095371669,0.628681626928471,0.0755040186748751,8.73922084136261,37.3913329922414
7.74,12.94,18.12,5.88847245325909,9.84455213761921,13.7854161308856,1044.78379036054,330.362923812463,138.35288068408,0.598145285935085,0.70015455950541,0.649149922720247,0.0762667593656732,9.06114529712401,97.5452870079433
11.62,18.12,27.32,8.84031652543549,13.7854161308856,20.7846340339843,150.057560867757,138.35288068408,129.218295473951,0.641280353200883,0.753863134657837,0.69757174392936,0.0908167877736168,1.85357230869943,37.2834921104256
16.86,26,30,12.826827591983,19.7803984218006,22.8235366405391,203.269238779765,149.639090673289,137.318733452325,0.648461538461538,0.576923076923077,0.612692307692308,0.0915714944348453,6.23021046726486,33.71454839044
9.5,12.94,15.56,7.22745326950406,9.84455213761921,11.837807670893,105.643409011194,330.362923812463,196.662549298828,0.734157650695518,0.601236476043277,0.667697063369397,0.0940007594128675,10.0442541610537,35.9813441379771
18.12,26,30,13.7854161308856,19.7803984218006,22.8235366405391,138.35288068408,149.639090673289,137.318733452325,0.696923076923077,0.576923076923077,0.636923076923077,0.0947067170884408,6.71966840815747,28.086745268285
7.74,12.94,15.56,5.88847245325909,9.84455213761921,11.837807670893,1044.78379036054,330.362923812463,196.662549298828,0.598145285935085,0.601236476043277,0.599690880989181,0.0947432818851845,10.4930779586673,87.4414891523499
12.94,18.12,27.32,9.84455213761921,13.7854161308856,20.7846340339843,330.362923812463,138.35288068408,129.218295473951,0.714128035320088,0.753863134657837,0.733995584988962,0.099276409809134,1.45431378330746,51.829918813814
9.5,15.56,18.12,7.22745326950406,11.837807670893,13.7854161308856,105.643409011194,196.662549298828,138.35288068408,0.610539845758355,0.582262210796915,0.596401028277635,0.101362380575549,7.50383424425831,27.1507927729785
11.62,16.86,26,8.84031652543549,12.826827591983,19.7803984218006,150.057560867757,203.269238779765,149.639090673289,0.68920521945433,0.771055753262159,0.730130486358245,0.106794511853388,2.47300807303417,39.0976697272754
7.74,11.62,12.94,5.88847245325909,8.84031652543549,9.84455213761921,1044.78379036054,150.057560867757,330.362923812463,0.666092943201377,0.556798623063683,0.61144578313253,0.109869541565266,12.568988843975,73.7991692034395
15.56,26,30,11.837807670893,19.7803984218006,22.8235366405391,196.662549298828,149.639090673289,137.318733452325,0.598461538461538,0.576923076923077,0.587692307692308,0.112720235155644,5.84825660063008,30.5311842938808
7.74,11.62,18.12,5.88847245325909,8.84031652543549,13.7854161308856,1044.78379036054,150.057560867757,138.35288068408,0.666092943201377,0.779690189328744,0.72289156626506,0.113024978803624,9.66785456762197,71.1881145017636
16.86,26,28.7,12.826827591983,19.7803984218006,21.8345167194491,203.269238779765,149.639090673289,149.626714267259,0.648461538461538,0.551923076923077,0.600192307692308,0.116178819413051,5.84881311890609,31.2133154675661
11.62,15.56,18.12,8.84031652543549,11.837807670893,13.7854161308856,150.057560867757,196.662549298828,138.35288068408,0.746786632390746,0.582262210796915,0.66452442159383,0.116375775306961,7.06861929613542,28.4840298326233
18.12,27.32,30,13.7854161308856,20.7846340339843,22.8235366405391,138.35288068408,129.218295473951,137.318733452325,0.663250366032211,0.54904831625183,0.60614934114202,0.117667954279541,7.46751132249329,23.2351762681024
18.12,26,28.7,13.7854161308856,19.7803984218006,21.8345167194491,138.35288068408,149.639090673289,149.626714267259,0.696923076923077,0.551923076923077,0.624423076923077,0.118665672158588,6.36765545150339,26.242949419111
9.5,14.26,15.56,7.22745326950406,10.8487877498029,11.837807670893,105.643409011194,260.079381454208,196.662549298828,0.666199158485274,0.545582047685835,0.605890603085554,0.121085521502915,9.56770412044101,29.2039116520412
16.86,27.32,30,12.826827591983,20.7846340339843,22.8235366405391,203.269238779765,129.218295473951,137.318733452325,0.617130307467057,0.54904831625183,0.583089311859444,0.127624164001415,7.03031324354702,26.3277213805334
7.74,14.26,18.12,5.88847245325909,10.8487877498029,13.7854161308856,1044.78379036054,260.079381454208,138.35288068408,0.542776998597476,0.635343618513324,0.5890603085554,0.127788040128609,8.5298461052971,76.0328212296805
11.62,18.12,28.7,8.84031652543549,13.7854161308856,21.8345167194491,150.057560867757,138.35288068408,149.626714267259,0.641280353200883,0.791942604856512,0.716611479028697,0.127822242198801,2.4870728437722,30.3098519454465
14.26,18.12,26,10.8487877498029,13.7854161308856,19.7803984218006,260.079381454208,138.35288068408,149.639090673289,0.786975717439294,0.717439293598234,0.752207505518764,0.130583794336597,1.49795843482923,39.3807123435545
11.62,16.86,18.12,8.84031652543549,12.826827591983,13.7854161308856,150.057560867757,203.269238779765,138.35288068408,0.68920521945433,0.537366548042705,0.613285883748517,0.131249788715765,6.68495300973769,27.533590199949
15.56,26,28.7,11.837807670893,19.7803984218006,21.8345167194491,196.662549298828,149.639090673289,149.626714267259,0.598461538461538,0.551923076923077,0.575192307692308,0.133484197194736,5.44014684547069,29.0162087978664
9.5,12.94,14.26,7.22745326950406,9.84455213761921,10.8487877498029,105.643409011194,330.362923812463,260.079381454208,0.734157650695518,0.551004636785162,0.64258114374034,0.133913173666718,10.863256587353,32.8482845720494
12.94,18.12,28.7,9.84455213761921,13.7854161308856,21.8345167194491,330.362923812463,138.35288068408,149.626714267259,0.714128035320088,0.791942604856512,0.7530353200883,0.13396507829954,2.20563587361329,42.0595167627013
7.74,12.94,14.26,5.88847245325909,9.84455213761921,10.8487877498029,1044.78379036054,330.362923812463,260.079381454208,0.598145285935085,0.551004636785162,0.574574961360124,0.13443542975597,11.2795384248423,75.9076448114977
9.5,15.56,16.86,7.22745326950406,11.837807670893,12.826827591983,105.643409011194,196.662549298828,203.269238779765,0.610539845758355,0.541773778920308,0.576156812339332,0.136924992002549,8.3150994037464,25.9193581479942
18.12,27.32,28.7,13.7854161308856,20.7846340339843,21.8345167194491,138.35288068408,129.218295473951,149.626714267259,0.663250366032211,0.525256222547584,0.594253294289897,0.141451704888916,7.15239944249738,21.9888256227401
16.86,26,27.32,12.826827591983,19.7803984218006,20.7846340339843,203.269238779765,149.639090673289,129.218295473951,0.648461538461538,0.525384615384615,0.586923076923077,0.142450148148148,5.60881572822964,26.9489421727328
18.12,26,27.32,13.7854161308856,19.7803984218006,20.7846340339843,138.35288068408,149.639090673289,129.218295473951,0.696923076923077,0.525384615384615,0.611153846153846,0.144485529988537,6.14794558551139,22.6162416519194
7.74,14.26,16.86,5.88847245325909,10.8487877498029,12.826827591983,1044.78379036054,260.079381454208,203.269238779765,0.542776998597476,0.591164095371669,0.566970546984572,0.145083727986465,9.25157415302564,72.4368536304027
12.94,16.86,26,9.84455213761921,12.826827591983,19.7803984218006,330.362923812463,203.269238779765,149.639090673289,0.767497034400949,0.771055753262159,0.769276393831554,0.145133884595128,2.18976418959506,44.0043288637306
11.62,16.86,27.32,8.84031652543549,12.826827591983,20.7846340339843,150.057560867757,203.269238779765,129.218295473951,0.68920521945433,0.810201660735469,0.749703440094899,0.145293774416158,2.58518754511756,30.4715470371386
9.5,16.86,26,7.22745326950406,12.826827591983,19.7803984218006,105.643409011194,203.269238779765,149.639090673289,0.563463819691578,0.771055753262159,0.667259786476868,0.146792060493764,3.52957767174742,27.5297524452362
18.12,28.7,30,13.7854161308856,21.8345167194491,22.8235366405391,138.35288068408,149.626714267259,137.318733452325,0.631358885017422,0.522648083623693,0.577003484320557,0.148283484268129,8.30736740687838,20.897345820798
11.62,15.56,16.86,8.84031652543549,11.837807670893,12.826827591983,150.057560867757,196.662549298828,203.269238779765,0.746786632390746,0.541773778920308,0.644280205655527,0.148382756131742,7.92456487654547,27.4006465124715
14.26,26,30,10.8487877498029,19.7803984218006,22.8235366405391,260.079381454208,149.639090673289,137.318733452325,0.548461538461538,0.576923076923077,0.562692307692308,0.148412816946706,5.61649435821277,29.8221285204346
14.26,18.12,27.32,10.8487877498029,13.7854161308856,20.7846340339843,260.079381454208,138.35288068408,129.218295473951,0.786975717439294,0.753863134657837,0.770419426048565,0.148584964676597,1.67669472075713,34.2599233852353
7.74,9.5,12.94,5.88847245325909,7.22745326950406,9.84455213761921,1044.78379036054,105.643409011194,330.362923812463,0.814736842105263,0.681052631578947,0.747894736842105,0.148767378281914,13.433177685525,61.1077682971372
16.86,27.32,28.7,12.826827591983,20.7846340339843,21.8345167194491,203.269238779765,129.218295473951,149.626714267259,0.617130307467057,0.525256222547584,0.571193265007321,0.149835792081561,6.69465434028255,25.0336144351741
9.5,11.62,15.56,7.22745326950406,8.84031652543549,11.837807670893,105.643409011194,150.057560867757,196.662549298828,0.817555938037866,0.669535283993115,0.743545611015491,0.150916537133268,10.5948147457585,20.3173833133768
9.5,18.12,26,7.22745326950406,13.7854161308856,19.7803984218006,105.643409011194,138.35288068408,149.639090673289,0.524282560706402,0.717439293598234,0.620860927152318,0.151165780769446,3.03487301234241,23.6935797889368
11.62,14.26,18.12,8.84031652543549,10.8487877498029,13.7854161308856,150.057560867757,260.079381454208,138.35288068408,0.814866760168303,0.635343618513324,0.725105189340814,0.151474093691002,7.56296777552442,27.3796120529597
15.56,27.32,30,11.837807670893,20.7846340339843,22.8235366405391,196.662549298828,129.218295473951,137.318733452325,0.569546120058565,0.54904831625183,0.559297218155198,0.152533527225209,6.69416814120988,23.8018668865104
15.56,26,27.32,11.837807670893,19.7803984218006,20.7846340339843,196.662549298828,149.639090673289,129.218295473951,0.598461538461538,0.525384615384615,0.561923076923077,0.156883898243071,5.18125435330412,25.4939948503782
7.74,9.5,11.62,5.88847245325909,7.22745326950406,8.84031652543549,1044.78379036054,105.643409011194,150.057560867757,0.814736842105263,0.611578947368421,0.713157894736842,0.157985548933752,14.2075922202821,50.9901834666513
9.5,11.62,14.26,7.22745326950406,8.84031652543549,10.8487877498029,105.643409011194,150.057560867757,260.079381454208,0.817555938037866,0.613597246127367,0.715576592082616,0.159949790907361,11.3742428991016,21.9229898444299
9.5,11.62,16.86,7.22745326950406,8.84031652543549,12.826827591983,105.643409011194,150.057560867757,203.269238779765,0.817555938037866,0.725473321858864,0.771514629948365,0.161943801702397,9.85307658930669,20.3664584030792
11.62,18.12,30,8.84031652543549,13.7854161308856,22.8235366405391,150.057560867757,138.35288068408,137.318733452325,0.641280353200883,0.827814569536424,0.734547461368653,0.163135255266002,3.28518475838997,24.053810278208
12.94,16.86,18.12,9.84455213761921,12.826827591983,13.7854161308856,330.362923812463,203.269238779765,138.35288068408,0.767497034400949,0.537366548042705,0.652431791221827,0.163967325201094,6.58543051129854,33.2063836638598
16.86,28.7,30,12.826827591983,21.8345167194491,22.8235366405391,203.269238779765,149.626714267259,137.318733452325,0.587456445993031,0.522648083623693,0.555052264808362,0.164364264123537,7.91668694490899,23.0528328146265
14.26,26,28.7,10.8487877498029,19.7803984218006,21.8345167194491,260.079381454208,149.639090673289,149.626714267259,0.548461538461538,0.551923076923077,0.550192307692308,0.164737802951344,5.19019280078372,29.059942475481
9.5,16.86,18.12,7.22745326950406,12.826827591983,13.7854161308856,105.643409011194,203.269238779765,138.35288068408,0.563463819691578,0.537366548042705,0.550415183867141,0.165436840818284,7.14358077955354,21.5389292135718
11.62,14.26,16.86,8.84031652543549,10.8487877498029,12.826827591983,150.057560867757,260.079381454208,203.269238779765,0.814866760168303,0.591164095371669,0.703015427769986,0.166324700468842,8.36850233330319,28.2016374283502
9.5,18.12,27.32,7.22745326950406,13.7854161308856,20.7846340339843,105.643409011194,138.35288068408,129.218295473951,0.524282560706402,0.753863134657837,0.639072847682119,0.166962443861603,3.12696017166561,20.8880146952704
12.94,18.12,30,9.84455213761921,13.7854161308856,22.8235366405391,330.362923812463,138.35288068408,137.318733452325,0.714128035320088,0.827814569536424,0.770971302428256,0.167991750136061,3.07761875051127,33.842318134558
7.74,9.5,14.26,5.88847245325909,7.22745326950406,10.8487877498029,1044.78379036054,105.643409011194,260.079381454208,0.814736842105263,0.750526315789474,0.782631578947368,0.170168203861406,12.6910136353843,55.7934229740276
15.56,27.32,28.7,11.837807670893,20.7846340339843,21.8345167194491,196.662549298828,129.218295473951,149.626714267259,0.569546120058565,0.525256222547584,0.547401171303075,0.171549742871893,6.3407396679142,23.0585057640364
7.74,14.26,15.56,5.88847245325909,10.8487877498029,11.837807670893,1044.78379036054,260.079381454208,196.662549298828,0.542776998597476,0.545582047685835,0.544179523141655,0.173234334957097,10.0378586128282,63.8377490279828
14.26,18.12,28.7,10.8487877498029,13.7854161308856,21.8345167194491,260.079381454208,138.35288068408,149.626714267259,0.786975717439294,0.791942604856512,0.789459161147903,0.17369032323983,2.35819978230569,30.7977474406038
12.94,16.86,27.32,9.84455213761921,12.826827591983,20.7846340339843,330.362923812463,203.269238779765,129.218295473951,0.767497034400949,0.810201660735469,0.788849347568209,0.17541111019477,2.3157057067278,37.0460410078149
9.5,16.86,27.32,7.22745326950406,12.826827591983,20.7846340339843,105.643409011194,203.269238779765,129.218295473951,0.563463819691578,0.810201660735469,0.686832740213523,0.176785525838782,3.60906417995534,23.1012118095435
9.5,15.56,26,7.22745326950406,11.837807670893,19.7803984218006,105.643409011194,196.662549298828,149.639090673289,0.610539845758355,0.83547557840617,0.723007712082262,0.177895105913426,4.21125878475722,23.1759833691046
14.26,26,27.32,10.8487877498029,19.7803984218006,20.7846340339843,260.079381454208,149.639090673289,129.218295473951,0.548461538461538,0.525384615384615,0.536923076923077,0.184209311242551,4.91816025386073,26.2840614146063
12.94,15.56,18.12,9.84455213761921,11.837807670893,13.7854161308856,330.362923812463,196.662549298828,138.35288068408,0.831619537275064,0.582262210796915,0.70694087403599,0.185293177674246,6.97457360922076,30.0696313943216
11.62,16.86,28.7,8.84031652543549,12.826827591983,21.8345167194491,150.057560867757,203.269238779765,149.626714267259,0.68920521945433,0.851126927639383,0.770166073546857,0.185832113048001,3.07131823002481,26.1398161408258
14.26,27.32,30,10.8487877498029,20.7846340339843,22.8235366405391,260.079381454208,129.218295473951,137.318733452325,0.521961932650073,0.54904831625183,0.535505124450952,0.18647663768183,6.49267207795156,24.0956458960574
9.5,11.62,12.94,7.22745326950406,8.84031652543549,9.84455213761921,105.643409011194,150.057560867757,330.362923812463,0.817555938037866,0.556798623063683,0.687177280550775,0.186650902007138,12.1967961844552,22.4146942677869
11.62,15.56,26,8.84031652543549,11.837807670893,19.7803984218006,150.057560867757,196.662549298828,149.639090673289,0.746786632390746,0.83547557840617,0.791131105398458,0.186857318803152,3.37528531247199,25.3947212762541
9.5,11.62,18.12,7.22745326950406,8.84031652543549,13.7854161308856,105.643409011194,150.057560867757,138.35288068408,0.817555938037866,0.779690189328744,0.798623063683305,0.188525565613464,9.17876726722404,16.4028541841098
7.74,15.56,18.12,5.88847245325909,11.837807670893,13.7854161308856,1044.78379036054,196.662549298828,138.35288068408,0.497429305912596,0.582262210796915,0.539845758354756,0.189117414443176,8.09476199527381,59.3337554934413
9.5,18.12,28.7,7.22745326950406,13.7854161308856,21.8345167194491,105.643409011194,138.35288068408,149.626714267259,0.524282560706402,0.791942604856512,0.658112582781457,0.189650452990363,3.53944641742672,19.8015746751352
15.56,28.7,30,11.837807670893,21.8345167194491,22.8235366405391,196.662549298828,149.626714267259,137.318733452325,0.542160278745645,0.522648083623693,0.532404181184669,0.190376450473387,7.61974507343186,21.0327969912335
12.94,26,30,9.84455213761921,19.7803984218006,22.8235366405391,330.362923812463,149.639090673289,137.318733452325,0.497692307692308,0.576923076923077,0.537307692307692,0.191327587897985,5.55416350763453,28.6923191707377
11.62,14.26,15.56,8.84031652543549,10.8487877498029,11.837807670893,150.057560867757,260.079381454208,196.662549298828,0.814866760168303,0.545582047685835,0.680224403927069,0.1913759458961,9.23032028288824,24.995925502608
15.56,18.12,26,11.837807670893,13.7854161308856,19.7803984218006,196.662549298828,138.35288068408,149.639090673289,0.858719646799117,0.717439293598234,0.788079470198675,0.198650967335393,2.21381477622982,24.7788726649702
14.26,18.12,30,10.8487877498029,13.7854161308856,22.8235366405391,260.079381454208,138.35288068408,137.318733452325,0.786975717439294,0.827814569536424,0.807395143487859,0.201104237392282,3.18873231548139,26.1669137080979
14.26,27.32,28.7,10.8487877498029,20.7846340339843,21.8345167194491,260.079381454208,129.218295473951,149.626714267259,0.521961932650073,0.525256222547584,0.523609077598829,0.202327392492389,6.12763275215504,23.667887036899
12.94,26,28.7,9.84455213761921,19.7803984218006,21.8345167194491,330.362923812463,149.639090673289,149.626714267259,0.497692307692308,0.551923076923077,0.524807692307692,0.204250888316405,5.12267749355846,28.4117913493424
12.94,15.56,16.86,9.84455213761921,11.837807670893,12.826827591983,330.362923812463,196.662549298828,203.269238779765,0.831619537275064,0.541773778920308,0.686696658097686,0.206900176248294,7.84079248286286,29.9324326476321
14.26,16.86,26,10.8487877498029,12.826827591983,19.7803984218006,260.079381454208,203.269238779765,149.639090673289,0.845788849347568,0.771055753262159,0.808422301304864,0.207320615782926,2.34336164778928,30.1866730226778
12.94,16.86,28.7,9.84455213761921,12.826827591983,21.8345167194491,330.362923812463,203.269238779765,149.626714267259,0.767497034400949,0.851126927639383,0.809311981020166,0.21021976818452,2.84820890154207,32.6876844297126
7.74,15.56,16.86,5.88847245325909,11.837807670893,12.826827591983,1044.78379036054,196.662549298828,203.269238779765,0.497429305912596,0.541773778920308,0.519601542416452,0.21033192264758,8.85203487843385,56.8474111086449
15.56,18.12,27.32,11.837807670893,13.7854161308856,20.7846340339843,196.662549298828,138.35288068408,129.218295473951,0.858719646799117,0.753863134657837,0.806291390728477,0.210920769977474,2.3384613697028,22.5652990224808
9.5,16.86,28.7,7.22745326950406,12.826827591983,21.8345167194491,105.643409011194,203.269238779765,149.626714267259,0.563463819691578,0.851126927639383,0.707295373665481,0.211367962335559,3.97179371086773,21.0036218602457
7.74,9.5,15.56,5.88847245325909,7.22745326950406,11.837807670893,1044.78379036054,105.643409011194,196.662549298828,0.814736842105263,0.818947368421053,0.816842105263158,0.212401009840408,11.9974382708429,48.234112694719
9.5,18.12,30,7.22745326950406,13.7854161308856,22.8235366405391,105.643409011194,138.35288068408,137.318733452325,0.524282560706402,0.827814569536424,0.676048565121413,0.215039252764291,4.13939470313759,17.1512513177985
9.5,15.56,27.32,7.22745326950406,11.837807670893,20.7846340339843,105.643409011194,196.662549298828,129.218295473951,0.610539845758355,0.877892030848329,0.744215938303342,0.218555197831005,4.27809844046787,19.0938130112087
12.94,26,27.32,9.84455213761921,19.7803984218006,20.7846340339843,330.362923812463,149.639090673289,129.218295473951,0.497692307692308,0.525384615384615,0.511538461538461,0.220256559505636,4.84685709262803,26.3112285506694
14.26,16.86,18.12,10.8487877498029,12.826827591983,13.7854161308856,260.079381454208,203.269238779765,138.35288068408,0.845788849347568,0.537366548042705,0.691577698695137,0.220914637370503,6.63808493659418,24.5120602147737
14.26,28.7,30,10.8487877498029,21.8345167194491,22.8235366405391,260.079381454208,149.626714267259,137.318733452325,0.496864111498258,0.522648083623693,0.509756097560976,0.222652779015727,7.44334727075875,21.6373831673522
11.62,16.86,30,8.84031652543549,12.826827591983,22.8235366405391,150.057560867757,203.269238779765,137.318733452325,0.68920521945433,0.889679715302491,0.789442467378411,0.224149071431507,3.74698588689782,21.6894225929849
11.62,15.56,27.32,8.84031652543549,11.837807670893,20.7846340339843,150.057560867757,196.662549298828,129.218295473951,0.746786632390746,0.877892030848329,0.812339331619537,0.225910078087064,3.45831991792661,21.1180944421465
12.94,27.32,30,9.84455213761921,20.7846340339843,22.8235366405391,330.362923812463,129.218295473951,137.318733452325,0.473645680819912,0.54904831625183,0.511346998535871,0.226033575673085,6.43882862836985,24.0863785143776
15.56,18.12,28.7,11.837807670893,13.7854161308856,21.8345167194491,196.662549298828,138.35288068408,149.626714267259,0.858719646799117,0.791942604856512,0.825331125827814,0.229299820905079,2.86674076334853,21.6865971750063
14.26,16.86,27.32,10.8487877498029,12.826827591983,20.7846340339843,260.079381454208,203.269238779765,129.218295473951,0.845788849347568,0.810201660735469,0.827995255041518,0.229536600242099,2.46145678947823,26.8599722363243
11.62,12.94,16.86,8.84031652543549,9.84455213761921,12.826827591983,150.057560867757,330.362923812463,203.269238779765,0.897990726429675,0.651468315301391,0.774729520865533,0.231822799805072,8.90942819815286,25.2574994077349
7.74,16.86,26,5.88847245325909,12.826827591983,19.7803984218006,1044.78379036054,203.269238779765,149.639090673289,0.459074733096085,0.771055753262159,0.615065243179122,0.232360694360758,4.65570208837759,58.4348063467048
11.62,12.94,18.12,8.84031652543549,9.84455213761921,13.7854161308856,150.057560867757,330.362923812463,138.35288068408,0.897990726429675,0.70015455950541,0.799072642967543,0.233735447872203,8.15748497327217,23.2200180906784
12.94,15.56,26,9.84455213761921,11.837807670893,19.7803984218006,330.362923812463,196.662549298828,149.639090673289,0.831619537275064,0.83547557840617,0.833547557840617,0.236020969840873,3.17361768606899,29.3159534408582
11.62,26,30,8.84031652543549,19.7803984218006,22.8235366405391,150.057560867757,149.639090673289,137.318733452325,0.446923076923077,0.576923076923077,0.511923076923077,0.237362922828029,5.67181046869502,17.4414926919199
7.74,15.56,26,5.88847245325909,11.837807670893,19.7803984218006,1044.78379036054,196.662549298828,149.639090673289,0.497429305912596,0.83547557840617,0.666452442159383,0.23903500362432,5.19156469159543,56.0440225982019
12.94,27.32,28.7,9.84455213761921,20.7846340339843,21.8345167194491,330.362923812463,129.218295473951,149.626714267259,0.473645680819912,0.525256222547584,0.499450951683748,0.239278111584008,6.07055240805863,23.891657113155
11.62,12.94,15.56,8.84031652543549,9.84455213761921,11.837807670893,150.057560867757,330.362923812463,196.662549298828,0.897990726429675,0.601236476043277,0.749613601236476,0.240399522608206,9.72341977085421,23.9061643616335
12.94,14.26,18.12,9.84455213761921,10.8487877498029,13.7854161308856,330.362923812463,260.079381454208,138.35288068408,0.907433380084152,0.635343618513324,0.771388499298738,0.242795682901229,7.47514413575829,27.1775899922388
7.74,16.86,18.12,5.88847245325909,12.826827591983,13.7854161308856,1044.78379036054,203.269238779765,138.35288068408,0.459074733096085,0.537366548042705,0.498220640569395,0.244566824323626,7.76198362204097,51.0383571366906
12.94,16.86,30,9.84455213761921,12.826827591983,22.8235366405391,330.362923812463,203.269238779765,137.318733452325,0.767497034400949,0.889679715302491,0.82858837485172,0.244747998805456,3.5663989559992,27.9203409113934
7.74,18.12,26,5.88847245325909,13.7854161308856,19.7803984218006,1044.78379036054,138.35288068408,149.639090673289,0.427152317880795,0.717439293598234,0.572295805739514,0.244836645377796,4.29279601144403,54.2167860464514
9.5,14.26,26,7.22745326950406,10.8487877498029,19.7803984218006,105.643409011194,260.079381454208,149.639090673289,0.666199158485274,0.91164095371669,0.788920056100982,0.24497473314521,4.99677929992087,20.515435372196
9.5,16.86,30,7.22745326950406,12.826827591983,22.8235366405391,105.643409011194,203.269238779765,137.318733452325,0.563463819691578,0.889679715302491,0.726571767497034,0.245734913037623,4.51464869599144,17.9815237422071
11.62,26,28.7,8.84031652543549,19.7803984218006,21.8345167194491,150.057560867757,149.639090673289,149.626714267259,0.446923076923077,0.551923076923077,0.499423076923077,0.247897835046303,5.25000251678699,17.5999291153239
15.56,18.12,30,11.837807670893,13.7854161308856,22.8235366405391,196.662549298828,138.35288068408,137.318733452325,0.858719646799117,0.827814569536424,0.84326710816777,0.250704993522419,3.58121629768055,19.2877731550932
12.94,14.26,16.86,9.84455213761921,10.8487877498029,12.826827591983,330.362923812463,260.079381454208,203.269238779765,0.907433380084152,0.591164095371669,0.74929873772791,0.252327661111527,8.28921766991563,28.2043205632037
7.74,16.86,27.32,5.88847245325909,12.826827591983,20.7846340339843,1044.78379036054,203.269238779765,129.218295473951,0.459074733096085,0.810201660735469,0.634638196915777,0.252382062369542,4.71624719982554,54.0830901481447
7.74,18.12,27.32,5.88847245325909,13.7854161308856,20.7846340339843,1044.78379036054,138.35288068408,129.218295473951,0.427152317880795,0.753863134657837,0.590507726269316,0.254892815325296,4.35838540172947,51.6965209278187
14.26,16.86,28.7,10.8487877498029,12.826827591983,21.8345167194491,260.079381454208,203.269238779765,149.626714267259,0.845788849347568,0.851126927639383,0.848457888493476,0.257119319006746,2.96792360971779,25.0093041489041
11.62,12.94,14.26,8.84031652543549,9.84455213761921,10.8487877498029,150.057560867757,330.362923812463,260.079381454208,0.897990726429675,0.551004636785162,0.724497681607419,0.258628161230656,10.5673172598849,24.4207246484689
12.94,28.7,30,9.84455213761921,21.8345167194491,22.8235366405391,330.362923812463,149.626714267259,137.318733452325,0.450871080139373,0.522648083623693,0.486759581881533,0.259439949557435,7.39642765034682,22.0425418692275
11.62,26,27.32,8.84031652543549,19.7803984218006,20.7846340339843,150.057560867757,149.639090673289,129.218295473951,0.446923076923077,0.525384615384615,0.486153846153846,0.261242919995668,4.98123733620653,16.2904991561324
9.5,15.56,28.7,7.22745326950406,11.837807670893,21.8345167194491,105.643409011194,196.662549298828,149.626714267259,0.610539845758355,0.922236503856041,0.766388174807198,0.261660393843388,4.58823792898597,17.3382082250543
14.26,15.56,18.12,10.8487877498029,11.837807670893,13.7854161308856,260.079381454208,196.662549298828,138.35288068408,0.916452442159383,0.582262210796915,0.749357326478149,0.263660853767044,7.02431161301486,21.2209500958492
7.74,9.5,16.86,5.88847245325909,7.22745326950406,12.826827591983,1044.78379036054,105.643409011194,203.269238779765,0.814736842105263,0.887368421052631,0.851052631578947,0.265770655346785,11.3477550132389,43.0515518161629
11.62,15.56,28.7,8.84031652543549,11.837807670893,21.8345167194491,150.057560867757,196.662549298828,149.626714267259,0.746786632390746,0.922236503856041,0.834511568123393,0.267834184876821,3.83533279929913,19.1166850712107
12.94,15.56,27.32,9.84455213761921,11.837807670893,20.7846340339843,330.362923812463,196.662549298828,129.218295473951,0.831619537275064,0.877892030848329,0.854755784061697,0.268002992512447,3.2617901421564,25.6881391314915
11.62,27.32,30,8.84031652543549,20.7846340339843,22.8235366405391,150.057560867757,129.218295473951,137.318733452325,0.425329428989751,0.54904831625183,0.487188872620791,0.268472975630381,6.54058222399003,14.8566716332342
16.86,18.12,26,12.826827591983,13.7854161308856,19.7803984218006,203.269238779765,138.35288068408,149.639090673289,0.93046357615894,0.717439293598234,0.823951434878587,0.268638547314429,3.08454098093328,19.2944300637665
12.94,14.26,15.56,9.84455213761921,10.8487877498029,11.837807670893,330.362923812463,260.079381454208,196.662549298828,0.907433380084152,0.545582047685835,0.726507713884993,0.269499712882204,9.15849937497617,26.165872746269
7.74,18.12,28.7,5.88847245325909,13.7854161308856,21.8345167194491,1044.78379036054,138.35288068408,149.626714267259,0.427152317880795,0.791942604856512,0.609547461368653,0.270298324011945,4.66318821587338,49.7861435194073
7.74,15.56,27.32,5.88847245325909,11.837807670893,20.7846340339843,1044.78379036054,196.662549298828,129.218295473951,0.497429305912596,0.877892030848329,0.687660668380463,0.27066111421606,5.24592886543071,50.3291148720402
7.74,14.26,26,5.88847245325909,10.8487877498029,19.7803984218006,1044.78379036054,260.079381454208,149.639090673289,0.542776998597476,0.91164095371669,0.727208976157083,0.274519673557218,5.8468321993147,51.9946050039076
15.56,16.86,26,11.837807670893,12.826827591983,19.7803984218006,196.662549298828,203.269238779765,149.639090673289,0.922894424673784,0.771055753262159,0.846975088967972,0.276676246493253,2.85454728517626,21.2258131689812
7.74,16.86,28.7,5.88847245325909,12.826827591983,21.8345167194491,1044.78379036054,203.269238779765,149.626714267259,0.459074733096085,0.851126927639383,0.655100830367734,0.277704877093823,4.99927881564072,50.6822089811711
16.86,18.12,27.32,12.826827591983,13.7854161308856,20.7846340339843,203.269238779765,138.35288068408,129.218295473951,0.93046357615894,0.753863134657837,0.842163355408388,0.277834543366749,3.17518799084332,17.9579977401723
26,28.7,30,19.7803984218006,21.8345167194491,22.8235366405391,149.639090673289,149.626714267259,137.318733452325,0.905923344947735,0.522648083623693,0.714285714285714,0.279258142878228,12.2612875032786,13.1738153049538
14.26,15.56,16.86,10.8487877498029,11.837807670893,12.826827591983,260.079381454208,196.662549298828,203.269238779765,0.916452442159383,0.541773778920308,0.729113110539846,0.279268986907107,7.88506838052883,22.1042806334011
11.62,27.32,28.7,8.84031652543549,20.7846340339843,21.8345167194491,150.057560867757,129.218295473951,149.626714267259,0.425329428989751,0.525256222547584,0.475292825768668,0.279715169405379,6.17837424103183,14.9900845437158
14.26,16.86,30,10.8487877498029,12.826827591983,22.8235366405391,260.079381454208,203.269238779765,137.318733452325,0.845788849347568,0.889679715302491,0.86773428232503,0.28604121414617,3.66271458342702,22.0832554832812
11.62,14.26,26,8.84031652543549,10.8487877498029,19.7803984218006,150.057560867757,260.079381454208,149.639090673289,0.814866760168303,0.91164095371669,0.863253856942497,0.286313934396426,4.31574486740261,20.2009703103678
15.56,16.86,18.12,11.837807670893,12.826827591983,13.7854161308856,196.662549298828,203.269238779765,138.35288068408,0.922894424673784,0.537366548042705,0.730130486358245,0.287003805984389,6.83529575193466,18.1535503610218
7.74,18.12,30,5.88847245325909,13.7854161308856,22.8235366405391,1044.78379036054,138.35288068408,137.318733452325,0.427152317880795,0.827814569536424,0.627483443708609,0.288679354775573,5.13344250023209,46.330088530604
9.5,14.26,27.32,7.22745326950406,10.8487877498029,20.7846340339843,105.643409011194,260.079381454208,129.218295473951,0.666199158485274,0.957924263674614,0.812061711079944,0.291257972214914,5.05323946456691,17.2849161529557
16.86,18.12,28.7,12.826827591983,13.7854161308856,21.8345167194491,203.269238779765,138.35288068408,149.626714267259,0.93046357615894,0.791942604856512,0.861203090507726,0.29203231010801,3.58212504023065,17.8059563720449
15.56,16.86,27.32,11.837807670893,12.826827591983,20.7846340339843,196.662549298828,203.269238779765,129.218295473951,0.922894424673784,0.810201660735469,0.866548042704626,0.29369194489411,2.95226454055966,19.4246999867091
11.62,28.7,30,8.84031652543549,21.8345167194491,22.8235366405391,150.057560867757,149.626714267259,137.318733452325,0.404878048780488,0.522648083623693,0.463763066202091,0.298788608746153,7.48517492848859,14.0864078372336
14.26,15.56,26,10.8487877498029,11.837807670893,19.7803984218006,260.079381454208,196.662549298828,149.639090673289,0.916452442159383,0.83547557840617,0.875964010282776,0.301478659810563,3.281482260142,21.6009112250187
9.5,15.56,30,7.22745326950406,11.837807670893,22.8235366405391,105.643409011194,196.662549298828,137.318733452325,0.610539845758355,0.96401028277635,0.787275064267352,0.30259452418452,5.0654550495996,14.9057249825532
12.94,15.56,28.7,9.84455213761921,11.837807670893,21.8345167194491,330.362923812463,196.662549298828,149.626714267259,0.831619537275064,0.922236503856041,0.876928020565553,0.304179866531226,3.6591086289041,23.6941108512181
7.74,16.86,30,5.88847245325909,12.826827591983,22.8235366405391,1044.78379036054,203.269238779765,137.318733452325,0.459074733096085,0.889679715302491,0.674377224199288,0.304678897768482,5.44056028760299,46.2849934572849
7.74,15.56,28.7,5.88847245325909,11.837807670893,21.8345167194491,1044.78379036054,196.662549298828,149.626714267259,0.497429305912596,0.922236503856041,0.709832904884319,0.306524429623491,5.50177886576796,46.1910102464845
11.62,15.56,30,8.84031652543549,11.837807670893,22.8235366405391,150.057560867757,196.662549298828,137.318733452325,0.746786632390746,0.96401028277635,0.855398457583548,0.30794875377051,4.39507511288583,16.4681280980678
26,27.32,30,19.7803984218006,20.7846340339843,22.8235366405391,149.639090673289,129.218295473951,137.318733452325,0.951683748169839,0.54904831625183,0.750366032210835,0.308332309534524,11.7085670923796,11.9226483741127
16.86,18.12,30,12.826827591983,13.7854161308856,22.8235366405391,203.269238779765,138.35288068408,137.318733452325,0.93046357615894,0.827814569536424,0.879139072847682,0.30912369054635,4.17594628442178,16.3370510688179
9.5,26,30,7.22745326950406,19.7803984218006,22.8235366405391,105.643409011194,149.639090673289,137.318733452325,0.365384615384615,0.576923076923077,0.471153846153846,0.314364098339467,6.2057701862383,12.5706269603402
15.56,16.86,28.7,11.837807670893,12.826827591983,21.8345167194491,196.662549298828,203.269238779765,149.626714267259,0.922894424673784,0.851126927639383,0.887010676156584,0.315718627659941,3.38609907476106,18.808598683618
7.74,14.26,27.32,5.88847245325909,10.8487877498029,20.7846340339843,1044.78379036054,260.079381454208,129.218295473951,0.542776998597476,0.957924263674614,0.750350631136045,0.316511670668142,5.89515669690654,46.0235334882096
26,27.32,28.7,19.7803984218006,20.7846340339843,21.8345167194491,149.639090673289,129.218295473951,149.626714267259,0.951683748169839,0.525256222547584,0.738469985358712,0.318169216698508,11.5101535954229,12.0715706745817
27.32,28.7,30,20.7846340339843,21.8345167194491,22.8235366405391,129.218295473951,149.626714267259,137.318733452325,0.95191637630662,0.522648083623693,0.737282229965157,0.319544596435902,13.0763645251984,11.3170643229353
9.5,26,28.7,7.22745326950406,19.7803984218006,21.8345167194491,105.643409011194,149.639090673289,149.626714267259,0.365384615384615,0.551923076923077,0.458653846153846,0.322392564759124,5.8227721952585,12.8353046439171
7.74,9.5,18.12,5.88847245325909,7.22745326950406,13.7854161308856,1044.78379036054,105.643409011194,138.35288068408,0.814736842105263,0.953684210526316,0.88421052631579,0.322961061643107,10.7674599656376,36.5117559372738
11.62,14.26,27.32,8.84031652543549,10.8487877498029,20.7846340339843,150.057560867757,260.079381454208,129.218295473951,0.814866760168303,0.957924263674614,0.886395511921459,0.326793903750878,4.38099069556769,17.5142143913313
14.26,15.56,27.32,10.8487877498029,11.837807670893,20.7846340339843,260.079381454208,196.662549298828,129.218295473951,0.916452442159383,0.877892030848329,0.897172236503856,0.327122435965761,3.36683108245207,19.4934715407688
9.5,26,27.32,7.22745326950406,19.7803984218006,20.7846340339843,105.643409011194,149.639090673289,129.218295473951,0.365384615384615,0.525384615384615,0.445384615384615,0.332763418120419,5.58165522145749,11.9620085483041
9.5,14.26,28.7,7.22745326950406,10.8487877498029,21.8345167194491,105.643409011194,260.079381454208,149.626714267259,0.666199158485274,1.00631136044881,0.836255259467041,0.339645015535727,5.31836724126007,15.8753957884352
15.56,16.86,30,11.837807670893,12.826827591983,22.8235366405391,196.662549298828,203.269238779765,137.318733452325,0.922894424673784,0.889679715302491,0.906287069988138,0.339687332462072,4.00906154986755,17.0645940833193
9.5,27.32,30,7.22745326950406,20.7846340339843,22.8235366405391,105.643409011194,129.218295473951,137.318733452325,0.347730600292826,0.54904831625183,0.448389458272328,0.339932773924972,7.00866359874549,11.0270928983528
12.94,15.56,30,9.84455213761921,11.837807670893,22.8235366405391,330.362923812463,196.662549298828,137.318733452325,0.831619537275064,0.96401028277635,0.897814910025707,0.340033344781263,4.24216731455151,20.9677300027167
7.74,15.56,30,5.88847245325909,11.837807670893,22.8235366405391,1044.78379036054,196.662549298828,137.318733452325,0.497429305912596,0.96401028277635,0.730719794344473,0.342132299434277,5.90563106317518,41.6681978834508
12.94,14.26,26,9.84455213761921,10.8487877498029,19.7803984218006,330.362923812463,260.079381454208,149.639090673289,0.907433380084152,0.91164095371669,0.909537166900421,0.343483640957651,4.15992211913308,23.2137139003447
9.5,12.94,26,7.22745326950406,9.84455213761921,19.7803984218006,105.643409011194,330.362923812463,149.639090673289,0.734157650695518,1.00463678516229,0.869397217928903,0.344643052912904,5.8578052961547,17.6178560612992
7.74,12.94,26,5.88847245325909,9.84455213761921,19.7803984218006,1044.78379036054,330.362923812463,149.639090673289,0.598145285935085,1.00463678516229,0.801391035548686,0.344846314484157,6.59784254756687,45.0961883763572
9.5,27.32,28.7,7.22745326950406,20.7846340339843,21.8345167194491,105.643409011194,129.218295473951,149.626714267259,0.347730600292826,0.525256222547584,0.436493411420205,0.348879819049447,6.67191560751868,11.252247107513
14.26,15.56,28.7,10.8487877498029,11.837807670893,21.8345167194491,260.079381454208,196.662549298828,149.626714267259,0.916452442159383,0.922236503856041,0.919344473007712,0.357363785685541,3.75304577169227,18.5905318122486
7.74,14.26,28.7,5.88847245325909,10.8487877498029,21.8345167194491,1044.78379036054,260.079381454208,149.626714267259,0.542776998597476,1.00631136044881,0.774544179523142,0.361534462905902,6.12394264405977,41.9064232609996
9.5,28.7,30,7.22745326950406,21.8345167194491,22.8235366405391,105.643409011194,149.626714267259,137.318733452325,0.331010452961672,0.522648083623693,0.426829268292683,0.365248471674391,7.89746752583889,10.8101360352159
11.62,14.26,28.7,8.84031652543549,10.8487877498029,21.8345167194491,150.057560867757,260.079381454208,149.626714267259,0.814866760168303,1.00631136044881,0.910589060308555,0.370569542364531,4.68432284341104,16.316805952222
12.94,14.26,27.32,9.84455213761921,10.8487877498029,20.7846340339843,330.362923812463,260.079381454208,129.218295473951,0.907433380084152,0.957924263674614,0.932678821879383,0.37788834078958,4.22757350632623,20.852289824576
7.74,26,30,5.88847245325909,19.7803984218006,22.8235366405391,1044.78379036054,149.639090673289,137.318733452325,0.297692307692308,0.576923076923077,0.437307692307692,0.379731470226797,6.90863423544984,36.3255069737506
9.5,14.26,30,7.22745326950406,10.8487877498029,22.8235366405391,105.643409011194,260.079381454208,137.318733452325,0.666199158485274,1.05189340813464,0.859046283309958,0.38522702515002,5.73514931622856,13.8987129853186
7.74,26,28.7,5.88847245325909,19.7803984218006,21.8345167194491,1044.78379036054,149.639090673289,149.626714267259,0.297692307692308,0.551923076923077,0.424807692307692,0.386404152368714,6.56675867020412,36.4187980080367
14.26,15.56,30,10.8487877498029,11.837807670893,22.8235366405391,260.079381454208,196.662549298828,137.318733452325,0.916452442159383,0.96401028277635,0.940231362467866,0.388337687689053,4.3234546523522,16.7965971730663
9.5,12.94,27.32,7.22745326950406,9.84455213761921,20.7846340339843,105.643409011194,330.362923812463,129.218295473951,0.734157650695518,1.05564142194745,0.894899536321484,0.394786515943652,5.90604001017576,15.2604544696771
7.74,12.94,27.32,5.88847245325909,9.84455213761921,20.7846340339843,1044.78379036054,330.362923812463,129.218295473951,0.598145285935085,1.05564142194745,0.826893353941267,0.394963972867283,6.64070417927364,40.0067007109048
7.74,26,27.32,5.88847245325909,19.7803984218006,20.7846340339843,1044.78379036054,149.639090673289,129.218295473951,0.297692307692308,0.525384615384615,0.411538461538462,0.395098336613815,6.35393723655256,35.3935306181084
7.74,27.32,30,5.88847245325909,20.7846340339843,22.8235366405391,1044.78379036054,129.218295473951,137.318733452325,0.283308931185944,0.54904831625183,0.416178623718887,0.400995298859244,7.63799769803616,33.7941884874902
7.74,14.26,30,5.88847245325909,10.8487877498029,22.8235366405391,1044.78379036054,260.079381454208,137.318733452325,0.542776998597476,1.05189340813464,0.797335203366059,0.404658241231201,6.48918955450235,37.7373896745166
7.74,27.32,28.7,5.88847245325909,20.7846340339843,21.8345167194491,1044.78379036054,129.218295473951,149.626714267259,0.283308931185944,0.525256222547584,0.404282576866764,0.408607473082497,7.33021836432428,33.8150171661429
11.62,12.94,26,8.84031652543549,9.84455213761921,19.7803984218006,150.057560867757,330.362923812463,149.639090673289,0.897990726429675,1.00463678516229,0.951313755795981,0.409554174220193,5.2888309933342,16.7199124337577
11.62,14.26,30,8.84031652543549,10.8487877498029,22.8235366405391,150.057560867757,260.079381454208,137.318733452325,0.814866760168303,1.05189340813464,0.933380084151473,0.412750421024532,5.15264864587439,14.4750015358694
12.94,14.26,28.7,9.84455213761921,10.8487877498029,21.8345167194491,330.362923812463,260.079381454208,149.626714267259,0.907433380084152,1.00631136044881,0.95687237026648,0.416325747827614,4.54116491420905,19.6668356529041
7.74,28.7,30,5.88847245325909,21.8345167194491,22.8235366405391,1044.78379036054,149.626714267259,137.318733452325,0.269686411149826,0.522648083623693,0.39616724738676,0.422296904478262,8.46094774339763,32.4669640514776
9.5,12.94,28.7,7.22745326950406,9.84455213761921,21.8345167194491,105.643409011194,330.362923812463,149.626714267259,0.734157650695518,1.10896445131376,0.921561051004637,0.447417437332191,6.13442007270848,14.2292027837329
7.74,12.94,28.7,5.88847245325909,9.84455213761921,21.8345167194491,1044.78379036054,330.362923812463,149.626714267259,0.598145285935085,1.10896445131376,0.85355486862442,0.447574027308428,6.84461489225466,36.5639831939447
7.74,11.62,26,5.88847245325909,8.84031652543549,19.7803984218006,1044.78379036054,150.057560867757,149.639090673289,0.666092943201377,1.11876075731497,0.892426850258176,0.452094454685893,7.40908794168217,31.6617277281312
11.62,12.94,27.32,8.84031652543549,9.84455213761921,20.7846340339843,150.057560867757,330.362923812463,129.218295473951,0.897990726429675,1.05564142194745,0.976816074188563,0.452561797847526,5.34220544252944,14.8878342003796
12.94,14.26,30,9.84455213761921,10.8487877498029,22.8235366405391,330.362923812463,260.079381454208,137.318733452325,0.907433380084152,1.05189340813464,0.979663394109397,0.454277726321566,5.02285639298716,17.8206949854932
9.5,11.62,26,7.22745326950406,8.84031652543549,19.7803984218006,105.643409011194,150.057560867757,149.639090673289,0.817555938037866,1.11876075731497,0.96815834767642,0.476609524678275,6.75847177494695,9.25126224838648
9.5,12.94,30,7.22745326950406,9.84455213761921,22.8235366405391,105.643409011194,330.362923812463,137.318733452325,0.734157650695518,1.15919629057187,0.946676970633694,0.497132239297939,6.499078180402,12.6956351926605
7.74,12.94,30,5.88847245325909,9.84455213761921,22.8235366405391,1044.78379036054,330.362923812463,137.318733452325,0.598145285935085,1.15919629057187,0.878670788253477,0.49727317446406,7.17326010889072,33.1133246643303
11.62,12.94,28.7,8.84031652543549,9.84455213761921,21.8345167194491,150.057560867757,330.362923812463,149.626714267259,0.897990726429675,1.10896445131376,1.00347758887172,0.499137406862041,5.59365354816,14.1169503847113
7.74,11.62,27.32,5.88847245325909,8.84031652543549,20.7846340339843,1044.78379036054,150.057560867757,129.218295473951,0.666092943201377,1.17555938037866,0.920826161790017,0.508893037118577,7.44728204392172,28.320653768016
9.5,11.62,27.32,7.22745326950406,8.84031652543549,20.7846340339843,105.643409011194,150.057560867757,129.218295473951,0.817555938037866,1.17555938037866,0.996557659208262,0.530791264325333,6.80032105469245,8.03428500598468
11.62,12.94,30,8.84031652543549,9.84455213761921,22.8235366405391,150.057560867757,330.362923812463,137.318733452325,0.897990726429675,1.15919629057187,1.02859350850077,0.54414726963336,5.99131601431369,12.7884318421676
7.74,11.62,28.7,5.88847245325909,8.84031652543549,21.8345167194491,1044.78379036054,150.057560867757,149.626714267259,0.666092943201377,1.23493975903614,0.950516351118761,0.568273381982461,7.62966649784712,26.1861309194808
9.5,11.62,28.7,7.22745326950406,8.84031652543549,21.8345167194491,105.643409011194,150.057560867757,149.626714267259,0.817555938037866,1.23493975903614,1.02624784853701,0.587964182349657,6.99958337856941,7.74309272309581
7.74,11.62,30,5.88847245325909,8.84031652543549,22.8235366405391,1044.78379036054,150.057560867757,137.318733452325,0.666092943201377,1.29087779690189,0.978485370051635,0.624211393894852,7.92582604117069,23.8908667751547
9.5,11.62,30,7.22745326950406,8.84031652543549,22.8235366405391,105.643409011194,150.057560867757,137.318733452325,0.817555938037866,1.29087779690189,1.05421686746988,0.642189308011641,7.32127550636321,6.93705109799456
7.74,9.5,26,5.88847245325909,7.22745326950406,19.7803984218006,1044.78379036054,105.643409011194,149.639090673289,0.814736842105263,1.36842105263158,1.09157894736842,0.717205685333997,8.79575842656562,20.5099036175713
7.74,9.5,27.32,5.88847245325909,7.22745326950406,20.7846340339843,1044.78379036054,105.643409011194,129.218295473951,0.814736842105263,1.43789473684211,1.12631578947368,0.78531363994327,8.82795514332957,18.6756426080273
7.74,9.5,28.7,5.88847245325909,7.22745326950406,21.8345167194491,1044.78379036054,105.643409011194,149.626714267259,0.814736842105263,1.51052631578947,1.16263157894737,0.856751938586709,8.98234897113727,17.5699208440208
7.74,9.5,30,5.88847245325909,7.22745326950406,22.8235366405391,1044.78379036054,105.643409011194,137.318733452325,0.814736842105263,1.57894736842105,1.19684210526316,0.92421905176635,9.23523148631475,16.2506256683448
