"k","n_eff","delta_chi2","amp","phase"
6,4.56470732810782,380.472193132504,10.7501355607674,2.71076372329811
6.02,4.57992301920152,364.749321565425,10.5869371657011,2.72080938147818
6.04,4.59513871029521,347.94060918461,10.4009218648768,2.73158751293431
6.06,4.6103544013889,330.174587611698,10.1919747661022,2.74317551767811
6.08,4.6255700924826,311.59124436097,9.96009331598807,2.75566181460538
6.1,4.64078578357629,292.340899703722,9.70539687930695,2.76914930361241
6.12,4.65600147466998,272.582870283095,9.42813602299066,2.78375972288717
6.14,4.67121716576367,252.483935655921,9.1287018582592,2.79963921710341
6.16,4.68643285685737,232.216630714665,8.80763602424893,2.816965560742
6.18,4.70164854795106,211.957393193334,8.46564222708343,2.83595766827495
6.2,4.71686423904475,191.884600901263,8.10360073390322,2.85688829970377
6.22,4.73207993013845,172.176537697804,7.72258795110296,2.88010128261037
6.24,4.74729562123214,153.009330300381,7.32390433870861,2.90603519210936
6.26,4.76251131232583,134.55489964709,6.90911568015119,2.93525636584232
6.28,4.77772700341952,116.978970621516,6.48011556851785,2.96850553727518
6.3,4.79294269451322,100.439182477483,6.03922162299273,3.00676444263193
6.32,4.80815838560691,85.0833393407775,5.5893256602731,3.05135165069306
6.34,4.8233740767006,71.0478358556902,5.13413084416181,3.1040603543142
6.36,4.83858976779429,58.4562875961092,4.67852964471665,-3.11583215020117
6.38,4.85380545888799,47.4183895368406,4.22920790277522,-3.03856238102937
6.4,4.86902114998168,38.0290189802618,3.79559789739758,-2.94269362109301
6.42,4.88423684107537,30.3675921721042,3.39130799624781,-2.82219771587247
6.44,4.89945253216907,24.4976767301159,3.03597067541197,-2.67010719301386
6.46,4.91466822326276,20.4668552417716,2.75664548866899,-2.48082499685069
6.48,4.92988391435645,18.3068292142307,2.58600528487363,-2.25561644358024
6.5,4.94509960545014,18.0337471852145,2.55327914542297,-2.00902666764837
6.52,4.96031529654384,19.6487363735068,2.66993337170977,-1.76694291238189
6.54,4.97553098763753,23.1386138487069,2.92346469131874,-1.55271030027205
6.56,4.99074667873122,28.4767508604855,3.28673055211465,-1.37620112299135
6.58,5.00596236982491,35.624062662202,3.73146162168686,-1.23570085071124
6.6,5.02117806091861,44.5300958235384,4.23517306744473,-1.12474052010148
6.62,5.0363937520123,55.1341855458231,4.78199086049294,-1.03652153713885
6.64,5.05160944310599,67.3666567430046,5.36123252258756,-0.965461312512422
6.66,5.06682513419968,81.1500444871308,5.96582628591144,-0.907360537131667
6.68,5.08204082529338,96.4003116919666,6.59112818661448,-0.859154224293554
6.7,5.09725651638707,113.028044478589,7.23413668984743,-0.818616948889512
6.72,5.11247220748076,130.939608399789,7.89299160046732,-0.784122957404933
6.74,5.12768789857446,150.038251478691,8.56665735269582,-0.754471236606476
6.76,5.14290358966815,170.225142743086,9.25472262477861,-0.72876277693007
6.78,5.15811928076184,191.400337531861,9.95727351115001,-0.706315350126952
6.8,5.17333497185553,213.463663255621,10.6748140746816,-0.68660419251961
6.82,5.18855066294923,236.315521470526,11.4082183520464,-0.669220364052401
6.84,5.20376635404292,259.857604049947,12.1587041257047,-0.653841178242709
6.86,5.21898204513661,283.993522904962,12.9278226010259,-0.640208934869704
6.88,5.23419773623031,308.629354115594,13.7174605212907,-0.628115422801189
6.9,5.249413427324,333.674098502946,14.5298528056581,-0.617390480506994
6.92,5.26462911841769,359.040061617212,15.367604857328,-0.607893445648906
6.94,5.27984480951138,384.64315686125,16.2337244752712,-0.599506687659505
6.96,5.29506050060508,410.403136039091,17.1316639490301,-0.592130660951294
6.98,5.31027619169877,436.243752039074,18.0653735151919,-0.585680081941064
7,5.32549188279246,462.092858656342,19.0393679776239,-0.580080946749833
7.02,5.34070757388615,487.882452751735,20.0588090054038,-0.575268185367686
7.04,5.35592326497985,513.548664053033,21.1296064898664,-0.571183803474786
7.06,5.37113895607354,539.031697946699,22.2585434457964,-0.567775402402609
7.08,5.38635464716723,564.275736597054,23.4534303865493,-0.564994995856868
7.1,5.40157033826092,589.228803675564,24.7232970331999,-0.562798062348493
7.12,5.41678602935462,613.842597893276,26.0786318389867,-0.56114278707217
7.14,5.43200172044831,638.072300409971,27.5316834210077,-0.559989457806266
7.16,5.447217411542,661.876361047278,29.0968430340036,-0.559299987381347
7.18,5.4624331026357,685.216268062755,30.7911343638252,-0.559037541151806
7.2,5.47764879372939,708.05630604822,32.6348471854741,-0.559166252260587
7.22,5.49286448482308,730.363306300096,34.6523664237266,-0.559651010712272
7.24,5.50808017591677,752.106393772632,36.8732704250097,-0.56045731465955
7.26,5.52329586701047,773.256734467606,39.3338059503052,-0.561551174082359
7.28,5.53851155810416,793.787286839059,42.0788994473598,-0.562899058363278
7.3,5.55372724919785,813.672560499639,45.1649463734771,-0.564467880263372
7.32,5.56894294029155,832.888385210856,48.6637534828556,-0.566225009576935
7.34,5.58415863138524,851.411692825004,52.6682307160236,-0.56813831036529
7.36,5.59937432247893,869.220314527181,57.3008103462935,-0.570176196195946
7.38,5.61459001357262,886.292795404981,62.7262495422196,-0.572307698285753
7.4,5.62980570466632,902.608228056604,69.1717310908807,-0.574502541895128
7.42,5.64502139576001,918.14610663908,76.9596245774507,-0.576731226765203
7.44,5.6602370868537,932.886202461748,86.5633011862109,-0.578965107841828
7.46,5.6754527779474,946.808461949338,98.7074415479712,-0.581176472994762
7.48,5.69066846904109,959.892927537559,114.560553873836,-0.58333861491578
7.5,5.70588416013478,972.119681823453,136.136487436043,-0.585425894861011
7.52,5.72109985122847,983.468815075139,167.228106055304,-0.587413796382444
7.54,5.73631554232217,993.920416010467,215.929293701258,-0.589278967661898
7.56,5.75153123341586,1003.45458558201,303.145103757546,-0.59099925150782
7.58,5.76674692450955,1012.05147335384,504.540611681381,-0.592553702491538
7.6,5.78196261560324,1019.69133592338,1470.08582001787,-0.593922591076805
7.62,5.79717830669694,1026.35461672429,1646.82107077419,2.54650525866224
7.64,5.81239399779063,1032.02204644129,531.608278272738,2.54556187573017
7.66,5.82760968888432,1036.67476317265,318.262735440301,2.54485609645852
7.68,5.84282537997802,1040.29445138142,227.742554224065,2.54440299365003
7.7,5.85804107107171,1042.86349858601,177.667204275516,2.54421658347321
7.72,5.8732567621654,1044.36516864182,145.864612740528,2.54430988750382
7.74,5.88847245325909,1044.78379036054,123.863792051645,2.54469500240792
7.76,5.90368814435279,1044.10496009555,107.727790890745,2.54538317618166
7.78,5.91890383544648,1042.31575678918,95.3781235499199,2.54638488990635
7.8,5.93411952654017,1039.40496782693,85.6138500504194,2.54770994404865
7.82,5.94933521763387,1035.36332387517,77.6926273041489,2.54936754842928
7.84,5.96455090872756,1030.18374069065,71.13085704068,2.55136641509301
7.86,5.97976659982125,1023.86156568452,65.5999707792111,2.55371485343509
7.88,5.99498229091494,1016.39482680097,60.8689031681265,2.55642086706762
7.9,6.01019798200864,1007.78448103643,56.7704143157237,2.55949225204283
7.92,6.02541367310233,998.034659682868,53.1804718537423,2.56293669618373
7.94,6.04062936419602,987.152907134663,50.0051432011787,2.56676187940561
7.96,6.05584505528971,975.15040986165,47.1719893399686,2.57097557504163
7.98,6.07106074638341,962.042211928449,44.6242543637426,2.5755857523121
8,6.0862764374771,947.847413243995,42.3168458139503,2.5806006801993
8.02,6.10149212857079,932.589346565674,40.2134935161134,2.58602903310764
8.04,6.11670781966448,916.295729171725,38.2847027342922,2.59187999880303
8.06,6.13192351075818,898.998785066233,36.5062542146044,2.59816338923652
8.08,6.14713920185187,880.735333604836,34.8580880071209,2.60488975496475
8.1,6.16235489294556,861.546840538467,33.3234612652754,2.61207050398661
8.12,6.17757058403926,841.479427676753,31.888304696438,2.61971802591938
8.14,6.19278627513295,820.583837681359,30.540725091697,2.62784582254155
8.16,6.20800196622664,798.915350918254,29.2706166635067,2.63646864583186
8.18,6.22321765732033,776.533651829908,28.0693543848298,2.64560264473423
8.2,6.23843334841403,753.502642933006,26.9295497937308,2.65526552197606
8.22,6.25364903950772,729.890205299565,25.844854851724,2.66547670235855
8.24,6.26886473060141,705.767905229994,24.809803104661,2.67625751401912
8.26,6.2840804216951,681.210647761432,23.819680042622,2.68763138423152
8.28,6.2992961127888,656.296278654994,22.8704164929382,2.69962405134846
8.3,6.31451180388249,631.105137547773,21.9585003142418,2.71226379449295
8.32,6.32972749497618,605.719566012853,21.0809027314805,2.72558168254884
8.34,6.34494318606988,580.223375312758,20.235016461351,2.73961184386331
8.36,6.36015887716357,554.701279626232,19.4186033945952,2.75439175782073
8.38,6.37537456825726,529.238301442769,18.6297500759804,2.76996256903121
8.4,6.39059025935095,503.919156620454,17.8668295904104,2.78636942423814
8.42,6.40580595044465,478.827627261282,17.1284687505214,2.80366183110332
8.44,6.42102164153834,454.045931046589,16.413519706261,2.82189403667115
8.46,6.43623733263203,429.654095972863,15.7210352742572,2.84112542140231
8.48,6.45145302372573,405.729349518908,15.0502474244475,2.86142090202642
8.5,6.46666871481942,382.345531151102,14.4005484709332,2.88285133286336
8.52,6.48188440591311,359.572536734275,13.7714745987544,2.90549389042709
8.54,6.4971000970068,337.475802868212,13.1626914220503,2.92943241971559
8.56,6.5123157881005,316.115838429916,12.5739813144312,2.95475771221834
8.58,6.52753147919419,295.547809691558,12.0052322808528,2.9815676749159
8.6,6.54274717028788,275.821184332104,11.4564281525172,3.00996733599377
8.62,6.55796286138158,256.97943850041,10.927639882302,3.04006861632939
8.64,6.57317855247527,239.059829855611,10.4190176974021,3.07198977596946
8.66,6.58839424356896,222.093238245554,9.93078382754102,3.10585442221512
8.68,6.60360993466265,206.104074423904,9.46322547081757,-3.14139536532572
8.7,6.61882562575635,191.110255988089,9.01668758560962,-3.10326011000912
8.72,6.63404131685004,177.123248577089,8.59156500885986,-3.0627979988608
8.74,6.64925700794373,164.148169329055,8.18829330539347,-3.01988796630287
8.76,6.66447269903742,152.183948687794,7.80733766279685,-2.9744205694866
8.78,6.67968839013112,141.22354588228,7.44917908365808,-2.9263049146613
8.8,6.69490408122481,131.254212795622,7.11429712416493,-2.87547693176021
8.82,6.7101197723185,122.257800495412,6.80314852842952,-2.82190880614193
8.84,6.7253354634122,114.211102414942,6.51614136126167,-2.7656191206413
8.86,6.74055115450589,107.086228048986,6.25360469378266,-2.7066829425161
8.88,6.75576684559958,100.851001047966,6.01575456754134,-2.64524074965281
8.9,6.77098253669327,95.4693757462483,5.80265782418242,-2.58150480607716
8.92,6.78619822778697,90.9018664267787,5.61419633296048,-2.51576147767116
8.94,6.80141391888066,87.1059839862464,5.45003498412493,-2.44836814112539
8.96,6.81662960997435,84.0366751023284,5.30959728594468,-2.37974385901707
8.98,6.83184530106804,81.6467594966161,5.19205225641954,-2.3103538533476
9,6.84706099216174,79.8873614136864,5.09631539544173,-2.24068886154003
9.02,6.86227668325543,78.7083319792764,5.02106492008011,-2.17124144422813
9.04,6.87749237434912,78.058659640672,4.96477243843083,-2.10248194498661
9.06,6.89270806544282,77.8868664147922,4.92574528224984,-2.0348368768155
9.08,6.90792375653651,78.1413881595981,4.90217628008452,-1.96867200403844
9.1,6.9231394476302,78.7709375309751,4.89219613763568,-1.90428146509697
9.12,6.93835513872389,79.7248486805802,4.89392385266728,-1.84188321921993
9.14,6.95357082981759,80.9534030829673,4.90551153964684,-1.78162017380101
9.16,6.96878652091128,82.4081361478457,4.92518134895097,-1.72356573870332
9.18,6.98400221200497,84.042124472966,4.95125350335337,-1.6677323071666
9.2,6.99921790309866,85.8102537240557,4.98216559483007,-1.61408122260566
9.22,7.01443359419236,87.669467192547,5.01648406596951,-1.56253304508062
9.24,7.02964928528605,89.5789950827675,5.05290923100143,-1.51297726641674
9.26,7.04486497637974,91.5005645235869,5.09027533040653,-1.46528095233185
9.28,7.06008066747344,93.3985901926681,5.12754704754335,-1.41929606370586
9.3,7.07529635856713,95.2403452932449,5.16381373137268,-1.37486540912388
9.32,7.09051204966082,96.99611244466,5.19828233434726,-1.33182730974518
9.34,7.10572774075451,98.639313850319,5.23026983515812,-1.29001912853545
9.36,7.12094343184821,100.146619903466,5.25919569897631,-1.24927984502566
9.38,7.1361591229419,101.498035195837,5.2845747451232,-1.20945185876322
9.4,7.15137481403559,102.676960721128,5.30601064625384,-1.17038219110972
9.42,7.16659050512928,103.670230928732,5.32319017130878,-1.13192323422867
9.44,7.18180619622298,104.468124197032,5.33587820143461,-1.09393317328432
9.46,7.19702188731667,105.064345272956,5.34391348794141,-1.05627618610826
9.48,7.21223757841036,105.455978277154,5.34720507870011,-1.01882250541299
9.5,7.22745326950406,105.643409011194,5.34572930955938,-0.98144841258078
9.52,7.24266896059775,105.630215531975,5.33952723672625,-0.944036219075741
9.54,7.25788465169144,105.423026282431,5.32870237187281,-0.906474281229481
9.56,7.27310034278513,105.031345486128,5.31341857209497,-0.868657085976498
9.58,7.28831603387883,104.467346022418,5.29389793054661,-0.830485438426315
9.6,7.30353172497252,103.745630588706,5.27041850998684,-0.791866776283092
9.62,7.31874741606621,102.882962613439,5.24331176050212,-0.752715630379044
9.64,7.3339631071599,101.897969088976,5.21295946464282,-0.712954244302456
9.66,7.3491787982536,100.810818224258,5.17979005889451,-0.672513358631848
9.68,7.36439448934729,99.6428755475899,5.14427419089419,-0.631333156063648
9.7,7.37961018044098,98.4163427896783,5.106919388503,-0.589364352305526
9.72,7.39482587153468,97.1538845171672,5.06826374134058,-0.546569403796292
9.74,7.41004156262837,95.8782480365044,5.02886852925622,-0.50292378725186
9.76,7.42525725372206,94.6118825192025,4.98930977676481,-0.458417288357997
9.78,7.44047294481576,93.3765635877207,4.9501687683741,-0.41305521887587
9.8,7.45568863590945,92.1930297269355,4.91202162652513,-0.36685946491212
9.82,7.47090432700314,91.0806368366902,4.87542812951945,-0.319869256680538
9.84,7.48612001809683,90.0570370108398,4.84092002727322,-0.272141544719261
9.86,7.50133570919052,89.1378872208988,4.80898919177915,-0.223750872209271
9.88,7.51655140028422,88.336593009135,4.78007600854336,-0.174788650160482
9.9,7.53176709137791,87.6640915760181,4.75455846548915,-0.125361772875929
9.92,7.5469827824716,87.1286778071626,4.73274241738465,-0.0755905543840537
9.94,7.5621984735653,86.7358758565169,4.71485348899493,-0.0256060191742725
9.96,7.57741416465899,86.4883579219058,4.70103102470832,0.0244533629935653
9.98,7.59262985575268,86.3859108525976,4.6913243972959,0.0744453554221516
10,7.60784554684637,86.4254502537951,4.68569186053002,0.124227861200612
10.02,7.62306123794007,86.6010808333704,4.68400198179116,0.173662849152865
10.04,7.63827692903376,86.9042009019322,4.68603753741205,0.222620086941267
10.06,7.65349262012745,87.3236482118155,4.69150161229728,0.2709804883583
10.08,7.66870831122115,87.8458837210528,4.70002553142241,0.318638919858446
10.1,7.68392400231484,88.4552094036844,4.71117817490206,0.365506362372216
10.12,7.69913969340853,89.1340159000902,4.72447619528414,0.411511380933025
10.14,7.71435538450222,89.8630556048738,4.73939466435948,0.456600909183287
10.16,7.72957107559592,90.6217367139034,4.75537772073534,0.500740402313365
10.18,7.74478676668961,91.3884337799282,4.77184885903492,0.543913446517991
10.2,7.7600024577833,92.1408104381808,4.78822058589013,0.586120934136446
10.22,7.77521814887699,92.856150137126,4.80390325645898,0.627379921899372
10.24,7.79043383997069,93.5116909235003,4.81831298943689,0.667722287259415
10.26,7.80564953106438,94.0849605629373,4.83087863236748,0.707193287535848
10.28,7.82086522215807,94.554108509481,4.84104780902537,0.74585011159014
10.3,7.83608091325177,94.8982314528548,4.84829212556669,0.783760496676149
10.32,7.85129660434546,95.0976893600673,4.85211164260852,0.821001466093245
10.34,7.86651229543915,95.1344090802122,4.85203873814717,0.857658227762218
10.36,7.88172798653284,94.9921726955836,4.84764149363048,0.8938232606673
10.38,7.89694367762654,94.6568878796315,4.83852673511566,0.929595605577704
10.4,7.91215936872023,94.1168375688067,4.8243428557356,0.965080368517249
10.42,7.92737505981392,93.3629062795553,4.80478253683245,1.00038843978
10.44,7.94259075090762,92.3887804152546,4.77958547490098,1.03563642742985
10.46,7.95780644200131,91.1911199241185,4.7485412113143,1.0709468016201
10.48,7.973022133095,89.7696987022355,4.71149215268509,1.10644824411384
10.5,7.98823782418869,88.1275112003859,4.66833686227487,1.14227619539942
10.52,8.00345351528238,86.2708428027072,4.61903369735734,1.17857358900579
10.54,8.01866920637608,84.2093017118314,4.5636048637364,1.21549175809446
10.56,8.03388489746977,81.9558103091913,4.5021409561316,1.25319149196058
10.58,8.04910058856346,79.5265542681918,4.43480605070633,1.29184420817209
10.6,8.06431627965716,76.940888087167,4.36184341166604,1.33163318767779
10.62,8.07953197075085,74.2211961796129,4.28358186450286,1.37275479265211
10.64,8.09474766184454,71.3927092102967,4.20044286939512,1.41541954670939
10.66,8.10996335293824,68.4832759920901,4.11294829251298,1.45985290028523
10.68,8.12517904403193,65.5230919518035,4.02172881048694,1.5062954258935
10.7,8.14039473512562,62.5443859227234,3.92753278013172,1.55500208452122
10.72,8.15561042621931,59.5810678120397,3.83123524332331,1.60624007388997
10.74,8.17082611731301,56.6683405058502,3.733846493382,1.66028461601485
10.76,8.1860418084067,53.8422801926936,3.63651928092598,1.71741188206337
10.78,8.20125749950039,51.1393900861694,3.54055326654821,1.77788812530456
10.8,8.21647319059409,48.5961332841471,3.44739473836549,1.84195406977734
10.82,8.23168888168778,46.2484511908333,3.35862895411526,1.909803798492
10.84,8.24690457278147,44.1312745228133,3.27596187120002,1.98155795674025
10.86,8.26212026387516,42.2780343958511,3.20118774315323,2.0572321962286
10.88,8.27733595496885,40.7201813215725,3.13613946595445,2.13670351351422
10.9,8.29255164606255,39.4867201115521,3.08262009803472,2.21967932284696
10.92,8.30776733715624,38.6037686727032,3.04231697711739,2.30567618099508
10.94,8.32298302824993,38.0941484706345,3.01670419592646,2.39401602824351
10.96,8.33819871934363,37.9770140300498,3.00694399231454,2.48384643973977
10.98,8.35341441043732,38.2675282346572,3.01380117431693,2.57418705415945
11,8.36863010153101,38.9765893917829,3.03758510900668,2.66399778622749
11.02,8.3838457926247,40.1106150559317,3.07812996161908,2.75225793131116
11.04,8.3990614837184,41.6713864854319,3.13481647726038,2.83804173097823
11.06,8.41427717481209,43.6559563692826,3.2066301246703,2.92057713784643
11.08,8.42949286590578,46.0566211459263,3.29224389368787,2.99927980664601
11.1,8.44470855699948,48.8609578855394,3.39011141595938,3.07376122774993
11.12,8.45992424809317,52.0519243690869,3.49855742629675,-3.13936970041605
11.14,8.47513993918686,55.6080197184019,3.61585646002343,-3.07379231369662
11.16,8.49035563028055,59.5035017583832,3.7402952180707,-3.01261901849071
11.18,8.50557132137425,63.7086562673067,3.87021783101137,-2.95568718859938
11.2,8.52078701246794,68.1901124306132,4.00405571733529,-2.90277397175509
11.22,8.53600270356163,72.9111981862297,4.14034490062436,-2.85362041291709
11.24,8.55121839465532,77.8323287536914,4.27773387875372,-2.80794988403357
11.26,8.56643408574902,82.9114214836736,4.41498482793674,-2.76548133655361
11.28,8.58164977684271,88.1043302453436,4.55097039078463,-2.72593826295838
11.3,8.5968654679364,93.3652928719966,4.68466773740422,-2.68905432671255
11.32,8.6120811590301,98.6473856856392,4.8151511001252,-2.65457653467732
11.34,8.62729685012379,103.902979784172,4.94158359928962,-2.62226667581867
11.36,8.64251254121748,109.084194558825,5.0632088981113,-2.59190158924342
11.38,8.65772823231117,114.14334476737,5.17934303220524,-2.56327267976372
11.4,8.67294392340487,119.033378370004,5.28936663343771,-2.53618498008087
11.42,8.68815961449856,123.708303189174,5.39271768927265,-2.51045596611602
11.44,8.70337530559225,128.123601233263,5.48888493235621,-2.4859142628068
11.46,8.71859099668595,132.236630183335,5.57740192906428,-2.46239832737628
11.48,8.73380668777964,136.007012044465,5.6578419218377,-2.43975516127635
11.5,8.74902237887333,139.397009279761,5.72981347269269,-2.41783907695852
11.52,8.76423806996702,142.371888857779,5.79295695065851,-2.39651052834258
11.54,8.77945376106072,144.900274544121,5.84694190185735,-2.37563500206791
11.56,8.79466945215441,146.954487459654,5.89146533633493,-2.35508195864914
11.58,8.8098851432481,148.510874425563,5.92625096014821,-2.33472380730858
11.6,8.82510083434179,149.550122944991,5.95104937469585,-2.31443489466236
11.62,8.84031652543549,150.057560867757,5.96563925827153,-2.29409048499442
11.64,8.85553221652918,150.023437891861,5.96982953798685,-2.27356570814876
11.66,8.87074790762287,149.443185123611,5.9634625543554,-2.2527344498411
11.68,8.88596359871656,148.317648001339,5.94641821682733,-2.23146815829283
11.7,8.90117928981026,146.653287042423,5.91861914731382,-2.20963454050121
11.72,8.91639498090395,144.462340155798,5.88003681110638,-2.18709612129936
11.74,8.93161067199764,141.762939725606,5.83069864135898,-2.1637086389341
11.76,8.94682636309134,138.579177363717,5.7706961750742,-2.13931925277121
11.78,8.96204205418503,134.941109190608,5.70019423564826,-2.11376454289527
11.8,8.97725774527872,130.884694765147,5.61944121932642,-2.08686828935538
11.82,8.99247343637241,126.451663364685,5.52878056939987,-2.0584390330396
11.84,9.00768912746611,121.689302222687,5.42866355024116,-2.02826744431444
11.86,9.0229048185598,116.650162555801,5.31966345856088,-1.99612356510881
11.88,9.03812050965349,111.391680733457,5.20249142297334,-1.96175405295732
11.9,9.05333620074719,105.975713726166,5.07801393033503,-1.92487965267937
11.92,9.06855189184088,100.467989964844,4.94727215413876,-1.88519326744925
11.94,9.08376758293457,94.9374788925197,4.81150300828767,-1.84235921366608
11.96,9.09898327402826,89.4556847219246,4.67216155129501,-1.79601454113921
11.98,9.11419896512196,84.0958721501884,4.53094384002744,-1.74577369192404
12,9.12941465621565,78.9322339437385,4.38980847421586,-1.69123824320003
12.02,9.14463034730934,74.0390123098696,4.25099377145391,-1.63201396071313
12.04,9.15984603840303,69.4895877361596,4.1170256959982,-1.56773770121502
12.06,9.17506172949673,65.3555504309297,3.99070940628746,-1.49811649843453
12.08,9.19027742059042,61.7057705723855,3.87509498157792,-1.42297989967428
12.1,9.20549311168411,58.6054842188241,3.77340648460266,-1.34234363159572
12.12,9.22070880277781,56.1154119099992,3.68892464872277,-1.25647756323888
12.14,9.2359244938715,54.2909266801144,3.6248191838002,-1.16596429345359
12.16,9.25114018496519,53.1812874041316,3.58393831302101,-1.07172894774349
12.18,9.26635587605888,52.8289521271145,3.56857938953396,-0.975020214135465
12.2,9.28157156715258,53.2689843163971,3.58027979058409,-0.877331374356068
12.22,9.29678725824627,54.5285628793972,3.61967312452486,-0.780267993560841
12.24,9.31200294933996,56.6266043722426,3.6864454413042,-0.685388980778024
12.26,9.32721864043365,59.5735031648837,3.77940105993364,-0.594058859362374
12.28,9.34243433152735,63.370992514152,3.89661850115058,-0.507344318044828
12.3,9.35765002262104,68.0121266211972,4.03565713679432,-0.42597049722029
12.32,9.37286571371473,73.4813809090447,4.19377152441042,-0.35033242354506
12.34,9.38808140480842,79.754865044375,4.36810043926589,-0.280544024456954
12.36,9.40329709590212,86.8006407342109,4.55581332806948,-0.216504164905505
12.38,9.41851278699581,94.5791341348267,4.7542109337524,-0.157963297112484
12.4,9.4337284780895,103.043630887896,4.96078568582167,-0.104580998034867
12.42,9.4489441691832,112.140840405311,5.17325112159762,-0.0559705852604382
12.44,9.46415986027689,121.811515102301,5.38954975681075,-0.0117308709309406
12.46,9.47937555137058,131.991109854331,5.60784724717427,0.0285329730925995
12.48,9.49459124246427,142.610467035574,5.82651862781287,0.065196891749207
12.5,9.50980693355797,153.596513075794,6.04413054168806,0.0986113666773476
12.52,9.52502262465166,164.872953520553,6.25942191080364,0.129098821245456
12.54,9.54023831574535,176.360955051452,6.47128448023794,0.156953542007399
12.56,9.55545400683905,187.979804757102,6.67874399914153,0.182443077890096
12.58,9.57066969793274,199.647539065219,6.88094239954872,0.205810415542787
12.6,9.58588538902643,211.281537063503,7.07712110910645,0.227276476177652
12.62,9.60110108012012,222.799075354073,7.26660552335068,0.247042651939373
12.64,9.61631677121382,234.117844000175,7.44879062160393,0.26529321662916
12.66,9.63153246230751,245.156425429886,7.62312770750116,0.282197522456443
12.68,9.6467481534012,255.834740257364,7.78911227091154,0.297911943837817
12.7,9.66196384449489,266.074465773225,7.94627299028439,0.312581560167677
12.72,9.67717953558859,275.799434257122,8.0941619157682,0.326341588267241
12.74,9.69239522668228,284.936019209352,8.23234588958499,0.339318586150437
12.76,9.70761091777597,293.413518033212,8.3603992689608,0.351631455645337
12.78,9.72282660886967,301.164539596044,8.47789801768869,0.363392274104625
12.8,9.73804229996336,308.125404446593,8.58441522536165,0.374706986094499
12.82,9.75325799105705,314.236564285442,8.67951809933128,0.385675985312255
12.84,9.76847368215074,319.443045611049,8.76276645481053,0.396394615527796
12.86,9.78368937324444,323.694920356513,8.83371270477702,0.406953617396175
12.88,9.79890506433813,326.947803870073,8.89190332507615,0.417439545779495
12.9,9.81412075543182,329.163377871097,8.93688174296868,0.427935179932026
12.92,9.82933644652551,330.309933141856,8.96819257080365,0.438519946702318
12.94,9.84455213761921,330.362923812463,8.98538708181601,0.449270374938428
12.96,9.8597678287129,329.305522286541,8.98802980332398,0.46026059768787
12.98,9.87498351980659,327.129161264955,8.97570608467587,0.471562917698485
13,9.89019921090029,323.834047078399,8.9480304838015,0.483248451282224
13.02,9.90541490199398,319.429626754074,8.90465580762863,0.495387865931087
13.04,9.92063059308767,313.934990023597,8.84528263829347,0.508052228305275
13.06,9.93584628418136,307.379186919243,8.76966917933391,0.521313981487477
13.08,9.95106197527506,299.801441774973,8.67764126427134,0.535248073868606
13.1,9.96627766636875,291.251245393818,8.56910238464125,0.549933266876218
13.12,9.98149335746244,281.788308883442,8.44404361627659,0.565453655184906
13.14,9.99670904855614,271.482365184373,8.30255335238851,0.581900441298686
13.16,10.0119247396498,260.41280757502,8.14482679094137,0.599374016736202
13.18,10.0271404307435,248.668158353496,7.97117517359059,0.617986414748586
13.2,10.0423561218372,236.345365354515,7.7820348361177,0.637864214761156
13.22,10.0575718129309,223.548928814249,7.57797620848553,0.659151996559653
13.24,10.0727875040246,210.389866174391,7.35971299959701,0.68201646218092
13.26,10.0880031951183,196.98452752599,7.12811192141932,0.706651364094178
13.28,10.103218886212,183.453279328271,6.88420345354705,0.733283396263833
13.3,10.1184345773057,169.919078591221,6.62919432634297,0.762179213210153
13.32,10.1336502683994,156.505963683954,6.36448261007341,0.793653727877803
13.34,10.1488659594931,143.337491145438,6.09167653410275,0.828079777030679
13.36,10.1640816505868,130.535150181007,5.81261840437177,0.86589908788937
13.38,10.1792973416804,118.21678781688,5.52941518719255,0.90763415281374
13.4,10.1945130327741,106.495077891617,5.24447736694368,0.953899987084921
13.42,10.2097287238678,95.4760661724031,4.96056732769612,1.00541359719456
13.44,10.2249444149615,85.2578219311181,4.68085730385512,1.06299701984044
13.46,10.2401601060552,75.9292233829838,4.40899410181279,1.12756664988537
13.48,10.2553757971489,67.5689006052016,4.14916207406866,1.20009706513724
13.5,10.2705914882426,60.2443550750031,3.9061256575088,1.28154226173923
13.52,10.2858071793363,54.0112699813799,3.6852171322666,1.37269381939807
13.54,10.30102287043,48.9130201728367,3.49221616572381,1.47396070626707
13.56,10.3162385615237,44.9803852084297,3.33305512696201,1.58508036929525
13.58,10.3314542526174,42.2314636785195,3.21330023801508,1.70482429510243
13.6,10.3466699437111,40.6717819372752,3.1374307000136,1.83082973543884
13.62,10.3618856348048,40.2945858003877,3.1080661961802,1.95971551424599
13.64,10.3771013258985,41.0812997415997,3.12540837139199,2.08754971428714
13.66,10.3923170169921,43.002134772807,3.18714556264407,2.21054054381747
13.68,10.4075327080858,46.0168235861565,3.28887944199432,2.32566929111316
13.7,10.4227483991795,50.0754597146079,3.42489244893608,2.43102548321682
13.72,10.4379640902732,55.1194164428744,3.58896642790883,2.52579690522534
13.74,10.4531797813669,61.0823209622249,3.77503053416051,2.61003346051884
13.76,10.4683954724606,67.8910597758622,3.97755894297162,2.6843429358596
13.78,10.4836111635543,75.4667925741705,4.19174763706134,2.74962474743959
13.8,10.498826854648,83.7259536414676,4.41354157919863,2.80688082828782
13.82,10.5140425457417,92.5812222459463,4.63957986664389,2.85710054007082
13.84,10.5292582368354,101.942446307679,4.86710615023221,2.90120064941554
13.86,10.5444739279291,111.717506832592,5.09387170126335,2.94000064822079
13.88,10.5596896190228,121.813114031524,5.31804452434796,2.97421835703279
13.9,10.5749053101165,132.135529595558,5.5381296813435,3.00447590738606
13.92,10.5901210012102,142.591213150983,5.75290175842227,3.03131018870591
13.94,10.6053366923038,153.087394347349,5.96134853774684,3.05518449593946
13.96,10.6205523833975,163.532575220906,6.16262431143332,3.07649972589941
13.98,10.6357680744912,173.836970309709,6.35601124213212,3.09560439062822
14,10.6509837655849,183.912894372559,6.54088738027132,3.11280321290895
14.02,10.6661994566786,193.675109392556,6.71670021906148,3.12836432029503
14.04,10.6814151477723,203.041143757076,6.88294492656934,-3.14066013831956
14.06,10.696630838866,211.93159704997,7.03914660968612,-3.12768793716549
14.08,10.7118465299597,220.270443744394,7.18484613082283,-3.11571470810243
14.1,10.7270622210534,227.985348247825,7.31958911795365,-3.10456955476681
14.12,10.7422779121471,235.008002252067,7.44291788933025,-3.09409780605018
14.14,10.7574936032408,241.27449323516,7.55436606383108,-3.08415893831907
14.16,10.7727092943345,246.72571032725,7.6534556541446,-3.07462486575682
14.18,10.7879249854282,251.307790688068,7.73969644957329,-3.06537850889689
14.2,10.8031406765218,254.972606167685,7.81258749388206,-3.05631256707186
14.22,10.8183563676155,257.678286465441,7.87162045591776,-3.04732843389168
14.24,10.8335720587092,259.389771405284,7.91628468030025,-3.03833520605838
14.26,10.8487877498029,260.079381454208,7.94607369499818,-3.02924874492439
14.28,10.8640034408966,259.72739237002,7.96049294393761,-3.01999075730219
14.3,10.8792191319903,258.322597016144,7.95906850717021,-3.01048786720248
14.32,10.894434823084,255.862835057695,7.94135656927961,-3.00067065345221
14.34,10.9096505141777,252.355469573569,7.90695339902699,-2.99047262951663
14.36,10.9248662052714,247.817788685959,7.85550560994166,-2.97982914125708
14.38,10.9400818963651,242.277310201065,7.78672048283224,-2.96867615565933
14.4,10.9552975874588,235.771968026405,7.70037614728454,-2.95694890851362
14.42,10.9705132785525,228.350160803737,7.59633144058606,-2.9445803712106
14.44,10.9857289696462,220.070645761301,7.47453528991884,-2.93149948561033
14.46,11.0009446607399,211.002264197235,7.33503549824704,-2.91762910040415
14.48,11.0161603518335,201.223489171614,7.17798685778722,-2.90288352114534
14.5,11.0313760429272,190.82179078495,7.00365856973845,-2.88716555716933
14.52,11.0465917340209,179.892819697012,6.81244101860609,-2.87036290906942
14.54,11.0618074251146,168.539415103085,6.60485203915446,-2.85234368607847
14.56,11.0770231162083,156.870449022492,6.38154293145447,-2.83295076767169
14.58,11.092238807302,144.999524239676,6.14330463624831,-2.81199461944359
14.6,11.1074544983957,133.043548341124,5.89107469665225,-2.78924402782142
14.62,11.1226701894894,121.121210790418,5.62594593038741,-2.76441401485981
14.64,11.1378858805831,109.351393677887,5.349178161598,-2.73714991122543
14.66,11.1531015716768,97.8515495025495,5.06221497839056,-2.70700617593938
14.68,11.1683172627705,86.7360809666898,4.76670839183652,-2.67341803042449
14.7,11.1835329538642,76.1147582117956,4.46455562406935,-2.63566331944675
14.72,11.1987486449579,66.0912081780953,4.15795425786487,-2.59281130355398
14.74,11.2139643360516,56.7615088626189,3.84948489315859,-2.54365465192234
14.76,11.2291800271452,48.2129182705357,3.54223445530387,-2.48662171542156
14.78,11.2443957182389,40.5227639356453,3.23997802549283,-2.41967080040705
14.8,11.2596114093326,33.7575142007299,2.9474401980722,-2.34018289863808
14.82,11.2748271004263,27.9720471975706,2.67065042176321,-2.24490769927543
14.84,11.29004279152,23.2091278648368,2.41736818920396,-2.13010287321424
14.86,11.3052584826137,19.4990976100198,2.19743486708484,-1.99215413730559
14.88,11.3204741737074,16.8597755709525,2.02264858578809,-1.82908612456677
14.9,11.3356898648011,15.2965650587721,1.90542952436759,-1.64306228127398
14.92,11.3509055558948,14.8027538387978,1.8557038178063,-1.44259893194937
14.94,11.3661212469885,15.3599925701164,1.87695098409991,-1.24164010710375
14.96,11.3813369380822,16.9389320877344,1.96429353171738,-1.05444276437754
14.98,11.3965526291759,19.4999973492268,2.10648869205374,-0.890186583078255
15,11.4117683202696,22.9942738241516,2.290038410059,-0.751596337802674
15.02,11.4269840113633,27.3644808933568,2.50244305170264,-0.636978551400668
15.04,11.4421997024569,32.5460064329054,2.73356658792162,-0.542783492149663
15.06,11.4574153935506,38.467977148066,2.97570922429348,-0.465224441539486
15.08,11.4726310846443,45.0543403394076,3.22317690679312,-0.400968724893331
15.1,11.487846775738,52.2249345531964,3.47178363976399,-0.347309575449171
15.12,11.5030624668317,59.8965289048356,3.71843839875772,-0.30212328934101
15.14,11.5182781579254,67.9838136688522,3.96083916848461,-0.263763852478367
15.16,11.5334938490191,76.4003278951423,4.19725585987148,-0.23095591068546
15.18,11.5487095401128,85.0593132245267,4.42637789098211,-0.202705041587338
15.2,11.5639252312065,93.8744866185625,4.64720641606549,-0.17822793556111
15.22,11.5791409223002,102.760728268378,4.85897679475562,-0.156899803637966
15.24,11.5943566133939,111.634684384855,5.06110149874482,-0.138215288252296
15.26,11.6095723044876,120.415287781405,5.25312695173512,-0.121759521440317
15.28,11.6247879955813,129.024202032826,5.43470003742326,-0.10718667447898
15.3,11.640003686675,137.386197431195,5.60554149726751,-0.0942040065795024
15.32,11.6552193777686,145.429468880848,5.76542441952577,-0.0825599524440977
15.34,11.6704350688623,153.085907215085,5.91415666458662,-0.0720351871996274
15.36,11.685650759956,160.291336135342,6.05156649253849,-0.0624358967331893
15.38,11.7008664510497,166.985727050822,6.17749093130389,-0.0535886887909218
15.4,11.7160821421434,173.113403539428,6.29176659576096,-0.0453367280606737
15.42,11.7312978332371,178.623245990973,6.39422277191226,-0.0375367840945714
15.44,11.7465135243308,183.468905287329,6.48467663679602,-0.0300569568572203
15.46,11.7617292154245,187.609032198769,6.56293050937592,-0.0227748997737677
15.48,11.7769449065182,191.007526629197,6.62877103080296,-0.0155764005844756
15.5,11.7921605976119,193.633808037248,6.68197016214826,-0.00835421035552306
15.52,11.8073762887056,195.463105419109,6.7222878699786,-0.00100703355896239
15.54,11.8225919797993,196.476762292346,6.74947634958383,0.00656139082627064
15.56,11.837807670893,196.662549298828,6.76328561576312,0.0144431744393381
15.58,11.8530233619867,196.014974476609,6.76347027443651,0.0227271787522705
15.6,11.8682390530803,194.535579054464,6.74979727682339,0.0314999697810057
15.62,11.883454744174,192.233204904351,6.72205445279526,0.0408468659080141
15.64,11.8986704352677,189.124218635439,6.68005962207424,0.0508531152204909
15.66,11.9138861263614,185.232676795786,6.62367009173792,0.0616052401899858
15.68,11.9291018174551,180.590416808453,6.55279236637641,0.0731925917570686
15.7,11.9443175085488,175.237059124662,6.46739192363092,0.0857091622548858
15.72,11.9595331996425,169.219907616469,6.36750294331376,0.09925571757872
15.74,11.9747488907362,162.59373741661,6.2532379238419,0.11394232423381
15.76,11.9899645818299,155.420462175192,6.1247971768792,0.129891367224557
15.78,12.0051802729236,147.768675949352,5.98247826230164,0.147241181247104
15.8,12.0203959640173,139.71306855516,5.82668551448894,0.166150451538834
15.82,12.035611655111,131.333717057067,5.65793992270779,0.186803583234117
15.84,12.0508273462047,122.715259999761,5.47688977028188,0.209417289932808
15.86,12.0660430372983,113.945964846727,5.284322619235,0.234248712708267
15.88,12.081258728392,105.116702724492,5.08117946196172,0.261605445695064
15.9,12.0964744194857,96.3198478351551,4.86857216456011,0.291857901530595
15.92,12.1116901105794,87.6481216611246,4.64780571310308,0.325454470600195
15.94,12.1269058016731,79.1934042341854,4.42040725215962,0.362939850377905
15.96,12.1421214927668,71.0455361921049,4.18816445539672,0.404976618750785
15.98,12.1573371838605,63.2911360458093,3.95317630117095,0.452369350943036
16,12.1725528749542,56.0124570061016,3.71791958492659,0.506088873260108
16.02,12.1877685660479,49.2863068815095,3.48533386906674,0.567290808382973
16.04,12.2029842571416,43.1830529979306,3.25892472663749,0.637316166491326
16.06,12.2181999482353,37.7657318752244,3.04287753544392,0.717650955087234
16.08,12.233415639329,33.0892806166703,2.84215758838388,0.809806429904129
16.1,12.2486313304227,29.1999037337591,2.66254224791528,0.915067047886596
16.12,12.2638470215164,26.1345855630534,2.51048801796482,1.03405887135019
16.14,12.27906271261,23.920754661598,2.39270096255626,1.16615712398038
16.16,12.2942784037037,22.5761027222179,2.31531257283784,1.30891378995995
16.18,12.3094940947974,22.1085567551163,2.282741529392,1.45788291362613
16.2,12.3247097858911,22.5163996547308,2.2966182357967,1.60720966255968
16.22,12.3399254769848,23.7885309167941,2.35531186183842,1.75091700767318
16.24,12.3551411680785,25.9048562818025,2.45434867259921,1.88425906485734
16.26,12.3703568591722,28.8367925339699,2.58748538356196,2.00445056650343
16.28,12.3855725502659,32.5478716389189,2.74789603576149,2.1106024083056
16.3,12.4007882413596,36.9944269010812,2.92905618559279,2.2031860858203
16.32,12.4160039324533,42.1263428878447,3.12521279824775,2.28342611301913
16.34,12.431219623547,47.8878505095417,3.33153087614934,2.35283665865973
16.36,12.4464353146407,54.2183488523006,3.544055645067,2.41294158757594
16.38,12.4616510057344,61.0532361086844,3.75959675311849,2.46513625071742
16.4,12.4768666968281,68.3247331961938,3.97559520247072,2.51063677419784
16.42,12.4920823879217,75.962685339422,4.19000058339791,2.5504756358591
16.44,12.5072980790154,83.8953289467681,4.40116771073675,2.58551816992835
16.46,12.5225137701091,92.0500134556059,4.60777319173317,2.61648626015758
16.48,12.5377294612028,100.353870358562,4.8087492351073,2.64398253202178
16.5,12.5529451522965,108.734424261034,5.00323129180718,2.66851219845586
16.52,12.5681608433902,117.120143455071,5.19051640224407,2.69050164761096
16.54,12.5833765344839,125.440930027322,5.37002971449765,2.71031375521449
16.56,12.5985922255776,133.628551853551,5.54129724179908,2.72826026674312
16.58,12.6138079166713,141.617020881546,5.7039234434503,2.7446117013552
16.6,12.629023607765,149.342923793378,5.85757261962411,2.75960522237245
16.62,12.6442392988587,156.745712406173,6.00195341592556,2.77345086802112
16.64,12.6594549899524,163.76796197578,6.13680595561303,2.78633647385052
16.66,12.6746706810461,170.355605886805,6.26189127364546,2.79843155880455
16.68,12.6898863721398,176.458155043067,6.37698283245318,2.80989039541075
16.7,12.7051020632334,182.028909632387,6.48185996679706,2.82085444194371
16.72,12.7203177543271,187.025169867058,6.57630314400298,2.8314542799872
16.74,12.7355334454208,191.408450851555,6.66009094390972,2.84181117327835
16.76,12.7507491365145,195.144704974107,6.73299866616604,2.8520383417394
16.78,12.7659648276082,198.204553242824,6.79479846597629,2.86224202702898
16.8,12.7811805187019,200.56352488363,6.84526090700274,2.8725224118383
16.82,12.7963962097956,202.20230238578,6.88415780509962,2.88297444380531
16.84,12.8116119008893,203.106967121737,6.91126622143201,2.89368860579565
16.86,12.826827591983,203.269238779765,6.92637345031279,2.90475166702776
16.88,12.8420432830767,202.686700221857,6.92928283725169,2.91624744383877
16.9,12.8572589741704,201.362998097396,6.91982025729845,2.92825759461347
16.92,12.8724746652641,199.308008672211,6.89784108344311,2.94086247040277
16.94,12.8876903563578,196.537957924043,6.86323747996649,2.9541420409421
16.96,12.9029060474515,193.075485040074,6.81594586632861,2.96817691506651
16.98,12.9181217385451,188.949639041253,6.75595441337406,2.98304947482731
17,12.9333374296388,184.195799339483,6.6833104551377,2.99884514385983
17.02,12.9485531207325,178.855512575734,6.59812772610349,3.01565381261007
17.04,12.9637688118262,172.976240035299,6.50059336512875,3.03357144572429
17.06,12.9789845029199,166.61101222047,6.39097466312843,3.05270189995356
17.08,12.9942001940136,159.817989693536,6.26962557175787,3.07315898386181
17.1,13.0094158851073,152.659931987138,6.13699303444836,3.09506879268254
17.12,13.024631576201,145.20357911029,5.99362324882471,3.11857235158403
17.14,13.0398472672947,137.51895285098,5.84016802002129,-3.13935671086723
17.16,13.0550629583884,129.678587588041,5.67739141624364,-3.11216759882137
17.18,13.0702786494821,121.756702581028,5.50617698820102,-3.08284051003802
17.2,13.0854943405758,113.828329625216,5.32753585722968,-3.05114143123237
17.22,13.1007100316695,105.968411472601,5.142616002867,-3.01680330836949
17.24,13.1159257227632,98.2508874797932,4.95271307125793,-2.97952201373519
17.26,13.1311414138568,90.7477835207283,4.75928295019023,-2.93895289322981
17.28,13.1463571049505,83.5283232846632,4.56395616392796,-2.89470869606644
17.3,13.1615727960442,76.65807767757,4.36855375166999,-2.84636017049095
17.32,13.1767884871379,70.1981681812686,4.17510359037911,-2.79344128057736
17.34,13.1920041782316,64.2045387403887,3.98585495101389,-2.73546185695373
17.36,13.2072198693253,58.7273090932031,3.80328726874861,-2.67193143012531
17.38,13.222435560419,53.8102204995121,3.63010656502355,-2.60239867945716
17.4,13.2376512515127,49.4901826137284,3.46921984753387,-2.52651065747754
17.42,13.2528669426064,45.7969278740675,3.32367490010411,-2.44409353341022
17.44,13.2680826337001,42.7527773010588,3.19655193944515,-2.35525059717893
17.46,13.2832983247938,40.3725190905207,3.09079758575062,-2.26046294620033
17.48,13.2985140158875,38.6633989162801,3.00900361104629,-2.16066558528879
17.5,13.3137297069812,37.6252184903315,2.95315361393833,-2.05726314291815
17.52,13.3289453980748,37.2505367228914,2.92438444767281,-1.95205498362163
17.54,13.3441610891685,37.524965835757,2.92282297732722,-1.84706524575373
17.56,13.3593767802622,38.4275530571504,2.94754902303234,-1.74431157886204
17.58,13.3745924713559,39.9312371053384,2.99670035321613,-1.64557519700611
17.6,13.3898081624496,42.0033675829218,3.06769126358121,-1.55223421756542
17.62,13.4050238535433,44.6062746775315,3.15748612190776,-1.46519259413798
17.64,13.420239544637,47.6978762088729,3.26286621183159,-1.38489884372732
17.66,13.4354552357307,51.2323090792343,3.38064705914442,-1.31142376712284
17.68,13.4506709268244,55.1605725635527,3.50782914108313,-1.24456150148915
17.7,13.4658866179181,59.4311715943913,3.64168509797497,-1.18392710977436
17.72,13.4811023090118,63.9907492227321,3.77979697184229,-1.12903660121049
17.74,13.4963180001055,68.7846987229968,3.92005929384266,-1.07936544093362
17.76,13.5115336911992,73.757747305528,4.06066166904765,-1.03438744764572
17.78,13.5267493822929,78.8545050412977,4.20006085469736,-0.993598284012884
17.8,13.5419650733865,84.0199743234698,4.33694885974982,-0.956527961438933
17.82,13.5571807644802,89.2000169210805,4.47022092919699,-0.922746075805762
17.84,13.5723964555739,94.3417773514338,4.59894546825194,-0.891862552777393
17.86,13.5876121466676,99.3940628460405,4.72233684042199,-0.863525828449871
17.88,13.6028278377613,104.307681551196,4.83973133268281,-0.83741972602545
17.9,13.618043528855,109.035741739714,4.95056624684897,-0.813259813047986
17.92,13.6332592199487,113.53391567749,5.05436192426816,-0.79078970146024
17.94,13.6484749110424,117.760672362248,5.15070645957791,-0.769777543505121
17.96,13.6636906021361,121.677483621515,5.23924285835971,-0.750012845369735
17.98,13.6789062932298,125.249008025334,5.31965841401502,-0.731303641169583
18,13.6941219843235,128.443256753475,5.39167610522898,-0.713474023919831
18.02,13.7093376754172,131.231744985605,5.45504783910246,-0.696362005124061
18.04,13.7245533665109,133.589631596897,5.50954938320138,-0.679817662420342
18.06,13.7397690576046,135.495848989405,5.5549768417408,-0.663701530179938
18.08,13.7549847486982,136.933223827251,5.5911445376029,-0.647883187797111
18.1,13.7702004397919,137.888588330967,5.61788416421413,-0.632240002614925
18.12,13.7854161308856,138.35288068408,5.6350450710204,-0.616655987756151
18.14,13.8006318219793,138.321232073264,5.64249554491517,-0.601020738806499
18.16,13.815847513073,137.793036977506,5.64012494883763,-0.585228416865915
18.18,13.8310632041667,136.772002591293,5.62784657900005,-0.569176748659602
18.2,13.8462788952604,135.26617275249,5.60560110469724,-0.552766017015256
18.22,13.8614945863541,133.287921477811,5.57336046003001,-0.535898016970991
18.24,13.8767102774478,130.853911206563,5.53113206554519,-0.518474954033782
18.26,13.8919259685415,127.985011122964,5.47896326996486,-0.500398261659012
18.28,13.9071416596352,124.706171462582,5.41694591789433,-0.481567314907301
18.3,13.9223573507289,121.046250491323,5.34522096858514,-0.461878016551998
18.32,13.9375730418226,117.037791845723,5.26398311331478,-0.441221230834812
18.34,13.9527887329163,112.716751102285,5.17348536448829,-0.419481038897464
18.36,13.9680044240099,108.122171753832,5.07404361786415,-0.396532789145326
18.38,13.9832201151036,103.295812160442,4.96604121996003,-0.372240916222979
18.4,13.9984358061973,98.2817264557234,4.84993360513892,-0.346456505174789
18.42,14.013651497291,93.1258037714761,4.72625310020748,-0.319014584742417
18.44,14.0288671883847,87.8752714418733,4.59561402704239,-0.289731148762663
18.46,14.0440828794784,82.5781690139775,4.45871826307901,-0.258399932118004
18.48,14.0592985705721,77.2828008838587,4.31636144071735,-0.224789014983416
18.5,14.0745142616658,72.0371761622337,4.16943997162465,-0.188637407007925
18.52,14.0897299527595,66.8884449271936,4.01895905680185,-0.149651886965403
18.54,14.1049456438532,61.8823403280803,3.86604176570318,-0.107504564116242
18.56,14.1201613349469,57.062636058803,3.71193910246725,-0.0618319107863304
18.58,14.1353770260406,52.4706285236061,3.55804067192107,-0.0122364181444711
18.6,14.1505927171343,48.1446525844331,3.40588503961065,0.0417074354899347
18.62,14.1658084082279,44.1196391244957,3.25716805935895,0.100440564540807
18.64,14.1810240993216,40.4267218106615,3.1137462344719,0.164397014239805
18.66,14.1962397904153,37.0928994161077,2.97763056373694,0.233968698312562
18.68,14.211455481509,34.1407589050541,2.85096446188009,0.309454241877958
18.7,14.2266711726027,31.5882632173161,2.7359777681601,0.390991183970245
18.72,14.2418868636964,29.4486063560689,2.63490867000291,0.478475573600819
18.74,14.2571025547901,27.7301370134774,2.54988824954585,0.571480735654132
18.76,14.2723182458838,26.4363506002883,2.48278997586126,0.669196129505024
18.78,14.2875339369775,25.5659482119227,2.43505897088612,0.770413197520382
18.8,14.3027496280712,25.1129597973159,2.40754999034381,0.873581211367546
18.82,14.3179653191649,25.0669276292101,2.40041163206821,0.976938177145288
18.84,14.3331810102586,25.4131451330832,2.41304966794493,1.07869442000984
18.86,14.3483967013523,26.1329452416685,2.44418283633428,1.17722374128965
18.88,14.363612392446,27.2040317229221,2.49197777182831,1.27121357642274
18.9,14.3788280835396,28.6008463970247,2.55422912895742,1.35974375153859
18.92,14.3940437746333,30.294964822293,2.62854533931042,1.44229123601082
18.94,14.409259465727,32.2555128942186,2.71250905555351,1.51868003938589
18.96,14.4244751568207,34.4495968635711,2.80379649389961,1.58900331909993
18.98,14.4396908479144,36.842739528769,2.90025369140865,1.6535410142968
19,14.4549065390081,39.3993157788427,2.99993620428031,1.71268749699775
19.02,14.4701222301018,42.0829812340198,3.10112195127428,1.76689528621262
19.04,14.4853379211955,44.8570884246546,3.20230657422572,1.81663518814808
19.06,14.5005536122892,47.6850857344361,3.30218877067726,1.86237038544468
19.08,14.5157693033829,50.5308951772458,3.39965083829043,1.90454113442508
19.1,14.5309849944766,53.3592659438218,3.49373777553906,1.94355692245146
19.12,14.5462006855703,56.1361015101102,3.58363688762116,1.97979354479513
19.14,14.561416376664,58.8287589118481,3.66865891503053,2.01359322884811
19.16,14.5766320677577,61.4063195303825,3.74822112691368,2.04526651020678
19.18,14.5918477588513,63.8398313792786,3.82183249145666,2.07509500796348
19.2,14.607063449945,66.1025234110784,3.88908086250738,2.10333456356093
19.22,14.6222791410387,68.1699927670306,3.94962204270038,2.13021842391922
19.24,14.6374948321324,70.0203661639644,4.00317055731793,2.15596029189976
19.26,14.6527105232261,71.6344367531601,4.04949197445316,2.18075715793044
19.28,14.6679262143198,72.9957778037206,4.08839662069847,2.20479188270379
19.3,14.6831419054135,74.0908344705604,4.11973455921,2.228235534298
19.32,14.6983575965072,74.9089947229841,4.14339171434578,2.2512495020701
19.34,14.7135732876009,75.4426402553945,4.15928704230022,2.27398741968128
19.36,14.7287889786946,75.6871779012399,4.16737065979905,2.29659693417557
19.38,14.7440046697883,75.6410517502518,4.16762285324802,2.31922135938984
19.4,14.759220360882,75.305735852824,4.16005389936837,2.34200125151202
19.42,14.7744360519757,74.6857071076338,4.14470463606249,2.36507594313644
19.44,14.7896517430693,73.7883976916419,4.12164772978164,2.38858507010664
19.46,14.804867434163,72.6241262231924,4.09098959369179,2.41267012291149
19.48,14.8200831252567,71.2060067635466,4.05287291998115,2.43747605128519
19.5,14.8352988163504,69.5498347693792,4.00747980008065,2.46315294658212
19.52,14.8505145074441,67.673949213462,3.95503541848133,2.48985782077822
19.54,14.8657301985378,65.5990702921517,3.89581231901553,2.51775649252906
19.56,14.8809458896315,63.3481124323043,3.83013525624178,2.54702557798981
19.58,14.8961615807252,60.9459726866226,3.75838665757177,2.57785456473985
19.6,14.9113772718189,58.4192950527868,3.68101273162021,2.61044791782763
19.62,14.9265929629126,55.7962117517527,3.5985302610095,2.6450271230443
19.64,14.9418086540063,53.106063036088,3.51153410728872,2.68183250788057
19.66,14.9570243451,50.3790976505879,3.42070542214775,2.72112458741848
19.68,14.9722400361937,47.6461566147191,3.3268204884701,2.76318455167956
19.7,14.9874557272874,44.9383435200543,3.23075998665045,2.80831333416736
19.72,15.002671418381,42.2866850168793,3.13351826867373,2.85682847439155
19.74,15.0178871094747,39.7217855859235,3.0362118912549,2.90905771834972
19.76,15.0331028005684,37.2734810385591,2.94008617554368,2.96532802518311
19.78,15.0483184916621,34.9704954491281,2.84651790334681,3.02594844879698
19.8,15.0635341827558,32.8401063870479,2.75701144925274,3.09118539853705
19.82,15.0787498738495,30.9078233760119,2.67318479531376,-3.12195600186128
19.84,15.0939655649432,29.1970844594725,2.59674124466957,-3.04703225366134
19.86,15.1091812560369,27.7289755934726,2.52942271190256,-2.96732034261303
19.88,15.1243969471306,26.5219773214048,2.47294186365122,-2.88312270203983
19.9,15.1396126382243,25.5917428140674,2.42889371117204,-2.79498779316641
19.92,15.154828329318,24.9509108892198,2.39865260018959,-2.70372190256175
19.94,15.1700440204117,24.6089570668119,2.38326688502841,-2.61036612894766
19.96,15.1852597115054,24.5720850806538,2.38336857015361,-2.51613377851191
19.98,15.2004754025991,24.8431605688747,2.39911592808463,-2.42231438734121
20,15.2156910936927,25.4216879199594,2.43018181541262,-2.33016184137096
20.02,15.2309067847864,26.3038304766669,2.47579021976518,-2.24078993798278
20.04,15.2461224758801,27.4824735163638,2.5347923845672,-2.15509595041887
20.06,15.2613381669738,28.947328653634,2.60576617277235,-2.07372289447123
20.08,15.2765538580675,30.6850775703897,2.6871205554582,-1.99705946455657
20.1,15.2917695491612,32.679552290876,2.77719056194522,-1.92526810404422
20.12,15.3069852402549,34.9119486026393,2.87431405296351,-1.85832855595528
20.14,15.3222009313486,37.3610686978755,2.97688756377888,-1.79608560112452
20.16,15.3374166224423,40.0035886863698,3.08340264014393,-1.73829325326275
20.18,15.352632313536,42.8143463229389,3.19246624234189,-1.68465142678253
20.2,15.3678480046297,45.7666441055881,3.30280935996769,-1.63483394742109
20.22,15.3830636957234,48.8325628380444,3.41328761085066,-1.58850849386147
20.24,15.3982793868171,51.983280809498,3.52287683363445,-1.54534984459002
20.26,15.4134950779108,55.1893939185029,3.63066586577161,-1.50504798694056
20.28,15.4287107690044,58.4212323461725,3.73584799279573,-1.46731251020417
20.3,15.4439264600981,61.6491697506608,3.83771201305523,-1.43187444432612
20.32,15.4591421511918,64.8439213934653,3.935633478211,-1.39848642827687
20.34,15.4743578422855,67.9768280976896,4.02906641420624,-1.36692184773659
20.36,15.4895735333792,71.020123458944,4.11753566664255,-1.33697338647906
20.38,15.5047892244729,73.9471822595078,4.20062991934721,-1.308451289108
20.4,15.5200049155666,76.732748556431,4.27799538286598,-1.28118152709577
20.42,15.5352206066603,79.3531424056819,4.34933012450543,-1.25500398633176
20.44,15.550436297754,81.7864446326166,4.41437900236493,-1.22977074429297
20.46,15.5656519888477,84.0126594508838,4.47292916534071,-1.20534447174094
20.48,15.5808676799414,86.0138550595948,4.52480608481521,-1.18159697238895
20.5,15.5960833710351,87.7742826064314,4.56987008894581,-1.15840786051899
20.52,15.6112990621288,89.2804740919491,4.60801337559036,-1.13566336841257
20.54,15.6265147532225,90.5213199092505,4.6391574841825,-1.11325527085545
20.56,15.6417304443161,91.4881267694363,4.66325120999004,-1.09107991164129
20.58,15.6569461354098,92.1746567644295,4.68026894614633,-1.06903731610237
20.6,15.6721618265035,92.5771482749624,4.6902094397866,-1.04703037369546
20.62,15.6873775175972,92.6943193543775,4.69309494878867,-1.02496407522502
20.64,15.7025932086909,92.5273541200622,4.68897078527775,-1.0027447901867
20.66,15.7178088997846,92.0798725762361,4.67790523147584,-0.980279570852651
20.68,15.7330245908783,91.3578841858107,4.65998981289261,-0.957475471054436
20.7,15.748240281972,90.3697254158942,4.63533991345956,-0.93423886916655
20.72,15.7634559730657,89.1259814099685,4.60409571712991,-0.910474786616
20.74,15.7786716641594,87.6393918974027,4.56642346075822,-0.88608619545694
20.76,15.7938873552531,85.9247414431011,4.52251698369937,-0.860973311323619
20.78,15.8091030463468,83.9987341696506,4.4725995603829,-0.835032871645388
20.8,15.8243187374405,81.8798531532957,4.41692600285099,-0.808157403695697
20.82,15.8395344285342,79.5882048021267,4.3557850204553,-0.780234493269043
20.84,15.8547501196278,77.1453486682767,4.28950182294632,-0.751146073076838
20.86,15.8699658107215,74.5741133214724,4.21844095013736,-0.720767760995409
20.88,15.8851815018152,71.8983991143105,4.14300930493318,-0.688968292895956
20.9,15.9003971929089,69.142968894048,4.06365935508015,-0.655609113854061
20.92,15.9156128840026,66.3332279547285,3.98089245030355,-0.620544216017098
20.94,15.9308285750963,63.4949947705427,3.89526217270936,-0.583620342091461
20.96,15.94604426619,60.6542642984605,3.80737759598502,-0.544677710589971
20.98,15.9612599572837,57.8369658785232,3.71790626908605,-0.503551461871385
21,15.9764756483774,55.0687179860033,3.62757665872959,-0.460074069822782
21.02,15.9916913394711,52.3745822938436,3.53717967900568,-0.414079006664224
21.04,16.0069070305648,49.7788196792462,3.44756880524435,-0.365405976609837
21.06,16.0221227216585,47.3046509482447,3.35965811789143,-0.313908029914803
21.08,16.0373384127522,44.9740251502808,3.27441746505985,-0.259460805971782
21.1,16.0525541038458,42.8073984053626,3.19286379878874,-0.201973999225378
21.12,16.0677697949395,40.8235261640693,3.11604767835146,-0.141404859731978
21.14,16.0829854860332,39.0392717616378,3.0450340133667,-0.0777731074839751
21.16,16.0982011771269,37.4694340080823,2.98087642282392,-0.0111760657878476
21.18,16.1134168682206,36.1265963754377,2.924585188693,0.0581978247513063
21.2,16.1286325593143,35.0210001006562,2.87708971351503,0.130059508372532
21.22,16.143848250408,34.1604432202475,2.8391975826383,0.204016467829361
21.24,16.1590639415017,33.5502071943374,2.81155357889254,0.279578829159273
21.26,16.1742796325954,33.1930123696839,2.79460296368028,0.356175648456304
21.28,16.1894953236891,33.0890030813898,2.78856363692424,0.433180886277509
21.3,16.2047110147828,33.2357627118254,2.79341113758561,0.509946576354665
21.32,16.2199267058765,33.6283585250167,2.80887883565012,0.585839029988407
21.34,16.2351423969702,34.2594155883453,2.83447342781903,0.66027317353014
21.36,16.2503580880639,35.1192185956352,2.86950356582197,0.732740574640233
21.38,16.2655737791575,36.1958399308423,2.91311772274583,0.802828199296129
21.4,16.2807894702512,37.4752918739505,2.96434662202392,0.87022691919355
21.42,16.2960051613449,38.9417004634488,3.02214575588572,0.934730628570188
21.44,16.3112208524386,40.5774982041621,3.08543445070082,0.99622807792634
21.46,16.3264365435323,42.3636325549196,3.15312920604125,1.05469004005041
21.48,16.341652234626,44.279786953186,3.22417028320476,1.11015430392465
21.5,16.3568679257197,46.30461103786,3.29754151641104,1.16271048840148
21.52,16.3720836168134,48.4159567160241,3.37228397912455,1.21248602705244
21.54,16.3872993079071,50.5911167827326,3.4475044793126,1.25963407514817
21.56,16.4025149990008,52.8070629383292,3.52237995600895,1.30432361973205
21.58,16.4177306900945,55.0406802473699,3.59615879249059,1.34673175627631
21.6,16.4329463811882,57.2689953365043,3.66815992332876,1.38703791254294
21.62,16.4481620722819,59.4693959235337,3.73777044669386,1.42541971822091
21.64,16.4633777633756,61.6198395939427,3.80444229190846,1.46205020315173
21.66,16.4785934544692,63.6990500810607,3.86768835161113,1.497096029304
21.68,16.4938091455629,65.6866996494282,3.92707837368318,1.53071650209394
21.7,16.5090248366566,67.5635765162406,3.98223481985725,1.56306315245226
21.72,16.5242405277503,69.3117365623766,4.03282883231534,1.59427972501244
21.74,16.539456218844,70.9146388743502,4.07857640225939,1.62450244647164
21.76,16.5546719099377,72.3572649147063,4.11923480115176,1.65386048037182
21.78,16.5698876010314,73.6262213365226,4.15459931241021,1.68247650035286
21.8,16.5851032921251,74.7098266353751,4.18450028584742,1.71046733403822
21.82,16.6003189832188,75.5981819685949,4.20880052682978,1.73794464504798
21.84,16.6155346743125,76.2832265687066,4.22739302534386,1.7650156321152
21.86,16.6307503654062,76.7587782377923,4.2401990257451,1.79178373273984
21.88,16.6459660564999,77.0205594367471,4.24716643512463,1.81834932494311
21.9,16.6611817475936,77.0662094826948,4.2482685664481,1.84481042503673
21.92,16.6763974386873,76.8952833450639,4.24350321155822,1.87126338232361
21.94,16.6916131297809,76.5092374918786,4.23289203859316,1.89780357361037
21.96,16.7068288208746,75.9114031889621,4.21648030823288,1.92452610155664
21.98,16.7220445119683,75.1069476018165,4.19433690337477,1.95152650134474
22,16.737260203062,74.1028229985022,4.16655466730456,1.97890145998684
22.02,16.7524758941557,72.907704307363,4.13325104611114,2.00674955178332
22.04,16.7676915852494,71.531915249856,4.09456903191448,2.03517199192352
22.06,16.7829072763431,69.9873432504064,4.05067840430005,2.06427340781539
22.08,16.7981229674368,68.2873433246641,4.00177726798506,2.09416262418966
22.1,16.8133386585305,66.4466311674878,3.94809388486298,2.1249534529868
22.12,16.8285543496242,64.4811657032733,3.88988879772812,2.15676547201113
22.14,16.8437700407179,62.4080214251589,3.82745724049423,2.18972476669234
22.16,16.8589857318116,60.2452509353752,3.76113182463376,2.2239645962376
22.18,16.8742014229053,58.0117382058997,3.69128548253524,2.25962592804632
22.2,16.8894171139989,55.7270432048645,3.61833463367305,2.29685776145513
22.22,16.9046328050926,53.4112386770721,3.54274251647506,2.33581713268162
22.24,16.9198484961863,51.0847400233506,3.46502259444115,2.37666865653993
22.26,16.93506418728,48.7681293892856,3.38574189563244,2.41958341720761
22.28,16.9502798783737,46.4819752443764,3.30552407589166,2.46473697173706
22.3,16.9654955694674,44.24664890243,3.22505190401975,2.51230618068811
22.32,16.9807112605611,42.0821395975945,3.14506874901409,2.56246453936816
22.34,16.9959269516548,40.0078698812467,3.06637850646427,2.61537566652567
22.36,17.0111426427485,38.0425132369128,2.98984324165251,2.67118463935104
22.38,17.0263583338422,36.2038159171971,2.91637767127127,2.73000697771938
22.4,17.0415740249359,34.5084250821565,2.84693949199078,2.79191531595276
22.42,17.0567897160296,32.9717253571434,2.78251455189113,2.85692419179816
22.44,17.0720054071233,31.6076859253735,2.72409602919007,2.92497394022882
22.46,17.087221098217,30.428720222375,2.67265721693234,2.99591536050126
22.48,17.1024367893106,29.4455602041126,2.62911827252108,3.06949750014049
22.5,17.1176524804043,28.6671470168731,2.5943083642542,-3.13782396321556
22.52,17.132868171498,28.1005397061781,2.56892589646212,-3.06014318250972
22.54,17.1480838625917,27.7508433665898,2.55350063725658,-2.98120316279178
22.56,17.1632995536854,27.6211578591247,2.5483622243334,-2.90163093162729
22.58,17.1785152447791,27.7125479138522,2.55361933042427,-2.82209032416993
22.6,17.1937309358728,28.0240351003704,2.56915258353578,-2.74324442962399
22.62,17.2089466269665,28.5526117968075,2.59462234578671,-2.6657181342234
22.64,17.2241623180602,29.2932769287763,2.62949016064107,-2.59006586487788
22.66,17.2393780091539,30.2390928935456,2.67305070961438,-2.51674836115667
22.68,17.2545937002476,31.3812627418374,2.72446996908799,-2.44612025595711
22.7,17.2698093913413,32.7092263701779,2.78282510018926,-2.37842812781834
22.72,17.285025082435,34.210774189225,2.84714228173382,-2.31381709202401
22.74,17.3002407735287,35.8721764862348,2.91642984936182,-2.25234319949431
22.76,17.3154564646223,37.6783264985097,2.98970535112139,-2.19398886387156
22.78,17.330672155716,39.612895063874,3.06601619283785,-2.13867899450962
22.8,17.3458878468097,41.6584946164767,3.14445429412176,-2.08629619179942
22.82,17.3611035379034,43.7968502518888,3.22416559868391,-2.03669403934448
22.84,17.3763192289971,46.0089755927802,3.30435544270135,-1.98970807984337
22.86,17.3915349200908,48.2753512430245,3.38429076776901,-1.94516444702747
22.88,17.4067506111845,50.5761037181983,3.463300049078,-1.90288635638779
22.9,17.4219663022782,52.8911828787604,3.54077165355316,-1.86269876794379
22.92,17.4371819933719,55.2005360616786,3.61615118400032,-1.82443156407534
22.94,17.4523976844656,57.4842772992342,3.68893822370259,-1.78792156758353
22.96,17.4676133755593,59.7228502226717,3.75868277930265,-1.75301368374228
22.98,17.482829066653,61.8971834653858,3.8249816290561,-1.71956140070493
23,17.4980447577467,63.9888375983573,3.88747471590134,-1.68742683419483
23.02,17.5132604488404,65.9801428426217,3.94584167615309,-1.65648045937215
23.04,17.528476139934,67.8543270037517,3.99979856075882,-1.62660063675983
23.06,17.5436918310277,69.595633256773,4.04909478319343,-1.59767301018313
23.08,17.5589075221214,71.1894275724007,4.09351031313219,-1.56958983210888
23.1,17.5741232132151,72.6222957140999,4.13285312563832,-1.5422492545494
23.12,17.5893389043088,73.8821298482326,4.16695690995466,-1.51555461077552
23.14,17.6045545954025,74.9582048957418,4.19567903880624,-1.48941370351805
23.16,17.6197702864962,75.8412448132367,4.21889879750214,-1.46373810832339
23.18,17.6349859775899,76.523479025218,4.23651587145465,-1.43844249561881
23.2,17.6502016686836,76.9986892391353,4.24844909060933,-1.41344397132576
23.22,17.6654173597773,77.2622468633817,4.25463542944697,-1.38866143314208
23.24,17.680633050871,77.311141218619,4.25502926153897,-1.36401493759946
23.26,17.6958487419647,77.1439986880141,4.2496018680425,-1.33942507147003
23.28,17.7110644330584,76.7610928964241,4.23834120000523,-1.31481231988181
23.3,17.7262801241521,76.1643459463521,4.22125189493839,-1.29009642249295
23.32,17.7414958152457,75.357320673731,4.19835554887543,-1.26519570819013
23.34,17.7567115063394,74.3452038240102,4.16969124614323,-1.24002639797207
23.36,17.7719271974331,73.1347799926698,4.13531635043499,-1.21450186494295
23.38,17.7871428885268,71.7343961283477,4.09530756260096,-1.18853183969298
23.4,17.8023585796205,70.1539163650705,4.04976225298498,-1.16202154885015
23.42,17.8175742707142,68.4046669359304,3.99880007924795,-1.13487077437285
23.44,17.8327899618079,66.4993709267255,3.94256490453608,-1.10697282142297
23.46,17.8480056529016,64.4520726569244,3.88122703563608,-1.07821338373806
23.48,17.8632213439953,62.2780515278464,3.81498580640639,-1.04846929780578
23.5,17.878437035089,59.9937252552991,3.74407253814672,-1.01760718157462
23.52,17.8936527261827,57.6165425050203,3.6687539153212,-0.98548196100403
23.54,17.9088684172764,55.1648650735879,3.58933582148175,-0.951935300044224
23.56,17.9240841083701,52.6578399022947,3.50616768509218,-0.916793968888572
23.58,17.9392997994638,50.1152613738413,3.41964738610355,-0.879868214686477
23.6,17.9545154905574,47.5574245178068,3.33022676814198,-0.840950242560432
23.62,17.9697311816511,45.0049699358933,3.23841778266504,-0.799812978188795
23.64,17.9849468727448,42.4787214466087,3.14479925231061,-0.756209372968095
23.66,18.0001625638385,39.9995176360389,3.0500241690939,-0.709872635841495
23.68,18.0153782549322,37.5880386804492,2.95482732275435,-0.660517937766882
23.7,18.0305939460259,35.2646299721855,2.86003286427263,-0.607846335377368
23.72,18.0458096371196,33.0491242270582,2.76656112498915,-0.55155188621867
23.74,18.0610253282133,30.960663874037,2.67543361065795,-0.491333139541207
23.76,18.076241019307,29.0175256223774,2.58777456465821,-0.426910300448456
23.78,18.0914567104007,27.2369491636964,2.50480687608816,-0.358049234353989
23.8,18.1066724014944,25.6349719946484,2.42783950159554,-0.284592885473868
23.82,18.1218880925881,24.2262723379972,2.35824319672575,-0.206499371777035
23.84,18.1371037836818,23.024022096135,2.29741157724544,-0.123883810702485
23.86,18.1523194747754,22.0397516919147,2.24670581369646,-0.0370579502222349
23.88,18.1675351658691,21.2832285388613,2.20738397753314,0.0534413525414278
23.9,18.1827508569628,20.7623507391982,2.18052014926391,0.146845395362938
23.92,18.1979665480565,20.4830574369189,2.16692300687537,0.242177644339492
23.94,18.2131822391502,20.4492570582188,2.16706699787279,0.338311616054303
23.96,18.2283979302439,20.6627744574762,2.18104934747865,0.434056555383388
23.98,18.2436136213376,21.1233177578397,2.20858200295723,0.528255815032425
24,18.2588293124313,21.8284654359159,2.24902009297585,0.619878359697838
24.02,18.274045003525,22.7736739542888,2.30142037522182,0.708086271970608
24.04,18.2892606946187,23.9523059979219,2.36461757019054,0.792269198766813
24.06,18.3044763857124,25.3556791241208,2.43730510418785,0.872046277105559
24.08,18.3196920768061,26.9731343946842,2.518109170278,0.947243205901315
24.1,18.3349077678998,28.7921243255769,2.60564934569425,1.01785498827713
24.12,18.3501234589935,30.7983192671927,2.69858335830243,1.08400403417138
24.14,18.3653391500871,32.9757311188405,2.79563679823035,1.14590052433652
24.16,18.3805548411808,35.3068530873607,2.8956203221747,1.20380883042017
24.18,18.3957705322745,37.7728140234503,2.99743745674347,1.25802130633966
24.2,18.4109862233682,40.3535457122816,3.10008592128515,1.30883919074627
24.22,18.4262019144619,43.0279613597268,3.20265485943379,1.35655957416962
24.24,18.4414176055556,45.7741434029886,3.30431975841442,1.40146713813576
24.26,18.4566332966493,48.5695386871848,3.40433628587026,1.44382943143333
24.28,18.471848987743,51.3911589883464,3.50203383808449,1.48389464182538
24.3,18.4870646788367,54.2157848299066,3.59680927486501,1.52189104882212
24.32,18.5022803699304,57.0201705349282,3.68812109755771,1.55802755378024
24.34,18.5174960610241,59.781248480158,3.7754841843814,1.59249485777525
24.36,18.5327117521178,62.4763305708475,3.85846510988835,1.62546699223479
24.38,18.5479274432115,65.0833050354704,3.93667802541816,1.65710300657155
24.4,18.5631431343052,67.5808267461653,4.0097810520234,1.6875486878267
24.42,18.5783588253988,69.948499400838,4.07747312743211,1.71693823644621
24.44,18.5935745164925,72.1670480537359,4.13949124804912,1.74539585558939
24.46,18.6087902075862,74.2184806486657,4.19560805177384,1.77303723340179
24.48,18.6240058986799,76.0862373887612,4.24562969496991,1.79997091191807
24.5,18.6392215897736,77.7553269637756,4.28939398567625,1.82629954518686
24.52,18.6544372808673,79.2124488451554,4.32676874414673,1.85212105459871
24.54,18.669652971961,80.4461010455634,4.35765037049578,1.87752969247393
24.56,18.6848686630547,81.446672918235,4.38196260731979,1.90261702656814
24.58,18.7000843541484,82.2065227375642,4.39965549251847,1.92747285884011
24.6,18.7153000452421,82.7200399524081,4.41070450412417,1.9521860919665
24.62,18.7305157363358,82.9836921339047,4.41510990478369,1.97684555691362
24.64,18.7457314274295,82.9960567484195,4.4128962986929,2.00154081451872
24.66,18.7609471185232,82.7578379721781,4.40411241834819,2.02636294355591
24.68,18.7761628096168,82.271868827127,4.38883116255713,2.0514053271649
24.7,18.7913785007105,81.5430989583911,4.36714991085259,2.07676444875343
24.72,18.8065941918042,80.5785683947033,4.33919114288659,2.10254070743934
24.74,18.8218098828979,79.3873676366275,4.30510339462738,2.12883926160283
24.76,18.8370255739916,77.980584407389,4.26506258628985,2.15577090691793
24.78,18.8522412650853,76.371237381456,4.21927375986381,2.18345299196
24.8,18.867456956179,74.5741971812531,4.16797326671712,2.21201036963469
24.82,18.8826726472727,72.6060949074017,4.11143144769321,2.24157637554345
24.84,18.8978883383664,70.4852184469528,4.04995584875801,2.27229381404585
24.86,18.9131040294601,68.2313967917617,3.98389501350312,2.30431591794715
24.88,18.9283197205538,65.8658725992718,3.91364288796457,2.33780722681623
24.9,18.9435354116475,63.4111632440508,3.8396438606556,2.37294429992604
24.92,18.9587511027412,60.890910642458,3.76239843758465,2.40991614038375
24.94,18.9739667938349,58.3297201875175,3.6824695128587,2.44892415476536
24.96,18.9891824849285,55.7529892064085,3.6004891327849,2.49018140553318
24.98,19.0043981760222,53.1867254496647,3.51716555550618,2.53391083130372
25,19.0196138671159,50.6573562381236,3.43329026754366,2.5803420157915
25.02,19.0348295582096,48.1915290291035,3.34974442100918,2.62970598984647
25.04,19.0500452493033,45.8159043153573,3.26750389123758,2.68222747360744
25.06,19.065260940397,43.5569419351705,3.18764182390999,2.73811394552134
25.08,19.0804766314907,41.4406820469194,3.1113271631223,2.79754102170336
25.1,19.0956923225844,39.4925222015008,3.03981728241006,2.86063392418907
25.12,19.1109080136781,37.7369921274767,2.97444258707387,2.92744539961674
25.14,19.1261237047718,36.1975280214137,2.91658098849898,2.99793138203526
25.16,19.1413393958655,34.8962483052055,2.86762068857824,3.07192694154912
25.18,19.1565550869592,33.8537329677056,2.82891096254626,-3.13405889563089
25.2,19.1717707780529,33.0888087449821,2.80170266787426,-3.0541127154491
25.22,19.1869864691466,32.6183425070049,2.78708282388048,-2.97202535707734
25.24,19.2022021602402,32.4570453035085,2.78591019520652,-2.88853008359626
25.26,19.2174178513339,32.6172895734016,2.79876044656294,-2.80444967349202
25.28,19.2326335424276,33.1089420366588,2.82588921106716,-2.72064453070272
25.3,19.2478492335213,33.939214760343,2.86721895079126,-2.63795477865544
25.32,19.263064924615,35.1125368188077,2.92235129205109,-2.55714574739378
25.34,19.2782806157087,36.6304488489659,2.99060187649491,-2.47886526651589
25.36,19.2934963068024,38.4915226335252,3.07105116135993,-2.40361788155359
25.38,19.3087119978961,40.691307627374,3.16260299311377,-2.33175691477306
25.4,19.3239276889898,43.2223060754077,3.26404325468627,-2.26349172269961
25.42,19.3391433800835,46.073978056269,3.37409280608437,-2.19890548642792
25.44,19.3543590711772,49.2327774287078,3.49145138956829,-2.13797850113789
25.46,19.3695747622709,52.6822192607397,3.61483139876058,-2.08061272477572
25.48,19.3847904533646,56.4029788930202,3.74298201493929,-2.02665465431716
25.5,19.4000061444583,60.3730223345738,3.87470512145109,-1.97591490701669
25.52,19.4152218355519,64.5677672208076,4.00886474519334,-1.92818391596899
25.54,19.4304375266456,68.9602730905681,4.144391736094,-1.88324382834749
25.56,19.4456532177393,73.521459272677,4.28028515897898,-1.84087706314654
25.58,19.460868908833,78.2203482236728,4.41561156496529,-1.80087212960764
25.6,19.4760845999267,83.0243317398817,4.54950300792602,-1.76302731361773
25.62,19.4913002910204,87.8994570890864,4.68115441252638,-1.72715277364603
25.64,19.5065159821141,92.8107297803181,4.80982069553011,-1.69307149417095
25.66,19.5217316732078,97.7224294239968,4.93481388956396,-1.66061944845585
25.68,19.5369473643015,102.598434935331,5.05550041037625,-1.62964523652357
25.7,19.5521630553952,107.402555207587,5.17129853536572,-1.6000093929289
25.72,19.5673787464889,112.098861330513,5.28167611395866,-1.57158350280285
25.74,19.5825944375826,116.652016453856,5.38614850193593,-1.54424922199035
25.76,19.5978101286763,121.02759949442,5.4842766963505,-1.51789726556333
25.78,19.61302581977,125.192419052608,5.57566564098594,-1.4924264061835
25.8,19.6282415108636,129.114814134853,5.65996267132346,-1.46774250761323
25.82,19.6434572019573,132.764938562923,5.73685607055604,-1.44375760740905
25.84,19.658672893051,136.115026279971,5.80607371281756,-1.42038905513322
25.86,19.6738885841447,139.139635125368,5.86738177547379,-1.3975587072636
25.88,19.6891042752384,141.815867034395,5.92058350836918,-1.37519217661148
25.9,19.7043199663321,144.12356301293,5.96551805390065,-1.35321813191977
25.92,19.7195356574258,146.045471630401,6.00205931741915,-1.33156764201142
25.94,19.7347513485195,147.567390155822,6.03011489257384,-1.31017355810905
25.96,19.7499670396132,148.678277822706,6.04962505073186,-1.28896992755514
25.98,19.7651827307069,149.37034104114,6.06056180749992,-1.26789143199093
26,19.7803984218006,149.639090673289,6.06292808265088,-1.24687284301387
26.02,19.7956141128943,149.483371748029,6.05675697246438,-1.22584848837063
26.04,19.810829803988,148.905366208615,6.04211115568269,-1.20475172182538
26.06,19.8260454950816,147.910569464104,6.01908245603835,-1.18351438996469
26.08,19.8412611861753,146.507741651552,5.987791585709,-1.16206628937009
26.1,19.856476877269,144.708834614779,5.94838809518448,-1.14033460784134
26.12,19.8716925683627,142.528895670719,5.9010505559657,-1.11824334374149
26.14,19.8869082594564,139.985949271173,5.84598700332555,-1.09571269814416
26.16,19.9021239505501,137.100857682333,5.78343566707964,-1.07265843541595
26.18,19.9173396416438,133.897161803077,5.71366601894073,-1.04899120933501
26.2,19.9325553327375,130.400903232443,5.63698016548874,-1.02461585406925
26.22,19.9477710238312,126.640428683881,5.55371461590316,-0.99943064264273
26.24,19.9629867149249,122.646177834766,5.46424245305221,-0.973326520348637
26.26,19.9782024060186,118.450455700429,5.36897593476255,-0.946186327514467
26.28,19.9934180971123,114.087190637485,5.26836954824324,-0.917884035861963
26.3,20.008633788206,109.591679115543,5.16292353340002,-0.888284036420293
26.32,20.0238494792997,105.000318452614,5.05318787823198,-0.857240535762435
26.34,20.0390651703934,100.35032878914,4.93976676892025,-0.824597142663722
26.36,20.054280861487,95.679465679259,4.82332344482237,-0.790186760644138
26.38,20.0694965525807,91.0257248045673,4.70458535933675,-0.753831944600946
26.4,20.0847122436744,86.4270404630224,4.58434947509891,-0.715345932515607
26.42,20.0999279347681,81.9209796501818,4.46348741859742,-0.674534625039105
26.44,20.1151436258618,77.5444337270055,4.34295007698525,-0.631199852445083
26.46,20.1303593169555,73.3333098518269,4.22377103187744,-0.585144330332987
26.48,20.1455750080492,69.3222245374054,4.10706798938476,-0.536178744410359
26.5,20.1607906991429,65.5442018693902,3.99404109145219,-0.484131390828073
26.52,20.1760063902366,62.0303790822618,3.88596670922505,-0.428860688423737
26.54,20.1912220813303,58.8097223248187,3.78418508354898,-0.370270618256596
26.56,20.206437772424,55.9087555511105,3.69008008969173,-0.308328679922852
26.58,20.2216534635177,53.3513055373078,3.60504960261603,-0.243085255945993
26.6,20.2368691546114,51.1582660429667,3.53046558600451,-0.17469238672926
26.62,20.252084845705,49.3473841006962,3.4676242499362,-0.103419038753207
26.64,20.2673005367987,47.933071327152,3.41768842190615,-0.0296593015448354
26.66,20.2825162278924,46.9262429970113,3.38162642960637,0.0460700213704818
26.68,20.2977319189861,46.3341874092221,3.36015379614147,0.123144901841792
26.7,20.3129476100798,46.1604678022668,3.35368519138423,0.200862970960235
26.72,20.3281633011735,46.4048587443212,3.36230371004163,0.278483263577491
26.74,20.3433789922672,47.0633185408078,3.38575240219074,0.355271621800611
26.76,20.3585946833609,48.1279987713133,3.42344945679627,0.43054505802359
26.78,20.3738103744546,49.5872915995496,3.47452450528695,0.503708659128025
26.8,20.3890260655483,51.4259150028265,3.53787032419986,0.574280556644536
26.82,20.404241756642,53.625035553101,3.6122025973799,0.641903318327644
26.84,20.4194574477357,56.1624278612835,3.69612053299496,0.706342830941597
26.86,20.4346731388294,59.0126692825179,3.78816260543259,0.767477590653825
26.88,20.4498888299231,62.1473679846713,3.88685379959987,0.825282040783884
26.9,20.4651045210167,65.5354220167428,3.99074281132933,0.87980737775881
26.92,20.4803202121104,69.1433065891033,4.09842928324597,0.931162476528905
26.94,20.4955359032041,72.9353864027253,4.20858218618091,0.979496650828839
26.96,20.5107515942978,76.8742495476545,4.31995094473881,1.02498512199446
26.98,20.5259672853915,80.9210592376803,4.43137099734866,1.06781744189611
27,20.5411829764852,85.035919462498,4.54176533380831,1.10818871648154
27.02,20.5563986675789,89.1782505221745,4.65014329471987,1.14629326720533
27.04,20.5716143586726,93.3071703612513,4.75559763290901,1.18232029202606
27.06,20.5868300497663,97.381877638858,4.85730057502311,1.21645109375862
27.08,20.60204574086,101.362032552552,4.95449940315623,1.24885749205413
27.1,20.6172614319537,105.208131571882,5.04651190616834,1.27970110013818
27.12,20.6324771230474,108.881872425234,5.13272192433655,1.30913321343887
27.14,20.6476928141411,112.346505913185,5.21257512157527,1.33729511667435
27.16,20.6629085052347,115.567171384242,5.28557505855825,1.36431866584552
27.18,20.6781241963284,118.511212996043,5.35127960033016,1.3903270415365
27.2,20.6933398874221,121.148474188267,5.40929766739104,1.41543560091137
27.22,20.7085555785158,123.451568104134,5.45928632511772,1.43975277925853
27.24,20.7237712696095,125.396122008424,5.50094819930676,1.46338100939137
27.26,20.7389869607032,126.960994054392,5.534029203117,1.48641764004312
27.28,20.7542026517969,128.128461044791,5.5583165610463,1.50895584375786
27.3,20.7694183428906,128.884376108737,5.5736371176477,1.53108551161381
27.32,20.7846340339843,129.218295473951,5.57985592173939,1.55289413715564
27.34,20.799849725078,129.123573750905,5.57687508044606,1.57446769572284
27.36,20.8150654161717,128.597427361525,5.56463288129755,1.59589152837395
27.38,20.8302811072654,127.640965941111,5.54310318472473,1.61725124215088
27.4,20.8454967983591,126.259191719939,5.51229509366915,1.6386336407525
27.42,20.8607124894528,124.460967053357,5.47225291178837,1.66012770198766
27.44,20.8759281805465,122.258950419753,5.42305640709226,1.68182562079919
27.46,20.8911438716401,119.669501348417,5.36482140405964,1.70382393929998
27.48,20.9063595627338,116.712554878599,5.29770073469683,1.72622478820611
27.5,20.9215752538275,113.411466290971,5.22188558801855,1.7491372673002
27.52,20.9367909449212,109.792826998,5.13760730854249,1.7726789960444
27.54,20.9520066360149,105.886252633518,5.04513970813659,1.7969778689893
27.56,20.9672223271086,101.724144547727,4.9448019725503,1.82217405378698
27.58,20.9824380182023,97.3414260940881,4.83696226480475,1.84842227166457
27.6,20.997653709296,92.7752552900092,4.72204215283188,1.87589439984085
27.62,21.0128694003897,88.0647156446394,4.60052201857781,1.90478243036949
27.64,21.0280850914834,83.2504871727542,4.47294763981439,1.93530180664431
27.66,21.0433007825771,78.3744998513612,4.3399381724268,1.96769513146877
27.68,21.0585164736708,73.4795720216171,4.20219579582799,2.0022361899742
27.7,21.0737321647645,68.60903648776,4.06051730887849,2.03923414260656
27.72,21.0889478558581,63.8063573108375,3.91580796222048,2.07903759677864
27.74,21.1041635469518,59.1147405309093,3.76909775673878,2.12203803054018
27.76,21.1193792380455,54.5767422694989,3.62156027865304,2.16867167800123
27.78,21.1345949291392,50.2338778556186,3.47453380198253,2.21941844846477
27.8,21.1498106202329,46.1262357756241,3.32954375234028,2.27479570217489
27.82,21.1650263113266,42.2921003612028,3.18832453406611,2.3353437549323
27.84,21.1802420024203,38.767587193146,3.05283699758031,2.40159896775335
27.86,21.195457693514,35.5862952048374,2.92527534869254,2.47404959660271
27.88,21.2106733846077,32.7789794132732,2.80805421366029,2.55307007362005
27.9,21.2258890757014,30.3732480828767,2.70376360950423,2.63883244335127
27.92,21.2411047667951,28.3932879370113,2.61507848782313,2.73120087351349
27.94,21.2563204578888,26.8596207739065,2.54461322547117,2.82962704051031
27.96,21.2715361489825,25.7888945198392,2.49472298799598,2.93307791323718
27.98,21.2867518400762,25.1937113679487,2.4672736916702,3.04003489435251
28,21.3019675311698,25.0824952117146,2.46342440288396,-3.13459194062926
28.02,21.3171832222635,25.4594000971629,2.4834777461824,-3.02652552019649
28.04,21.3323989133572,26.3242608963992,2.52684303159415,-2.92098361018421
28.06,21.3476146044509,27.6725868590802,2.5921234586741,-2.81970513716997
28.08,21.3628302955446,29.4955981392086,2.67729931375783,-2.72398229118324
28.1,21.3780459866383,31.7803048352689,2.77995473558027,-2.63461135909616
28.12,21.393261677732,34.5096275338437,2.89749584455309,-2.55193266543087
28.14,21.4084773688257,37.6625578228632,3.02732604083163,-2.47592304581117
28.16,21.4236930599194,41.2143567508392,3.16696634537653,-2.40630397913105
28.18,21.4389087510131,45.136788762873,3.31412487104704,-2.34264030269209
28.2,21.4541244421068,49.3983882503126,3.4667272000793,-2.28441794295963
28.22,21.4693401332005,53.9647555152005,3.62292063615549,-2.23109880439924
28.24,21.4845558242942,58.7988786768801,3.78106316144073,-2.18215598518934
28.26,21.4997715153879,63.8614778387964,3.93970484373654,-2.13709410974878
28.28,21.5149872064815,69.1113676884997,4.09756664150435,-2.09545935835664
28.3,21.5302028975752,74.5058346216829,4.25351945842876,-2.05684285815887
28.32,21.5454185886689,80.0010244585101,4.40656489927906,-2.02088008555835
28.34,21.5606342797626,85.5523368525755,4.55581832116865,-1.98724806968675
28.36,21.5758499708563,91.1148225741963,4.70049428944277,-1.95566154227384
28.38,21.59106566195,96.6435799732644,4.83989429869951,-1.92586873101596
28.4,21.6062813530437,102.094147085983,4.97339651092235,-1.89764719726646
28.42,21.6214970441374,107.422886036667,5.10044723234041,-1.87079993069919
28.44,21.6367127352311,112.587356593653,5.22055386059166,-1.84515179836307
28.46,21.6519284263248,117.54667595986,5.33327906205584,-1.8205463777087
28.48,21.6671441174185,122.261862107836,5.438235973703,-1.79684316522519
28.5,21.6823598085122,126.696158200146,5.53508425816615,-1.77391513272932
28.52,21.6975754996059,130.815335864358,5.62352687203842,-1.75164659468995
28.54,21.7127911906996,134.587975313687,5.70330743450672,-1.72993134759559
28.56,21.7280068817932,137.985720516877,5.77420810621403,-1.70867104342184
28.58,21.7432225728869,140.983507822551,5.8360479070029,-1.68777376200674
28.6,21.7584382639806,143.559766633247,5.88868141643561,-1.66715275058776
28.62,21.7736539550743,145.696590902982,5.93199781325896,-1.64672530232861
28.64,21.788869646168,147.379880400862,5.96592021980257,-1.626411749068
28.66,21.8040853372617,148.599450843747,5.99040532514234,-1.60613454661967
28.68,21.8193010283554,149.349112155982,6.00544326712389,-1.58581743370223
28.7,21.8345167194491,149.626714267259,6.01105775836978,-1.5653846479956
28.72,21.8497324105428,149.434160013847,6.00730644547344,-1.54476018495758
28.74,21.8649481016365,148.777384867855,5.99428149394322,-1.52386708696614
28.76,21.8801637927302,147.666303387519,5.97211039428675,-1.5026267521719
28.78,21.8953794838239,146.114722462273,5.94095698705423,-1.48095825426757
28.8,21.9105951749176,144.140221622736,5.90102270677528,-1.45877766634445
28.82,21.9258108660113,141.764000900199,5.85254804654775,-1.43599738428418
28.84,21.9410265571049,139.010696954658,5.79581424651869,-1.41252544794371
28.86,21.9562422481986,135.908168445374,5.73114521047951,-1.38826486200916
28.88,21.9714579392923,132.487251893177,5.6589096549859,-1.3631129231711
28.9,21.986673630386,128.781489577501,5.57952349432657,-1.33696056665569
28.92,22.0018893214797,124.826831320544,5.49345246156338,-1.3096917536876
28.94,22.0171050125734,120.6613123315,5.4012149596686,-1.28118293283813
28.96,22.0323207036671,116.324709610057,5.30338512596328,-1.25130262321218
28.98,22.0475363947608,111.858179733241,5.20059607551558,-1.21991118691082
29,22.0627520858545,107.303881165491,5.09354326211052,-1.1868608829971
29.02,22.0779677769482,102.704584529605,4.98298785530253,-1.15199632587071
29.04,22.0931834680419,98.103274547113,4.86975997463484,-1.11515550747805
29.06,22.1083991591356,93.5427475908255,4.7547615425841,-1.07617158384802
29.08,22.1236148502293,89.0652089812174,4.63896841159356,-1.03487566854223
29.1,22.1388305413229,84.7118742928142,4.52343128466392,-0.991100911691802
29.12,22.1540462324166,80.5225790101467,4.40927478429226,-0.944688161153986
29.14,22.1692619235103,76.5354008782706,4.29769383968756,-0.895493483049444
29.16,22.184477614604,72.7862992267728,4.1899463785819,-0.84339773631803
29.18,22.1996933056977,69.3087754058615,4.08734116779448,-0.788318218373312
29.2,22.2149089967914,66.1335582586908,3.99121960960362,-0.730222096301175
29.22,22.2301246878851,63.2883182678379,3.90293045533099,-0.669140895699838
29.24,22.2453403789788,60.797413660297,3.82379684043178,-0.605184759985327
29.26,22.2605560700725,58.6816713411317,3.7550758547644,-0.538554602168778
29.28,22.2757717611662,56.9582050599383,3.69791204728391,-0.469549812026822
29.3,22.2909874522599,55.6402727066925,3.6532877100874,-0.398569079488658
29.32,22.3062031433536,54.737174095746,3.62197421380718,-0.326102370416811
29.34,22.3214188344473,54.2541900415854,3.60448965866764,-0.25271324477811
29.36,22.336634525541,54.1925629695397,3.60106822613425,-0.179012404257191
29.38,22.3518502166346,54.5495187518281,3.6116455955411,-0.105625188421243
29.4,22.3670659077283,55.3183289260705,3.63586270101756,-0.0331571348968827
29.42,22.382281598822,56.4884119502276,3.67308740674377,0.0378378142107032
29.44,22.3974972899157,58.0454716849017,3.72245107622647,0.106882514407719
29.46,22.4127129810094,59.9716708782835,3.78289517221947,0.173592788254411
29.48,22.4279286721031,62.2458370673303,3.85322232215196,0.237683967908202
29.5,22.4431443631968,64.8436980047263,3.93214669669267,0.298968847701728
29.52,22.4583600542905,67.7381434771887,4.01833974143512,0.357349131209071
29.54,22.4735757453842,70.8995101969449,4.11046881707635,0.412802829119198
29.56,22.4887914364779,74.2958863234853,4.20722774383859,0.465369889132103
29.58,22.5040071275716,77.8934321039087,4.30735936833152,0.515137844984899
29.6,22.5192228186653,81.6567131034608,4.40967099483035,0.56222867699419
29.62,22.534438509759,85.5490425280805,4.51304388276323,0.60678753200431
29.64,22.5496542008527,89.5328292120503,4.61643809891136,0.648973530261542
29.66,22.5648698919463,93.5699279502878,4.71889392707821,0.688952605608504
29.68,22.58008558304,97.6219889899039,4.81953086431283,0.726892165118484
29.7,22.5953012741337,101.650803653338,4.91754503078092,0.762957283763764
29.72,22.6105169652274,105.618643239628,5.01220562606099,0.79730813790544
29.74,22.6257326563211,109.488588535805,5.10285089598466,0.830098403212419
29.76,22.6409483474148,113.224847461974,5.1888839372659,0.861474380298861
29.78,22.6561640385085,116.79305856732,5.26976856138915,0.891574653637423
29.8,22.6713797296022,120.16057828621,5.3450253605931,0.920530129775734
29.82,22.6865954206959,123.29675005134,5.41422806223834,0.948464336475983
29.84,22.7018111117896,126.173153542204,5.477000218416,0.975493894061273
29.86,22.7170268028833,128.763832520926,5.53301225100744,1.0017290940731
29.88,22.732242493977,131.045499873144,5.58197885502664,1.02727453895283
29.9,22.7474581850707,132.99771862922,5.62365675223521,1.0522298106894
29.92,22.7626738761644,134.603057891778,5.65784278067746,1.07669014706702
29.94,22.777889567258,135.847222740034,5.68437230244644,1.10074711205839
29.96,22.7931052583517,136.719157322521,5.70311791061381,1.12448925267878
29.98,22.8083209494454,137.211120488941,5.71398841610282,1.14800273875958
30,22.8235366405391,137.318733452325,5.71692809586358,1.1713719850168
30.02,22.8387523316328,137.040999116824,5.71191618470651,1.19468025678438
30.04,22.8539680227265,136.380292857259,5.69896659436348,1.21801026207383
30.06,22.8691837138202,135.342324696987,5.67812784466604,1.24144473336478
30.08,22.8843994049139,133.936073002707,5.64948319309046,1.26506700282045
30.1,22.8996150960076,132.173690000996,5.61315095029589,1.28896157450641
30.12,22.9148307871013,130.070379622848,5.56928497065105,1.31321469667025
30.14,22.930046478195,127.644248399985,5.5180753080802,1.33791493617454
30.16,22.9452621692887,124.916130369995,5.45974902880779,1.3631537556773
30.18,22.9604778603824,121.909387194912,5.39457117363844,1.38902609198545
30.2,22.975693551476,118.649684957931,5.32284586310406,1.41563093097338
30.22,22.9909092425697,115.164749370993,5.2449175388614,1.4430718702981
30.24,23.0061249336634,111.48410139859,5.16117233371671,1.47145765551922
30.26,23.0213406247571,107.638775573509,5.07203955998117,1.50090266772739
30.28,23.0365563158508,103.661023542893,4.97799330067831,1.53152733090217
30.3,23.0517720069445,99.5840056301058,4.87955407928236,1.56345839440052
30.32,23.0669876980382,95.4414734221136,4.77729056965714,1.59682902964991
30.34,23.0822033891319,91.2674465862256,4.67182128676795,1.63177865980513
30.36,23.0974190802256,87.095887276002,4.56381616823192,1.66845241661912
30.38,23.1126347713193,82.9603755979588,4.45399791420751,1.70700009045888
30.4,23.127850462413,78.893789671929,4.34314289580079,1.74757440872284
30.42,23.1430661535067,74.9279938246873,4.23208136788216,1.79032844811437
30.44,23.1582818446004,71.0935384049517,4.12169663023678,1.83541196321995
30.46,23.1734975356941,67.4193745976299,4.01292267369469,1.88296640727916
30.48,23.1887132267877,63.932587445961,3.90673973309341,1.93311844515008
30.5,23.2039289178814,60.658150064919,3.80416706281043,1.98597183213797
30.52,23.2191446089751,57.6187017518459,3.70625218084069,2.04159767724841
30.54,23.2343603000688,54.8343523765652,3.61405583501724,2.10002334494285
30.56,23.2495759911625,52.3225150706094,3.52863208272129,2.16122058301141
30.58,23.2647916822562,50.0977688417734,3.45100319926567,2.22509387682451
30.6,23.2800073733499,48.1717523255174,3.38212968108988,2.29147046103521
30.62,23.2952230644436,46.5530894577678,3.32287638605443,2.36009375682654
30.64,23.3104387555373,45.2473474244289,3.27397677839182,2.4306220935437
30.66,23.325654446631,44.2570268204654,3.23599815111253,2.50263426642153
30.68,23.3408701377247,43.581583543797,3.20931133643946,2.57564269764529
30.7,23.3560858288184,43.2174815649087,3.19406852294303,2.649113774649
30.72,23.3713015199121,43.1582753571929,3.19019220291485,2.72249358683862
30.74,23.3865172110058,43.3947204517062,3.19737699142426,2.79523614697682
30.76,23.4017329020995,43.91491029604,3.21510433409971,2.86683063140701
30.78,23.4169485931931,44.704437353128,3.24266836365843,2.93682439415558
30.8,23.4321642842868,45.7465761727617,3.27920980304337,3.00483942681064
30.82,23.4473799753805,47.0224860062153,3.32375413271685,3.07058124273168
30.84,23.4625956664742,48.5114304114904,3.37525029961271,3.13384046805612
30.86,23.4778113575679,50.19101121118,3.43260689263736,-3.08869690199629
30.88,23.4930270486616,52.0374141144566,3.49472367590879,-3.03071695856149
30.9,23.5082427397553,54.0256632958808,3.56051738450671,-2.97540080641805
30.92,23.523458430849,56.1298822338431,3.62894155177316,-2.9226952208828
30.94,23.5386741219427,58.3235581469125,3.69900075632959,-2.8725094497271
30.96,23.5538898130364,60.5798074245031,3.76976004077093,-2.82472555585823
30.98,23.5691055041301,62.8716395257652,3.84035040477541,-2.7792072195374
31,23.5843211952238,65.1722169152745,3.90997127571001,-2.7358068905736
31.02,23.5995368863175,67.4551087133004,3.97789077043891,-2.69437136367086
31.04,23.6147525774111,69.6945358604607,4.04344443092485,-2.65474595235238
31.06,23.6299682685048,71.8656057293447,4.10603297591446,-2.61677748019567
31.08,23.6451839595985,73.944534258062,4.16511948056844,-2.58031631297838
31.1,23.6603996506922,75.9088538312462,4.22022628440599,-2.54521763810229
31.12,23.6756153417859,77.7376052914187,4.27093183799493,-2.51134216992244
31.14,23.6908310328796,79.4115126274373,4.31686762939362,-2.4785564287963
31.16,23.7060467239733,80.9131390552175,4.35771527966112,-2.44673271207677
31.18,23.721262415067,82.2270233792042,4.39320385948787,-2.4157488490417
31.2,23.7364781061607,83.3397956994122,4.42310745295498,-2.38548780967193
31.22,23.7516937972544,84.2402717083933,4.44724297682041,-2.35583721926925
31.24,23.7669094883481,84.9195250040175,4.4654682522706,-2.32668881676959
31.26,23.7821251794418,85.37093702723,4.47768031898259,-2.29793788371476
31.28,23.7973408705355,85.5902244184217,4.48381397726,-2.26948266264186
31.3,23.8125565616292,85.5754437711257,4.4838405419313,-2.24122377762029
31.32,23.8277722527228,85.3269739475363,4.47776679090912,-2.21306366537875
31.34,23.8429879438165,84.8474763058111,4.46563409128294,-2.18490602257044
31.36,23.8582036349102,84.1418333745678,4.44751768619015,-2.15665527296023
31.38,23.8734193260039,83.2170666945858,4.42352612622179,-2.12821605749147
31.4,23.8886350170976,82.0822347307439,4.39380082957461,-2.09949275018204
31.42,23.9038507081913,80.7483119383687,4.35851575540993,-2.07038900354105
31.44,23.919066399285,79.2280502455178,4.3178771747763,-2.04080732867561
31.46,23.9342820903787,77.5358243857117,4.27212352285058,-2.01064871749668
31.48,23.9494977814724,75.6874626815625,4.22152531496707,-1.9798123174971
31.5,23.9647134725661,73.7000650369919,4.16638510671704,-1.94819517354992
31.52,23.9799291636598,71.5918100415183,4.10703747502154,-1.91569205615991
31.54,23.9951448547535,69.3817532212561,4.04384899216161,-1.88219540168591
31.56,24.0103605458472,67.0896185851161,3.9772181578621,-1.84759539728151
31.58,24.0255762369409,64.7355857075563,3.9075752451873,-1.81178025163286
31.6,24.0407919280345,62.3400746580846,3.8353820037027,-1.77463670178973
31.62,24.0560076191282,59.9235311295124,3.76113114761361,-1.73605081600887
31.64,24.0712233102219,57.5062141289054,3.68534553707394,-1.69590916166465
31.66,24.0864390013156,55.1079885752624,3.60857693757235,-1.65410041446614
31.68,24.1016546924093,52.7481250948113,3.53140421582751,-1.61051748822803
31.7,24.116870383503,50.4451092175259,3.45443080249692,-1.56506026014104
31.72,24.1320860745967,48.2164620578769,3.37828122513295,-1.51763895078284
31.74,24.1473017656904,46.0785744097884,3.30359649397237,-1.46817818613934
31.76,24.1625174567841,44.0465560028533,3.23102811530401,-1.41662171563566
31.78,24.1777331478778,42.1341014574173,3.16123052159119,-1.36293768160821
31.8,24.1929488389715,40.3533742437903,3.09485175519195,-1.30712423078325
31.82,24.2081645300652,38.7149097011861,3.03252233447161,-1.24921513177696
31.84,24.2233802211589,37.2275379093589,2.97484237553619,-1.18928492744079
31.86,24.2385959122525,35.8983269368073,2.92236724081036,-1.12745303040815
31.88,24.2538116033462,34.732546718802,2.87559222632609,-1.0638860974614
31.9,24.2690272944399,33.7336535523209,2.83493705607318,-0.998798030947289
31.92,24.2842429855336,32.9032949381508,2.80073118090331,-0.932447085444893
31.94,24.2994586766273,32.2413342575528,2.77320102707315,-0.865129817756208
31.96,24.314674367721,31.7458945459693,2.7524603525232,-0.797171988141633
31.98,24.3298900588147,31.4134204220281,2.73850471250292,-0.728916943143766
32,24.3451057499084,31.2387570492283,2.73121070948263,-0.660712399111234
