ell,q2_center,N_signal,N_Blow,N_Bhigh,N_side,alpha,R_subtracted,variance,z_residual
-2.291653792843711,0.10109912651109668,9.0,9.0,10.0,19.0,0.28495897903372835,3.5857793983591613,10.542830774906951,1.104345459434231
-2.2697911925430425,0.10333375468908701,9.0,14.0,6.0,20.0,0.28495897903372835,3.300820419325433,10.624032394638897,1.0126915917615045
-2.2479285922423737,0.10561777560929182,10.0,16.0,4.0,20.0,0.28495897903372835,4.300820419325433,11.624032394638897,1.2614583131896893
-2.226065991941705,0.10795228101619346,6.0,8.0,2.0,10.0,0.28495897903372835,3.1504102096627165,6.812016197319449,1.2070611448532766
-2.2042033916410366,0.11033838678547168,7.0,6.0,13.0,19.0,0.28495897903372835,1.5857793983591613,8.542830774906951,0.5425526257804866
-2.1823407913403674,0.1127772334573839,10.0,10.0,6.0,16.0,0.28495897903372835,5.440656335460346,11.299225915711117,1.6185530859519792
-2.160478191039699,0.11526998678193416,7.0,10.0,20.0,30.0,0.28495897903372835,-1.5487693710118506,9.436048591958345,-0.5041870271217216
-2.1386155907390303,0.11781783827609336,9.0,16.0,9.0,25.0,0.28495897903372835,1.8760255241567911,11.030040493298621,0.5648721841852516
-2.1167529904383615,0.1204220057933347,13.0,5.0,11.0,16.0,0.28495897903372835,8.440656335460346,14.299225915711117,2.232132414903974
-2.094890390137693,0.12308373410575849,8.0,13.0,10.0,23.0,0.28495897903372835,1.4459434822242478,9.867637253834731,0.4603039799829539
-2.073027789837024,0.12580429549908387,8.0,11.0,5.0,16.0,0.28495897903372835,3.4406563354603463,9.299225915711117,1.1282826156297459
-2.0511651895363556,0.12858499038079105,9.0,12.0,15.0,27.0,0.28495897903372835,1.3061075660893344,11.192443732762511,0.3904060016527474
-2.0293025892356873,0.13142714790170684,8.0,13.0,7.0,20.0,0.28495897903372835,2.300820419325433,9.624032394638897,0.7416588525739732
-2.007439988935018,0.1343321265913282,7.0,8.0,12.0,20.0,0.28495897903372835,1.300820419325433,8.624032394638897,0.4429575984640528
-1.9855773886343495,0.13730131500718856,14.0,11.0,12.0,23.0,0.28495897903372835,7.445943482224248,15.867637253834731,1.8692337059880806
-1.9637147883336807,0.14033613239857837,11.0,12.0,10.0,22.0,0.28495897903372835,4.730902461257976,12.786435634102787,1.3230286404711402
-1.9418521880330122,0.1434380293849349,12.0,12.0,14.0,26.0,0.28495897903372835,4.591066545123063,14.111242113030567,1.2221681621458795
-1.9199895877323434,0.1466084886492274,8.0,3.0,8.0,11.0,0.28495897903372835,4.865451230628988,8.893217817051394,1.631524722417776
-1.8981269874316746,0.1498490256466681,8.0,23.0,19.0,42.0,0.28495897903372835,-3.968277119416591,11.410468028741683,-1.1747630109498932
-1.876264387131006,0.15316118932908812,6.0,12.0,8.0,20.0,0.28495897903372835,0.3008204193254329,7.624032394638897,0.1089469172040167
-1.8544017868303373,0.15654656288532487,10.0,11.0,12.0,23.0,0.28495897903372835,3.445943482224248,11.867637253834731,1.0002902106452605
-1.8325391865296687,0.16000676449797369,12.0,14.0,7.0,21.0,0.28495897903372835,6.0158614402917046,13.705234014370841,1.6250046091161334
-1.810676586229,0.16354344811686725,4.0,11.0,13.0,24.0,0.28495897903372835,-2.8390154968094805,5.948838873566676,-1.1639964615672673
-1.7888139859283314,0.16715830424965036,8.0,8.0,12.0,20.0,0.28495897903372835,2.300820419325433,9.624032394638897,0.7416588525739732
-1.7669513856276626,0.17085306076983015,7.0,18.0,15.0,33.0,0.28495897903372835,-2.4036463081130357,9.67965345115418,-0.7725750130647664
-1.7450887853269939,0.174629483742686,13.0,12.0,8.0,20.0,0.28495897903372835,7.300820419325433,14.624032394638897,1.909141401746214
-1.7232261850263253,0.17848937826943526,6.0,20.0,13.0,33.0,0.28495897903372835,-3.4036463081130357,8.67965345115418,-1.1552958970455929
-1.7013635847256565,0.18243458935005805,8.0,17.0,11.0,28.0,0.28495897903372835,0.021148587055606072,10.273645352494455,0.006598102720535658
-1.679500984424988,0.18646700276519265,10.0,13.0,16.0,29.0,0.28495897903372835,1.7361896080218777,12.354846972226401,0.4939448561518046
-1.6576383841243192,0.19058854597752467,12.0,17.0,23.0,40.0,0.28495897903372835,0.6016408386508658,15.248064789277795,0.1540742078886591
-1.6357757838236504,0.19480118905309907,8.0,20.0,14.0,34.0,0.28495897903372835,-1.688605287146764,10.760855070886125,-0.5147599542495095
-1.6139131835229819,0.19910694560299666,9.0,22.0,22.0,44.0,0.28495897903372835,-3.5381950774840476,12.572871268205573,-0.9978483407426948
-1.592050583222313,0.20350787374582505,8.0,24.0,11.0,35.0,0.28495897903372835,-1.9735642661804924,10.842056690618069,-0.5993705998214734
-1.5701879829216445,0.2080060770914831,9.0,19.0,17.0,36.0,0.28495897903372835,-1.2585232452142208,11.923258310350015,-0.36447166024024463
-1.5483253826209757,0.21260370574667084,11.0,13.0,13.0,26.0,0.28495897903372835,3.591066545123063,13.111242113030567,0.9917484591870434
-1.526462782320307,0.21730295734262342,13.0,15.0,16.0,31.0,0.28495897903372835,4.166271649954421,15.517250211690289,1.0576456851101055
-1.5046001820196384,0.2221060780855624,12.0,25.0,18.0,43.0,0.28495897903372835,-0.25323609845031925,15.491669648473628,-0.0643393249809147
-1.4827375817189696,0.22701536383036508,13.0,20.0,16.0,36.0,0.28495897903372835,2.7414767547857792,15.923258310350015,0.6870187622039882
-1.460874981418301,0.23203316117796516,9.0,19.0,15.0,34.0,0.28495897903372835,-0.6886052871467641,11.760855070886125,-0.20079407974011437
-1.4390123811176323,0.23716186859701047,8.0,21.0,20.0,41.0,0.28495897903372835,-3.6833181403828625,11.329266409009739,-1.0943048832373345
-1.4171497808169635,0.24240393757031223,11.0,18.0,17.0,35.0,0.28495897903372835,1.0264357338195076,13.842056690618069,0.2758871362422584
-1.395287180516295,0.24776187376663514,14.0,19.0,15.0,34.0,0.28495897903372835,4.311394712853236,16.760855070886123,1.0531002100758526
-1.3734245802156262,0.253238238238388,8.0,17.0,11.0,28.0,0.28495897903372835,0.021148587055606072,10.273645352494455,0.006598102720535658
-1.3515619799149576,0.25883564864578673,9.0,22.0,15.0,37.0,0.28495897903372835,-1.5434822242479491,12.004459930081959,-0.4454821623825799
-1.3296993796142889,0.2645567805080764,15.0,24.0,10.0,34.0,0.28495897903372835,5.311394712853236,17.760855070886123,1.2603078511234032
-1.3078367793136203,0.2704043684824084,8.0,23.0,16.0,39.0,0.28495897903372835,-3.113400182315406,11.166863169545849,-0.9316855271435354
-1.2859741790129515,0.27638120767098595,17.0,14.0,16.0,30.0,0.28495897903372835,8.45123062898815,19.436048591958347,1.916972864956598
-1.2641115787122827,0.2824901549571012,8.0,18.0,16.0,34.0,0.28495897903372835,-1.688605287146764,10.760855070886125,-0.5147599542495095
-1.2422489784116142,0.288734130370704,10.0,14.0,13.0,27.0,0.28495897903372835,2.3061075660893344,12.192443732762511,0.6604412347028779
-1.2203863781109454,0.2951161184841532,11.0,13.0,19.0,32.0,0.28495897903372835,1.8813126709206927,13.598451831422235,0.5101715625058391
-1.1985237778102769,0.3016391698388199,13.0,21.0,9.0,30.0,0.28495897903372835,4.451230628988149,15.436048591958345,1.1329533507320468
-1.176661177509608,0.3083064024032226,18.0,15.0,14.0,29.0,0.28495897903372835,9.736189608021878,20.3548469722264,2.1580181954900195
-1.1547985772089393,0.3151210030633921,6.0,22.0,18.0,40.0,0.28495897903372835,-5.398359161349134,9.248064789277795,-1.7751552600505247
-1.1329359769082707,0.32208622914617874,16.0,23.0,16.0,39.0,0.28495897903372835,4.886599817684594,19.16686316954585,1.1161723328118758
-1.111073376607602,0.32920540997622993,10.0,21.0,14.0,35.0,0.28495897903372835,0.02643573381950759,12.842056690618069,0.007376903102822014
-1.0892107763069334,0.336481948467381,11.0,22.0,14.0,36.0,0.28495897903372835,0.7414767547857792,13.923258310350015,0.19871337531573188
-1.0673481760062646,0.34391932274922293,12.0,14.0,21.0,35.0,0.28495897903372835,2.0264357338195076,14.842056690618069,0.5260000580489425
-1.0454855757055959,0.35152108782962077,11.0,13.0,17.0,30.0,0.28495897903372835,2.4512306289881494,13.436048591958345,0.6687262816096263
-1.0236229754049273,0.3592908772939805,12.0,22.0,20.0,42.0,0.28495897903372835,0.03172288058340911,15.410468028741683,0.008080992467890938
-1.0017603751042585,0.3672324050420752,13.0,22.0,16.0,38.0,0.28495897903372835,2.1715587967183225,16.085661549813903,0.5414422345647575
-0.9798977748035899,0.3753494670632601,11.0,15.0,16.0,31.0,0.28495897903372835,2.166271649954421,13.517250211690289,0.5892081422052835
-0.9580351745029212,0.3836459432509269,11.0,24.0,18.0,42.0,0.28495897903372835,-0.9682771194165909,14.410468028741683,-0.25507073076164877
-0.9361725742022525,0.39212579925706276,11.0,15.0,21.0,36.0,0.28495897903372835,0.7414767547857792,13.923258310350015,0.19871337531573188
-0.9143099739015839,0.40079308838780164,12.0,19.0,16.0,35.0,0.28495897903372835,2.0264357338195076,14.842056690618069,0.5260000580489425
-0.8924473736009151,0.40965195354087364,17.0,23.0,26.0,49.0,0.28495897903372835,3.0370100273473106,20.978879366865296,0.6630634408562082
-0.8705847733002464,0.4187066291858779,16.0,21.0,20.0,41.0,0.28495897903372835,4.3166818596171375,19.32926640900974,0.9818436966040458
-0.8487221729995778,0.42796144338832726,11.0,33.0,19.0,52.0,0.28495897903372835,-3.8178669097538744,15.222484226061132,-0.9785387279131866
-0.8268595726989091,0.43742081987842996,13.0,29.0,20.0,49.0,0.28495897903372835,-0.9629899726526894,16.978879366865296,-0.23370459618860517
-0.8049969723982404,0.4470892801655987,17.0,23.0,10.0,33.0,0.28495897903372835,7.596353691886964,19.67965345115418,1.712365441292073
-0.7831343720975716,0.4569714456996977,20.0,31.0,22.0,53.0,0.28495897903372835,4.897174111212397,24.303685845793076,0.993366416887776
-0.761271771796903,0.4670720400800602,16.0,31.0,16.0,47.0,0.28495897903372835,2.6069279854147673,19.81647612740141,0.585619891821887
-0.7394091714962343,0.47739589131333254,15.0,20.0,15.0,35.0,0.28495897903372835,5.026435733819508,17.84205669061807,1.18997455956812
-0.7175465711955656,0.4879479341212247,12.0,34.0,23.0,57.0,0.28495897903372835,-4.242661804922516,16.628492324720856,-1.0404278698741056
-0.695683970894897,0.49873321229926904,12.0,28.0,24.0,52.0,0.28495897903372835,-2.8178669097538744,16.222484226061134,-0.6996193246174084
-0.6738213705942282,0.5097568811277161,16.0,24.0,24.0,48.0,0.28495897903372835,2.321969006381039,19.89767774713335,0.5205413355369966
-0.6519587702935595,0.5210242098357188,14.0,29.0,22.0,51.0,0.28495897903372835,-0.5329079307201461,18.141282606329188,-0.12511753772611547
-0.6300961699928909,0.532540584119984,12.0,24.0,16.0,40.0,0.28495897903372835,0.6016408386508658,15.248064789277795,0.1540742078886591
-0.6082335696922222,0.5443115087190935,16.0,35.0,28.0,63.0,0.28495897903372835,-1.9524156791248863,21.115702043112524,-0.4248831655243331
-0.5863709693915535,0.556342610044728,18.0,34.0,23.0,57.0,0.28495897903372835,1.7573381950774838,22.628492324720856,0.36942606911125814
-0.5645083690908848,0.5686396388710472,21.0,21.0,35.0,56.0,0.28495897903372835,5.042297174111212,25.54729070498891,0.9975990176956183
-0.5426457687902161,0.5812084730835172,20.0,41.0,24.0,65.0,0.28495897903372835,1.477666362807657,25.278105282576416,0.2939030737443557
-0.5207831684895474,0.5940551204884938,16.0,35.0,23.0,58.0,0.28495897903372835,-0.5276207839562446,20.709693944452802,-0.11594046943968778
-0.49892056818887875,0.6071857216849081,19.0,46.0,26.0,72.0,0.28495897903372835,-1.5170464904284415,24.84651662070003,-0.30434497430674146
-0.4770579678882101,0.6206065529994258,32.0,39.0,27.0,66.0,0.28495897903372835,13.192707383773929,37.35930690230836,2.1584128832364184
-0.4551953675875414,0.6343240294864829,10.0,39.0,34.0,73.0,0.28495897903372835,-10.80200546946217,15.927718240431973,-2.7066220191833525
-0.43333276728687276,0.6483447079946331,14.0,28.0,26.0,54.0,0.28495897903372835,-1.3877848678213311,18.384887465525022,-0.3236619600034625
-0.411470166986204,0.6626752903006703,21.0,40.0,20.0,60.0,0.28495897903372835,3.9024612579762987,25.87209718391669,0.7672250661384332
-0.3896075666855353,0.6773226263130273,19.0,33.0,30.0,63.0,0.28495897903372835,1.0475843208751137,24.115702043112524,0.2133236643104057
-0.36774496638486665,0.692293717345979,23.0,37.0,33.0,70.0,0.28495897903372835,3.052871467639015,28.684113381236138,0.5700169955338714
-0.345882366084198,0.707595719466217,17.0,30.0,19.0,49.0,0.28495897903372835,3.0370100273473106,20.978879366865296,0.6630634408562082
-0.3240197657835293,0.723235946913395,18.0,45.0,31.0,76.0,0.28495897903372835,-3.656882406563355,24.171323099627806,-0.7438078940817612
-0.30215716548286065,0.7392218755962786,17.0,39.0,30.0,69.0,0.28495897903372835,-2.6621695533272565,22.602911761504195,-0.5599555034218328
-0.280294565182192,0.7555611466661727,25.0,35.0,26.0,61.0,0.28495897903372835,7.61750227894257,29.953298803648636,1.3918430442041883
-0.2584319648815232,0.7722615701693335,25.0,39.0,27.0,66.0,0.28495897903372835,6.192707383773929,30.35930690230836,1.1239180166039422
-0.23656936458085442,0.7893311287801101,28.0,32.0,38.0,70.0,0.28495897903372835,8.052871467639015,33.68411338123614,1.3875166620998465
-0.21470676428018587,0.8067779816166019,21.0,31.0,34.0,65.0,0.28495897903372835,2.477666362807657,26.278105282576416,0.4833322795808494
-0.1928441639795173,0.8246104681406546,23.0,41.0,40.0,81.0,0.28495897903372835,-0.08167730173199672,29.57733119828753,-0.015018338539493083
-0.17098156367884854,0.8428371121440594,26.0,39.0,46.0,85.0,0.28495897903372835,1.7784867821330899,32.90213767721531,0.310054889281548
-0.14911896337817976,0.8614666258228588,23.0,50.0,31.0,81.0,0.28495897903372835,-0.08167730173199672,29.57733119828753,-0.015018338539493083
-0.12725636307751098,0.8805079139417107,19.0,44.0,30.0,74.0,0.28495897903372835,-2.0869644484958982,25.008919860163918,-0.41731844789471145
-0.10539376277684243,0.8999700780902969,23.0,50.0,41.0,91.0,0.28495897903372835,-2.9312670920692803,30.389347395606983,-0.5317343364114759
-0.08353116247617387,0.919862421033814,24.0,40.0,34.0,74.0,0.28495897903372835,2.9130355515041018,30.008919860163918,0.5317660453537881
-0.06166856217550509,0.9401944511596231,25.0,54.0,41.0,95.0,0.28495897903372835,-2.0711030082041937,32.71415387453476,-0.3621044428309408
-0.039805961874836315,0.960975887022186,23.0,51.0,38.0,89.0,0.28495897903372835,-2.3613491340018236,30.22694415614309,-0.4294999147863086
-0.017943361574167538,0.9822166619884599,33.0,48.0,39.0,87.0,0.28495897903372835,8.208568824065633,40.0645409166792,1.2968428695640508
0.003919238726501018,1.0039269289859707,22.0,57.0,42.0,99.0,0.28495897903372835,-6.210938924339107,30.03896035346254,-1.133221510957059
0.025781839027169573,1.0261170653558347,43.0,53.0,48.0,101.0,0.28495897903372835,14.219143117593436,51.20136359292643,1.9871592005403305
0.04764443932783835,1.048797677813048,49.0,63.0,57.0,120.0,0.28495897903372835,14.804922515952597,58.74419436783338,1.9316287587381606
0.06950703962850713,1.0719796075164134,26.0,35.0,57.0,92.0,0.28495897903372835,-0.21622607110300862,33.470549015338925,-0.03737460737663206
0.0913696399291759,1.0956739352505338,20.0,59.0,40.0,99.0,0.28495897903372835,-8.210938924339107,28.03896035346254,-1.5506431623527335
0.11323224022984446,1.1198919867223405,29.0,62.0,39.0,101.0,0.28495897903372835,0.2191431175934362,37.20136359292643,0.03592927106231978
0.13509484053051302,1.1446453379746944,30.0,52.0,30.0,82.0,0.28495897903372835,6.633363719234275,36.65853281801948,1.0955854891963268
0.1569574408311818,1.1699458209196465,32.0,52.0,55.0,107.0,0.28495897903372835,1.509389243391066,40.688573311318095,0.2366273933268164
0.17882004113185057,1.1958055289940002,37.0,73.0,32.0,105.0,0.28495897903372835,7.079307201458523,45.52617007185421,1.0492046348434327
0.20068264143251935,1.222236822939882,27.0,60.0,63.0,123.0,0.28495897903372835,-8.049954421148584,36.987799227029214,-1.3236226053726032
0.2225452417331879,1.2492523367130803,44.0,67.0,46.0,113.0,0.28495897903372835,11.799635369188692,53.17578302970976,1.6181234066389705
0.24440784203385646,1.2768649835219816,26.0,57.0,48.0,105.0,0.28495897903372835,-3.9206927985414772,34.52617007185421,-0.667250045747699
0.26627044233452524,1.3050879619999831,31.0,54.0,49.0,103.0,0.28495897903372835,1.6492251595259795,39.36376683239032,0.2628643110531861
0.288133042635194,1.3339347625143385,37.0,48.0,37.0,85.0,0.28495897903372835,12.77848678213309,43.90213767721531,1.928575273813561
0.3099956429358628,1.3634191736144508,30.0,70.0,52.0,122.0,0.28495897903372835,-4.764995442114859,39.90659760729727,-0.754293106331238
0.33185824323653135,1.3935552886226923,31.0,68.0,49.0,117.0,0.28495897903372835,-2.340200546946221,40.500589508637546,-0.36772436288369387
0.3537208435371999,1.4243575123709058,42.0,70.0,68.0,138.0,0.28495897903372835,2.675660893345487,53.20582352300839,0.36681871601765415
0.3755834438378687,1.455840568085803,39.0,63.0,58.0,121.0,0.28495897903372835,4.5199635369188655,48.82539598756533,0.6468626032442641
0.39744604413853746,1.4880195044265534,38.0,85.0,53.0,138.0,0.28495897903372835,-1.324339106654513,49.20582352300839,-0.1887952012277847
0.41930864443920624,1.5209097026779288,36.0,74.0,64.0,138.0,0.28495897903372835,-3.324339106654513,47.20582352300839,-0.48384641697719827
0.4411712447398748,1.5545268841024387,44.0,70.0,62.0,132.0,0.28495897903372835,6.385414767547857,54.71861380461672,0.8632201489233555
0.46303384504054335,1.5888871174549748,38.0,78.0,55.0,133.0,0.28495897903372835,0.10045578851412529,48.799815424348665,0.01438023148895735
0.4848964453412121,1.6240068266635512,43.0,67.0,73.0,140.0,0.28495897903372835,3.1057429352780304,54.368226762472275,0.42120442175006684
0.5067590456418809,1.6599027986798156,44.0,69.0,73.0,142.0,0.28495897903372835,3.5358249772105736,55.53063000193617,0.4744871539717624
0.5286216459425497,1.6965921915030846,40.0,80.0,72.0,152.0,0.28495897903372835,-3.31376481312671,52.34264619925561,-0.4580299160848008
0.5504842462432182,1.734092542381735,48.0,70.0,63.0,133.0,0.28495897903372835,10.100455788514125,58.799815424348665,1.317203847488331
0.5723468465438868,1.772421776195875,48.0,103.0,61.0,164.0,0.28495897903372835,1.2667274384685498,61.317065636038954,0.16176795532257188
0.5942094468445556,1.8115982140252989,60.0,90.0,65.0,155.0,0.28495897903372835,15.831358249772109,72.58625105845145,1.858193743411717
0.6160720471452243,1.851640581906822,49.0,80.0,54.0,134.0,0.28495897903372835,10.8154968094804,59.88101704408061,1.3976611372987802
0.6379346474458931,1.892568019785183,66.0,96.0,87.0,183.0,0.28495897903372835,13.852506836827715,80.85989641094591,1.5405002845136808
0.6597972477465617,1.934400090661791,41.0,86.0,85.0,171.0,0.28495897903372835,-7.727985414767545,54.88547697416257,-1.043127926372872
0.6816598480472302,1.9771567899456912,50.0,87.0,53.0,140.0,0.28495897903372835,10.10574293527803,61.368226762472275,1.2900200473272656
0.703522448347899,2.0208585550112153,44.0,111.0,93.0,204.0,0.28495897903372835,-14.131631722880584,60.56513042531675,-1.8158542322705702
0.7253850486485678,2.0655262749668895,55.0,107.0,69.0,176.0,0.28495897903372835,4.84721969006381,69.2914850728223,0.5823080165031624
0.7472476489492366,2.1111813006402707,53.0,119.0,59.0,178.0,0.28495897903372835,2.277301731996353,67.45388831228618,0.2772790655988122
0.7691102492499051,2.157845454783474,45.0,111.0,71.0,182.0,0.28495897903372835,-6.8625341841385605,59.778694791213965,-0.8875877640758636
0.7909728495505737,2.205541042504287,55.0,105.0,79.0,184.0,0.28495897903372835,2.5675478577939828,69.94109803067785,0.3070098604835078
0.8128354498512425,2.254290861927834,48.0,119.0,58.0,177.0,0.28495897903372835,-2.4377392889699223,62.37268669255424,-0.30866687926525677
0.8346980501519112,2.3041182150939097,55.0,103.0,83.0,186.0,0.28495897903372835,1.997629899726526,70.10350127014173,0.2385861203787858
0.85656065045258,2.3550469190951713,55.0,121.0,82.0,203.0,0.28495897903372835,-2.8466727438468524,71.48392880558481,-0.3366924177843582
0.8784232507532486,2.407101317461529,63.0,117.0,107.0,224.0,0.28495897903372835,-0.8308113035551514,81.18916281995564,-0.09220476494979057
0.9002858510539171,2.460306291796167,79.0,129.0,112.0,241.0,0.28495897903372835,10.324886052871463,98.5695903553987,1.039953190335819
0.9221484513545859,2.5146872736687578,63.0,155.0,104.0,259.0,0.28495897903372835,-10.80437556973564,84.03121951057372,-1.1786350151795992
0.9440110516552547,2.5702702567715567,79.0,155.0,113.0,268.0,0.28495897903372835,2.630993618960801,100.76203408816122,0.26210260162032434
0.9658736519559235,2.6270818093441877,70.0,170.0,130.0,300.0,0.28495897903372835,-15.487693710118506,94.36048591958345,-1.5943793724137287
0.987736252256592,2.68514908687306,78.0,146.0,115.0,261.0,0.28495897903372835,3.625706472196896,99.1936227500376,0.36404139163947064
1.0095988525572606,2.74449984507148,75.0,196.0,147.0,343.0,0.28495897903372835,-22.740929808568822,102.85215556805709,-2.242340281588971
1.0314614528579293,2.8051624531466723,101.0,188.0,159.0,347.0,0.28495897903372835,2.1192342752962645,129.17696204698487,0.18646032464482162
1.0533240531585981,2.867165907360039,100.0,191.0,125.0,316.0,0.28495897903372835,9.95296262534184,125.65971183529457,0.8878801434080453
1.075186653459267,2.9305398448871536,91.0,223.0,175.0,398.0,0.28495897903372835,-22.413673655423878,123.31824465331405,-2.0183634691196297
1.0970492537599354,2.995314557984101,105.0,239.0,152.0,391.0,0.28495897903372835,-6.418960802187783,136.74983331519044,-0.5489102250088671
1.118911854060604,3.061521008466948,100.0,231.0,146.0,377.0,0.28495897903372835,-7.429535095715593,130.6130106389432,-0.6500824152573864
1.1407744543612728,3.129190842511249,104.0,225.0,171.0,396.0,0.28495897903372835,-8.843755697356428,136.15584141385017,-0.7579116763019055
1.1626370546619416,3.198356405778678,110.0,189.0,178.0,367.0,0.28495897903372835,5.420054694621697,139.80099444162374,0.45840414794077855
1.1844996549626103,3.269050758878006,108.0,243.0,168.0,411.0,0.28495897903372835,-9.11814038286235,141.37386570982932,-0.7668699277966634
1.206362255263279,3.341307693167816,104.0,235.0,159.0,394.0,0.28495897903372835,-8.273837739288979,135.99343817438626,-0.709492849259953
1.2282248555639474,3.41516174690852,124.0,267.0,182.0,449.0,0.28495897903372835,-3.9465815861440348,160.45952725964324,-0.3115575866153777
1.2500874558646162,3.4906482217713757,116.0,229.0,181.0,410.0,0.28495897903372835,-0.8331814038286325,149.2926640900974,-0.06818994405979162
1.271950056165285,3.567803199712418,114.0,229.0,168.0,397.0,0.28495897903372835,0.8712853236098397,146.2370430335821,0.07204962091949768
1.2938126564659536,3.646663560219355,111.0,252.0,170.0,422.0,0.28495897903372835,-9.252689152233359,145.26708352688073,-0.7676873129817252
1.3156752567666221,3.727266997939683,113.0,240.0,204.0,444.0,0.28495897903372835,-13.52178669097539,149.0535191609835,-1.1075490361126905
1.337537857067291,3.8096520406984395,109.0,224.0,181.0,405.0,0.28495897903372835,-6.408386508659987,141.88665599143766,-0.537994605251104
1.3594004573679597,3.8938580679142025,98.0,263.0,186.0,449.0,0.28495897903372835,-29.946581586144035,134.45952725964324,-2.5825662111973835
1.3812630576686284,3.979925329422156,123.0,259.0,161.0,420.0,0.28495897903372835,3.317228805834091,157.10468028741684,0.2646554650048368
1.403125657969297,4.0678949647132,114.0,272.0,216.0,488.0,0.28495897903372835,-25.059981768459437,153.6263904291891,-2.021844902435459
1.4249882582699656,4.157809022598313,134.0,255.0,188.0,443.0,0.28495897903372835,7.7631722880583425,169.97231754125156,0.5954566181871098
1.4468508585706343,4.249710481307563,127.0,277.0,200.0,477.0,0.28495897903372835,-8.925432999088429,165.73317261213768,-0.6933053829556717
1.4687134588713031,4.343643269033366,127.0,272.0,187.0,459.0,0.28495897903372835,-3.796171376481311,164.2715434569627,-0.2961860782732407
1.490576059171972,4.439652284927829,126.0,292.0,189.0,481.0,0.28495897903372835,-11.065268915223328,165.05797909106548,-0.8612787083404462
1.5124386594726404,4.537783420564199,130.0,323.0,211.0,534.0,0.28495897903372835,-22.168094804010934,173.36166493685855,-1.6836500806019596
1.534301259773309,4.638083581872686,131.0,286.0,170.0,456.0,0.28495897903372835,1.0587055606198703,168.02793859776685,0.08167411634504824
1.5561638600739778,4.740600711561138,137.0,280.0,210.0,490.0,0.28495897903372835,-2.629899726526901,176.78879366865297,-0.197793412672782
1.5780264603746466,4.845383812031279,137.0,279.0,223.0,502.0,0.28495897903372835,-6.049407474931627,177.7632131054363,-0.45372414696674673
1.5998890606753153,4.952482968801491,151.0,279.0,210.0,489.0,0.28495897903372835,11.655059252506845,190.70759204892101,0.8439767726673736
1.6217516609759839,5.0619493744473045,132.0,321.0,207.0,528.0,0.28495897903372835,-18.45834092980857,174.8744552184669,-1.3958201900918725
1.6436142612766524,5.173835353071056,145.0,318.0,241.0,559.0,0.28495897903372835,-14.29206927985416,190.39170543015717,-1.0357885377484901
1.6654768615773212,5.288194385312411,141.0,349.0,252.0,601.0,0.28495897903372835,-30.26034639927073,189.80217345889884,-2.1964600297338555
1.68733946187799,5.405081133911694,150.0,352.0,245.0,597.0,0.28495897903372835,-20.12051048313583,198.47736697997107,-1.4281818191509166
1.7092020621786586,5.52455146983826,156.0,349.0,234.0,583.0,0.28495897903372835,-10.131084776663641,203.34054430372385,-0.7104670788193559
1.7310646624793273,5.646662498996396,179.0,347.0,272.0,619.0,0.28495897903372835,2.610391978122152,229.26380261407385,0.17240028540667313
1.752927262779996,5.7714725895215,180.0,330.0,270.0,600.0,0.28495897903372835,9.024612579762987,228.7209718391669,0.5967268412328761
1.7747898630806649,5.8990413996796,137.0,325.0,265.0,590.0,0.28495897903372835,-31.125797629899722,184.90895564184746,-2.2889774626432255
1.7966524633813337,6.029429906383552,169.0,348.0,273.0,621.0,0.28495897903372835,-7.959525979945312,219.42620585353774,-0.5373323126262457
1.818515063682002,6.1627004343395315,168.0,337.0,292.0,629.0,0.28495897903372835,-11.239197812215139,219.0758188113933,-0.7593431738118164
1.8403776639826708,6.298916685837779,186.0,365.0,301.0,666.0,0.28495897903372835,-3.7826800364630913,240.08027874147527,-0.2441301197122442
1.8622402642833396,6.438143771201784,176.0,419.0,304.0,723.0,0.28495897903372835,-30.025341841385597,234.7087710661961,-1.9598521100705875
1.8841028645840079,6.5804482399105355,190.0,405.0,322.0,727.0,0.28495897903372835,-17.165177757520524,249.0335775451239,-1.0877256037529386
1.9059654648846767,6.7258981124086645,212.0,444.0,308.0,752.0,0.28495897903372835,-2.2891522333637226,273.06361803842253,-0.13852965575233817
1.9278280651853454,6.874562912619683,222.0,423.0,304.0,727.0,0.28495897903372835,14.834822242479476,281.0335775451239,0.8849184312908948
1.9496906654860142,7.026513701177894,191.0,449.0,296.0,745.0,0.28495897903372835,-21.294439380127614,251.49520670029892,-1.3427691499097294
1.971553265786683,7.18182310939483,189.0,480.0,294.0,774.0,0.28495897903372835,-31.55824977210574,251.8500536725253,-1.9885745879743542
1.9934158660873513,7.340565373976456,234.0,490.0,304.0,794.0,0.28495897903372835,7.742570647219679,298.4740860671642,0.4481587304922818
2.01527846638802,7.502816372507762,223.0,556.0,354.0,910.0,0.28495897903372835,-36.312670920692824,296.8934739560698,-2.107452856147833
2.037141066688689,7.6686536597216435,216.0,560.0,346.0,906.0,0.28495897903372835,-42.172835004557896,289.568667477142,-2.47831789615879
2.0590036669893577,7.838156504569487,237.0,668.0,364.0,1032.0,0.28495897903372835,-57.07766636280769,320.80007156336706,-3.1867572337205514
2.4088052718000568,11.120667030716184,351.0,677.0,550.0,1227.0,0.28495897903372835,1.3553327256153125,450.6343874110963,0.0638460098029869
2.430667872100725,11.366470894334716,363.0,717.0,543.0,1260.0,0.28495897903372835,3.9516864175022874,465.3140408622505,0.1831932196217343
2.452530472401394,11.61770784386464,356.0,762.0,544.0,1306.0,0.28495897903372835,-16.156426618049238,462.04931536991995,-0.7516248788665189
2.4743930727020627,11.874497968640943,345.0,726.0,596.0,1322.0,0.28495897903372835,-31.715770282588892,452.3485412856311,-1.4912095163091863
2.4962556730027314,12.136964012373793,349.0,799.0,585.0,1384.0,0.28495897903372835,-45.38322698268007,461.38304170901165,-2.1128300220984584
2.5181182733034,12.405231431819091,317.0,663.0,526.0,1189.0,0.28495897903372835,-21.816226071103017,413.54872586128243,-1.0727938663430587
2.6930190757087495,14.776219171252773,391.0,473.0,629.0,1102.0,0.28495897903372835,76.97520510483133,480.4841849446032,3.5116506630630164
2.7148816760094183,15.102822939887895,332.0,460.0,591.0,1051.0,0.28495897903372835,32.5081130355515,417.34290233827403,1.5912750199442285
2.736744276310087,15.436645742055909,335.0,430.0,627.0,1057.0,0.28495897903372835,33.79835916134914,420.8301120566657,1.647563692637487
2.7586068766107554,15.777847142495965,313.0,392.0,568.0,960.0,0.28495897903372835,39.43938012762078,390.95355494266704,1.994653655404812
2.780469476911424,16.12659023286061,300.0,300.0,563.0,863.0,0.28495897903372835,54.08040109389242,370.07699782866837,2.8112136816368083
2.802332077212093,16.483041709672325,283.0,223.0,571.0,794.0,0.28495897903372835,56.74257064721968,347.4740860671642,3.0440220666720283
2.8241946775127618,16.847371954003187,258.0,171.0,547.0,718.0,0.28495897903372835,53.39945305378305,316.3027629675364,3.002515900468014
2.8460572778134305,17.21975511291572,235.0,106.0,520.0,626.0,0.28495897903372835,56.61567912488604,285.8322139521975,3.3487377242759164
2.867919878114099,17.60036918270386,187.0,65.0,486.0,551.0,0.28495897903372835,29.987602552415666,231.7420924723016,1.9698777924503357
2.8897824784147677,17.989396093973827,161.0,22.0,456.0,478.0,0.28495897903372835,24.789608021877854,199.81437423186964,1.753704014082181
2.9116450787154364,18.387021798605524,114.0,13.0,447.0,460.0,0.28495897903372835,-17.08113035551503,151.35274507669462,-1.3884219021006645
2.933507679016105,18.79343635863614,68.0,3.0,369.0,372.0,0.28495897903372835,-38.00474020054695,98.20700254028348,-3.8350103482094053
