A_MAX,region,branch_label,branch_class,n_values,k_values,N_events,D_base,D_branch,deltaD,deltaD_per_event,p_fixed_branch,null_mean,null_std,null_95,null_99,A1,amps,max_amp,phases,coef_bound_active,amp_bound_active,bound_active,success_base,success_branch,branch_rank_by_deltaD
0.1,B_low_sideband_Kst_signal,folded_trig_Q_4over9,folded_subcentral_Q_4over9,"[6.6666666667, 15.0, 13.3333333333]","[8.762883822560628, 19.716488600662828, 17.525767644989813]",29000,4049.998314317293,2961.5293864875703,1088.4689278297228,0.0375334113044732,0.000999000999000999,5.86794383839598,3.5220871122613353,12.61394272046177,16.54917498237742,0.08754272051019318,"[0.12537862058515106, 0.14142135623730953, 0.11920763229942594]",0.14142135623730953,"[2.218313119596375, 2.356194490192345, 2.146384180701973]",True,True,True,True,True,1
0.1,B_low_sideband_Kst_signal,well_first_Blow,raw_well_triplet,"[9.81412076, 14.56141638, 19.01961387]","[12.90000000600456, 19.140000004385, 25.00000000379091]",29000,4049.998314317293,2970.259986659049,1079.738327658244,0.037232356126146345,0.000999000999000999,6.127324480626175,3.558160616057338,12.874634471566239,17.023616939967432,0.08754272051019318,"[0.14142135623730953, 0.14142135623730953, 0.13556234783862414]",0.14142135623730953,"[-0.7853981633974483, -2.356194490192345, 0.8296097663520297]",True,True,True,True,True,2
0.1,B_low_sideband_Kst_signal,koide_exact_10_15_20,true_sideband_Q_2over3,"[10.0, 15.0, 20.0]","[13.14432573377522, 19.716488600662828, 26.28865146755044]",29000,4049.998314317293,3138.691810125244,911.306504192049,0.03142436221351893,0.000999000999000999,5.915918948144346,3.517059455395083,12.2867076842078,17.112166503316722,0.08754272051019318,"[0.11400091845441504, 0.1330112602097391, 0.1297339849558696]",0.1330112602097391,"[-1.0699696150198736, 2.4216083030640485, -2.408467932171602]",True,False,True,True,True,3
0.1,B_low_sideband_Kst_signal,scaled_Blow_to_signal,scaled_raw_well_triplet,"[12.054560481352269, 17.88560368670903, 23.361551313118497]","[15.84490695443884, 23.509420080331445, 30.707184010593373]",29000,4049.998314317293,3299.3815835872742,750.6167307300188,0.025883335542414444,0.000999000999000999,6.150497263191726,3.387333266680656,12.707429587222277,17.26049659217985,0.08754272051019318,"[0.12774634641463145, 0.10445093113589542, 0.09243000015784707]",0.12774634641463145,"[-0.6716415146852964, -1.8637767974683372, -0.2986562249359524]",True,False,True,True,True,4
0.1,B_low_sideband_Kst_signal,well_first_signal,raw_well_triplet,"[12.14212149, 17.63498598, 23.50824274]","[15.95999999636321, 23.180000003167923, 30.900000000321644]",29000,4049.998314317293,3312.213695009535,737.784619307758,0.02544084894164683,0.000999000999000999,6.191777968704899,3.655713011718467,12.817935617997053,18.884622218543782,0.08754272051019318,"[0.14142135623730953, 0.12145748987635718, 0.08496550276772648]",0.14142135623730953,"[-0.7853981633974483, -0.889275854823939, -0.7092505608924198]",True,True,True,True,True,5
0.075,B_low_sideband_Kst_signal,well_first_Blow,raw_well_triplet,"[9.81412076, 14.56141638, 19.01961387]","[12.90000000600456, 19.140000004385, 25.00000000379091]",29000,4049.9983143185987,3074.5507922503,975.4475220682984,0.03363612145063098,0.000999000999000999,6.09033273564726,3.5051627806506613,12.790494576662462,16.190281166423613,0.08754245774010627,"[0.10606601717798213, 0.10606601717798213, 0.10606601717798213]",0.10606601717798213,"[-0.7853981633974483, -2.356194490192345, 0.7853981633974483]",True,True,True,True,True,1
0.075,B_low_sideband_Kst_signal,folded_trig_Q_4over9,folded_subcentral_Q_4over9,"[6.6666666667, 15.0, 13.3333333333]","[8.762883822560628, 19.716488600662828, 17.525767644989813]",29000,4049.9983143185987,3135.4785168755893,914.5197974430093,0.03153516542906929,0.000999000999000999,5.745451006783775,3.374089700655833,12.219551868127382,16.119864291956162,0.08754245774010627,"[0.10606601717798213, 0.10606601717798213, 0.09236733346784191]",0.10606601717798213,"[2.356194490192345, 2.356194490192345, 2.194064187330175]",True,True,True,True,True,2
0.075,B_low_sideband_Kst_signal,koide_exact_10_15_20,true_sideband_Q_2over3,"[10.0, 15.0, 20.0]","[13.14432573377522, 19.716488600662828, 26.28865146755044]",29000,4049.9983143185987,3218.1558287870466,831.842485531552,0.028684223639019034,0.000999000999000999,5.851937172729786,3.549593666753919,12.432615862839071,18.502506350176965,0.08754245774010627,"[0.09185585569991098, 0.10606601717798213, 0.10606601717798213]",0.10606601717798213,"[-0.9553167667646483, 2.356194490192345, -2.356194490192345]",True,True,True,True,True,3
0.075,B_low_sideband_Kst_signal,well_first_signal,raw_well_triplet,"[12.14212149, 17.63498598, 23.50824274]","[15.95999999636321, 23.180000003167923, 30.900000000321644]",29000,4049.9983143185987,3358.5867671222354,691.4115471963632,0.023841777489529765,0.000999000999000999,5.902259018454566,3.4895698919594995,12.283151054812176,16.353813699031623,0.08754245774010627,"[0.10606601717798213, 0.10606601717798213, 0.08334352828231277]",0.10606601717798213,"[-0.7853981633974483, -0.7853981633974483, -0.688515965393623]",True,True,True,True,True,4
0.075,B_low_sideband_Kst_signal,scaled_Blow_to_signal,scaled_raw_well_triplet,"[12.054560481352269, 17.88560368670903, 23.361551313118497]","[15.84490695443884, 23.509420080331445, 30.707184010593373]",29000,4049.9983143185987,3371.6668532426197,678.331461075979,0.023390740037102724,0.000999000999000999,6.114576560507041,3.6147756237298285,12.777987398711943,18.08394328380103,0.08754245774010627,"[0.10606601717798213, 0.08003381191943557, 0.08014808802891261]",0.10606601717798213,"[-0.7853981633974483, -1.9273539580201346, -0.3603660815035028]",True,True,True,True,True,5
0.05,B_low_sideband_Kst_signal,well_first_Blow,raw_well_triplet,"[9.81412076, 14.56141638, 19.01961387]","[12.90000000600456, 19.140000004385, 25.00000000379091]",29000,4054.1798966393258,3292.9682419987234,761.2116546406023,0.026248677746227665,0.000999000999000999,5.948313618745807,3.425290940535647,12.460754327513316,16.952178747395017,0.07071067811865477,"[0.07071067811865477, 0.07071067811865477, 0.07071067811865477]",0.07071067811865477,"[-0.7853981633974483, -2.356194490192345, 0.7853981633974483]",True,True,True,True,True,1
0.05,B_low_sideband_Kst_signal,folded_trig_Q_4over9,folded_subcentral_Q_4over9,"[6.6666666667, 15.0, 13.3333333333]","[8.762883822560628, 19.716488600662828, 17.525767644989813]",29000,4054.1798966393258,3382.091976241478,672.0879203978479,0.023175445530960275,0.000999000999000999,5.970236279398283,3.370245265240411,12.275753637314889,16.046424563534636,0.07071067811865477,"[0.07071067811865477, 0.07071067811865477, 0.06316777029199502]",0.07071067811865477,"[2.356194490192345, 2.356194490192345, 2.228263035220767]",True,True,True,True,True,2
0.05,B_low_sideband_Kst_signal,koide_exact_10_15_20,true_sideband_Q_2over3,"[10.0, 15.0, 20.0]","[13.14432573377522, 19.716488600662828, 26.28865146755044]",29000,4054.1798966393258,3392.3639624322836,661.8159342070421,0.02282123911058766,0.000999000999000999,6.064417345676267,3.481017194139919,12.487422466876803,16.26583050504608,0.07071067811865477,"[0.07071067811865477, 0.07071067811865477, 0.07071067811865477]",0.07071067811865477,"[-0.7853981633974483, 2.356194490192345, -2.356194490192345]",True,True,True,True,True,3
0.05,B_low_sideband_Kst_signal,well_first_signal,raw_well_triplet,"[12.14212149, 17.63498598, 23.50824274]","[15.95999999636321, 23.180000003167923, 30.900000000321644]",29000,4054.1798966393258,3481.3589446239293,572.8209520153964,0.019752446621220564,0.000999000999000999,6.003655617600654,3.5237447891286355,12.78123948180821,17.33057676724297,0.07071067811865477,"[0.07071067811865477, 0.07071067811865477, 0.07071067811865477]",0.07071067811865477,"[-0.7853981633974483, -0.7853981633974483, -0.7853981633974483]",True,True,True,True,True,4
0.05,B_low_sideband_Kst_signal,scaled_Blow_to_signal,scaled_raw_well_triplet,"[12.054560481352269, 17.88560368670903, 23.361551313118497]","[15.84490695443884, 23.509420080331445, 30.707184010593373]",29000,4054.1798966393258,3516.3256927598477,537.8542038794781,0.018546696685499242,0.000999000999000999,5.990968645209272,3.4528891914870314,12.854355840451941,17.292999665036394,0.07071067811865477,"[0.07071067811865477, 0.05704701025625585, 0.058459360617033]",0.07071067811865477,"[-0.7853981633974483, -2.073111783459557, -0.5446763734389811]",True,True,True,True,True,5
0.025,B_low_sideband_Kst_signal,well_first_Blow,raw_well_triplet,"[9.81412076, 14.56141638, 19.01961387]","[12.90000000600456, 19.140000004385, 25.00000000379091]",29000,4085.063416693653,3645.9738251441663,439.0895915494866,0.015141020398258159,0.000999000999000999,5.868126808107027,3.505946597675711,12.413343193668771,17.814162665986036,0.03535533905932738,"[0.03535533905932738, 0.03535533905932738, 0.03535533905932738]",0.03535533905932738,"[-0.7853981633974483, -2.356194490192345, 0.7853981633974483]",True,True,True,True,True,1
0.025,B_low_sideband_Kst_signal,koide_exact_10_15_20,true_sideband_Q_2over3,"[10.0, 15.0, 20.0]","[13.14432573377522, 19.716488600662828, 26.28865146755044]",29000,4085.063416693653,3696.6233931725374,388.44002352111556,0.01339448356969364,0.000999000999000999,5.980757881759442,3.418443860137072,12.255328799180159,15.69583283011775,0.03535533905932738,"[0.03535533905932738, 0.03535533905932738, 0.03535533905932738]",0.03535533905932738,"[-0.7853981633974483, 2.356194490192345, -2.356194490192345]",True,True,True,True,True,2
0.025,B_low_sideband_Kst_signal,folded_trig_Q_4over9,folded_subcentral_Q_4over9,"[6.6666666667, 15.0, 13.3333333333]","[8.762883822560628, 19.716488600662828, 17.525767644989813]",29000,4085.063416693653,3710.153835481992,374.90958121166113,0.012927916593505557,0.000999000999000999,5.909355455494241,3.403405064720526,12.35609451540444,16.26802503897691,0.03535533905932738,"[0.03535533905932738, 0.03535533905932738, 0.034544263994229996]",0.03535533905932738,"[2.356194490192345, 2.356194490192345, 2.332430607926954]",True,True,True,True,True,3
0.025,B_low_sideband_Kst_signal,well_first_signal,raw_well_triplet,"[12.14212149, 17.63498598, 23.50824274]","[15.95999999636321, 23.180000003167923, 30.900000000321644]",29000,4085.063416693653,3738.3949774433318,346.66843925032117,0.01195408411208004,0.000999000999000999,6.062572990012161,3.6594863078958433,13.116501897466435,18.019230906556412,0.03535533905932738,"[0.03535533905932738, 0.03535533905932738, 0.03535533905932738]",0.03535533905932738,"[-0.7853981633974483, -0.7853981633974483, -0.7853981633974483]",True,True,True,True,True,4
0.025,B_low_sideband_Kst_signal,scaled_Blow_to_signal,scaled_raw_well_triplet,"[12.054560481352269, 17.88560368670903, 23.361551313118497]","[15.84490695443884, 23.509420080331445, 30.707184010593373]",29000,4085.063416693653,3765.6816429162923,319.38177377736065,0.011013164613012437,0.000999000999000999,5.846872101490277,3.369623059196826,12.38177208175379,16.41101133655542,0.03535533905932738,"[0.03535533905932738, 0.03490997817286817, 0.03535533905932738]",0.03535533905932738,"[-0.7853981633974483, -2.343354293697102, -0.7853981633974483]",True,True,True,True,True,5
0.1,signal_B_signal_Kst,folded_trig_Q_4over9,folded_subcentral_Q_4over9,"[6.6666666667, 15.0, 13.3333333333]","[8.762883822560628, 19.716488600662828, 17.525767644989813]",15630,1936.8238633170417,1479.3822103570442,457.44165295999755,0.029266900381317823,0.000999000999000999,5.954023838600721,3.4799728870726723,12.428036365958699,16.943559307804676,0.1016435310434362,"[0.10054184665320501, 0.11492080683914735, 0.10030151718894618]",0.11492080683914735,"[1.6746627087008155, 2.086056711791953, 1.648354244249401]",True,False,True,True,True,1
0.1,signal_B_signal_Kst,well_first_signal,raw_well_triplet,"[12.14212149, 17.63498598, 23.50824274]","[15.95999999636321, 23.180000003167923, 30.900000000321644]",15630,1936.8238633170417,1516.4022744165954,420.4215889004463,0.0268983742098814,0.000999000999000999,6.027333305935739,3.5051443236541413,12.292437057759654,17.69905903769207,0.1016435310434362,"[0.14142135623730953, 0.1265311322042693, 0.09652218121965292]",0.14142135623730953,"[-0.7853981633974483, -0.8218200206377387, -0.5102339017319893]",True,True,True,True,True,2
0.1,signal_B_signal_Kst,scaled_Blow_to_signal,scaled_raw_well_triplet,"[12.054560481352269, 17.88560368670903, 23.361551313118497]","[15.84490695443884, 23.509420080331445, 30.707184010593373]",15630,1936.8238633170417,1529.9752535202795,406.8486097967623,0.026029981432934248,0.000999000999000999,5.926696540031168,3.421618031780937,12.156622868072336,16.023981838798154,0.1016435310434362,"[0.13366455300269653, 0.10032235789864347, 0.09163197792409324]",0.13366455300269653,"[-0.7255395683459676, -1.6509828991013384, -0.10271834778585369]",True,False,True,True,True,3
0.1,signal_B_signal_Kst,well_first_Blow,raw_well_triplet,"[9.81412076, 14.56141638, 19.01961387]","[12.90000000600456, 19.140000004385, 25.00000000379091]",15630,1936.8238633170417,1535.4337281940923,401.39013512294946,0.02568075080761033,0.000999000999000999,6.1367849720801635,3.636563110603604,12.828893620295796,18.948597009311843,0.1016435310434362,"[0.10531760944776868, 0.1264632556177654, 0.1123069810863365]",0.1264632556177654,"[-0.3191296905270709, -2.482818983489343, 0.941491247568159]",True,False,True,True,True,4
0.1,signal_B_signal_Kst,koide_exact_10_15_20,true_sideband_Q_2over3,"[10.0, 15.0, 20.0]","[13.14432573377522, 19.716488600662828, 26.28865146755044]",15630,1936.8238633170417,1563.7466922705707,373.077171046471,0.02386930077072751,0.000999000999000999,5.904055515418895,3.3977869721000604,12.267195567546729,16.703590395877548,0.1016435310434362,"[0.13595411505586577, 0.1326216068906595, 0.09094541951333819]",0.13595411505586577,"[-0.7443295523564081, 2.2874242502023825, -2.161249634520654]",True,False,True,True,True,5
0.075,signal_B_signal_Kst,folded_trig_Q_4over9,folded_subcentral_Q_4over9,"[6.6666666667, 15.0, 13.3333333333]","[8.762883822560628, 19.716488600662828, 17.525767644989813]",15630,1942.5096571670801,1549.4250240029792,393.084633164101,0.02514936872451062,0.000999000999000999,5.8052373471608645,3.146038744855158,11.73208183056827,15.943577607192184,0.07665421834535857,"[0.07600940063514453, 0.09719164604657216, 0.07560826878549923]",0.09719164604657216,"[1.7339492736368145, 2.260127995645105, 1.697727912267572]",True,False,True,True,True,1
0.075,signal_B_signal_Kst,well_first_signal,raw_well_triplet,"[12.14212149, 17.63498598, 23.50824274]","[15.95999999636321, 23.180000003167923, 30.900000000321644]",15630,1942.5096571670801,1554.1217989257811,388.387858241299,0.024848871288630774,0.000999000999000999,5.969264461857295,3.457561586038633,12.621721377411685,16.054982821043165,0.07665421834535857,"[0.10606601717798213, 0.10606601717798213, 0.08721299173044046]",0.10606601717798213,"[-0.7853981633974483, -0.7853981633974483, -0.5355979440500009]",True,True,True,True,True,2
0.075,signal_B_signal_Kst,well_first_Blow,raw_well_triplet,"[9.81412076, 14.56141638, 19.01961387]","[12.90000000600456, 19.140000004385, 25.00000000379091]",15630,1942.5096571670801,1579.9537778138356,362.55587935324456,0.02319615350948462,0.000999000999000999,5.779298957341929,3.2245466365926023,11.9099410530662,15.129435693196006,0.07665421834535857,"[0.07996292135865907, 0.10570920739858897, 0.10237305356724107]",0.10570920739858897,"[-0.35416985296060094, -2.359575602379099, 0.8221555055159394]",True,False,True,True,True,3
0.075,signal_B_signal_Kst,scaled_Blow_to_signal,scaled_raw_well_triplet,"[12.054560481352269, 17.88560368670903, 23.361551313118497]","[15.84490695443884, 23.509420080331445, 30.707184010593373]",15630,1942.5096571670801,1583.3654969369893,359.14416023009085,0.022977873335258532,0.000999000999000999,5.947059355485822,3.2577583589092414,11.912713981515639,15.846042835351996,0.07665421834535857,"[0.10606601717798213, 0.07570514556496949, 0.07578394932909803]",0.10606601717798213,"[-0.7853981633974483, -1.7073896160081101, -0.14396120405602614]",True,True,True,True,True,4
0.075,signal_B_signal_Kst,koide_exact_10_15_20,true_sideband_Q_2over3,"[10.0, 15.0, 20.0]","[13.14432573377522, 19.716488600662828, 26.28865146755044]",15630,1942.5096571670801,1599.3505810594024,343.1590761076777,0.021955155221220584,0.000999000999000999,5.848455718242007,3.285316324372398,11.675400177206601,15.606037012420698,0.07665421834535857,"[0.10606601717798213, 0.10606601717798213, 0.09188829641798503]",0.10606601717798213,"[-0.7853981633974483, 2.356194490192345, -2.1928078098168085]",True,True,True,True,True,5
0.05,signal_B_signal_Kst,well_first_signal,raw_well_triplet,"[12.14212149, 17.63498598, 23.50824274]","[15.95999999636321, 23.180000003167923, 30.900000000321644]",15630,1956.6514605059988,1644.6677085529604,311.98375195303834,0.019960572741717104,0.000999000999000999,6.040769420950813,3.5676215326933627,12.717149167625767,16.971015016259113,0.051783930024509435,"[0.07071067811865477, 0.07071067811865477, 0.06595004345781094]",0.07071067811865477,"[-0.7853981633974483, -0.7853981633974483, -0.7103255763530067]",True,True,True,True,True,1
0.05,signal_B_signal_Kst,folded_trig_Q_4over9,folded_subcentral_Q_4over9,"[6.6666666667, 15.0, 13.3333333333]","[8.762883822560628, 19.716488600662828, 17.525767644989813]",15630,1956.6514605059988,1652.0090295558425,304.64243095015627,0.0194908784996901,0.000999000999000999,5.869865169452918,3.4863609752797005,12.135019636705916,16.589084730375117,0.051783930024509435,"[0.05504417509986927, 0.07071067811865477, 0.0510417214557154]",0.07071067811865477,"[2.0022439439742192, 2.356194490192345, 1.7731772437662425]",True,True,True,True,True,2
0.05,signal_B_signal_Kst,well_first_Blow,raw_well_triplet,"[9.81412076, 14.56141638, 19.01961387]","[12.90000000600456, 19.140000004385, 25.00000000379091]",15630,1956.6514605059988,1665.5379790718744,291.1134814341244,0.01862530271491519,0.000999000999000999,5.950886414846169,3.558750293841802,12.725189064410305,16.725967662296895,0.051783930024509435,"[0.05551179688710051, 0.07071067811865477, 0.07071067811865477]",0.07071067811865477,"[-0.44939647888853124, -2.356194490192345, 0.7853981633974483]",True,True,True,True,True,3
0.05,signal_B_signal_Kst,koide_exact_10_15_20,true_sideband_Q_2over3,"[10.0, 15.0, 20.0]","[13.14432573377522, 19.716488600662828, 26.28865146755044]",15630,1956.6514605059988,1675.88827583438,280.7631846716188,0.017963095628382518,0.000999000999000999,6.173978477663777,3.5711065990449717,12.82440463773797,16.743757059280217,0.051783930024509435,"[0.07071067811865477, 0.07071067811865477, 0.07071067811865477]",0.07071067811865477,"[-0.7853981633974483, 2.356194490192345, -2.356194490192345]",True,True,True,True,True,4
0.05,signal_B_signal_Kst,scaled_Blow_to_signal,scaled_raw_well_triplet,"[12.054560481352269, 17.88560368670903, 23.361551313118497]","[15.84490695443884, 23.509420080331445, 30.707184010593373]",15630,1956.6514605059988,1679.284616790264,277.36684371573483,0.017745799342017584,0.000999000999000999,5.7916672146749315,3.260054830995126,12.03659810764909,15.694613034444938,0.051783930024509435,"[0.07071067811865477, 0.051691426458751084, 0.0513361704024646]",0.07071067811865477,"[-0.7853981633974483, -1.8273177865453278, -0.2286549957943646]",True,True,True,True,True,5
0.025,signal_B_signal_Kst,well_first_signal,raw_well_triplet,"[12.14212149, 17.63498598, 23.50824274]","[15.95999999636321, 23.180000003167923, 30.900000000321644]",15630,1979.3038377027306,1794.428404237842,184.8754334648886,0.011828242704087562,0.000999000999000999,6.098089225645331,3.2702896191530946,12.40595777254509,15.09040930135506,0.0273584962763898,"[0.03535533905932738, 0.03535533905932738, 0.03535533905932738]",0.03535533905932738,"[-0.7853981633974483, -0.7853981633974483, -0.7853981633974483]",True,True,True,True,True,1
0.025,signal_B_signal_Kst,folded_trig_Q_4over9,folded_subcentral_Q_4over9,"[6.6666666667, 15.0, 13.3333333333]","[8.762883822560628, 19.716488600662828, 17.525767644989813]",15630,1979.3038377027306,1800.345743543184,178.9580941595466,0.011449654136887177,0.000999000999000999,6.020586151599885,3.602055391750526,12.725045929478181,17.543396203342283,0.0273584962763898,"[0.03535533905932738, 0.03535533905932738, 0.02635037133835813]",0.03535533905932738,"[2.356194490192345, 2.356194490192345, 1.8923256538110984]",True,True,True,True,True,2
0.025,signal_B_signal_Kst,well_first_Blow,raw_well_triplet,"[9.81412076, 14.56141638, 19.01961387]","[12.90000000600456, 19.140000004385, 25.00000000379091]",15630,1979.3038377027306,1807.964974487295,171.3388632154356,0.01096217934839639,0.000999000999000999,6.005482335941155,3.4975495116969886,12.775842982817371,16.7863922928691,0.0273584962763898,"[0.03232267103465577, 0.03535533905932738, 0.03535533905932738]",0.03535533905932738,"[-0.6865287701827075, -2.356194490192345, 0.7853981633974483]",True,True,True,True,True,3
0.025,signal_B_signal_Kst,koide_exact_10_15_20,true_sideband_Q_2over3,"[10.0, 15.0, 20.0]","[13.14432573377522, 19.716488600662828, 26.28865146755044]",15630,1979.3038377027306,1811.321331639355,167.98250606337547,0.010747441206869832,0.000999000999000999,5.978907271801535,3.195746083910867,11.528926129131346,15.449653383496342,0.0273584962763898,"[0.03535533905932738, 0.03535533905932738, 0.03535533905932738]",0.03535533905932738,"[-0.7853981633974483, 2.356194490192345, -2.356194490192345]",True,True,True,True,True,4
0.025,signal_B_signal_Kst,scaled_Blow_to_signal,scaled_raw_well_triplet,"[12.054560481352269, 17.88560368670903, 23.361551313118497]","[15.84490695443884, 23.509420080331445, 30.707184010593373]",15630,1979.3038377027306,1820.3452893398178,158.95854836291278,0.010170092665573434,0.000999000999000999,6.000351997900026,3.3775651401215456,12.62192173489906,15.06832641575977,0.0273584962763898,"[0.03535533905932738, 0.029409836389073168, 0.027824506036405607]",0.03535533905932738,"[-0.7853981633974483, -2.1255015537775837, -0.45448200483283824]",True,True,True,True,True,5
0.1,B_high_sideband_Kst_signal,scaled_Blow_to_signal,scaled_raw_well_triplet,"[12.054560481352269, 17.88560368670903, 23.361551313118497]","[15.84490695443884, 23.509420080331445, 30.707184010593373]",25850,2612.339799783642,2077.29053272928,535.0492670543617,0.020698230833824438,0.000999000999000999,5.900880180011132,3.3480487247734625,12.064572415656304,15.735468964648694,0.07081740467134895,"[0.1363497088404084, 0.08960567565524677, 0.1027372659841982]",0.1363497088404084,"[-0.8233221618786488, -1.4044941638041795, -0.38936439822407426]",True,False,True,True,True,1
0.1,B_high_sideband_Kst_signal,koide_exact_10_15_20,true_sideband_Q_2over3,"[10.0, 15.0, 20.0]","[13.14432573377522, 19.716488600662828, 26.28865146755044]",25850,2612.339799783642,2091.163038476488,521.1767613071538,0.020161576839735157,0.000999000999000999,6.203997061338177,3.569420520945593,12.608044517885029,17.601922686854586,0.07081740467134895,"[0.13879591213947878, 0.1156711554356286, 0.09358170854393627]",0.13879591213947878,"[-0.7662987536344078, 2.097398574184102, -1.9835655342066723]",True,False,True,True,True,2
0.1,B_high_sideband_Kst_signal,well_first_Blow,raw_well_triplet,"[9.81412076, 14.56141638, 19.01961387]","[12.90000000600456, 19.140000004385, 25.00000000379091]",25850,2612.339799783642,2099.277133152828,513.062666630814,0.019847685362894156,0.000999000999000999,5.997430032555643,3.509668186581594,13.28659234430241,17.830120360821585,0.07081740467134895,"[0.10330283775668474, 0.11259694037279742, 0.08658763450571523]",0.11259694037279742,"[-0.2535516576925559, -2.6640426126256456, 1.28499337633643]",True,False,True,True,True,3
0.1,B_high_sideband_Kst_signal,well_first_signal,raw_well_triplet,"[12.14212149, 17.63498598, 23.50824274]","[15.95999999636321, 23.180000003167923, 30.900000000321644]",25850,2612.339799783642,2112.428696415849,499.91110336779275,0.01933892082660707,0.000999000999000999,5.986721662253805,3.392401023812324,12.928907592316335,16.45000192129858,0.07081740467134895,"[0.11070648959062611, 0.08830135278031431, 0.098314662164169]",0.11070648959062611,"[-1.1273757466416199, -0.5757507044603817, -0.8307284516607231]",True,False,True,True,True,4
0.1,B_high_sideband_Kst_signal,folded_trig_Q_4over9,folded_subcentral_Q_4over9,"[6.6666666667, 15.0, 13.3333333333]","[8.762883822560628, 19.716488600662828, 17.525767644989813]",25850,2612.339799783642,2183.7223462158217,428.6174535678201,0.01658094597941277,0.000999000999000999,6.073753070263436,3.5105900261200977,12.786437726963728,18.05300319058326,0.07081740467134895,"[0.07633387902285671, 0.08874431374405461, 0.11222970088194967]",0.11222970088194967,"[1.5807171190363103, 1.777086724622241, 1.099608545044087]",True,False,True,True,True,5
0.075,B_high_sideband_Kst_signal,scaled_Blow_to_signal,scaled_raw_well_triplet,"[12.054560481352269, 17.88560368670903, 23.361551313118497]","[15.84490695443884, 23.509420080331445, 30.707184010593373]",25850,2612.339799784408,2118.251582484452,494.08821729995634,0.019113664112183997,0.000999000999000999,5.8684277221640055,3.4797082232442795,12.27758944377736,17.077423134648054,0.0708177230097783,"[0.10606601717798213, 0.07580521693937832, 0.08396046795367573]",0.10606601717798213,"[-0.7853981633974483, -1.424912521827841, -0.4662117420370954]",True,True,True,True,True,1
0.075,B_high_sideband_Kst_signal,koide_exact_10_15_20,true_sideband_Q_2over3,"[10.0, 15.0, 20.0]","[13.14432573377522, 19.716488600662828, 26.28865146755044]",25850,2612.339799784408,2127.4995578328367,484.84024195157144,0.01875590877955789,0.000999000999000999,5.979654129701659,3.361587806564784,12.510029976509173,15.606058205160489,0.0708177230097783,"[0.10606601717798213, 0.09116976847133804, 0.0842706634573244]",0.10606601717798213,"[-0.7853981633974483, 2.175551862427601, -2.0442706585062753]",True,True,True,True,True,2
0.075,B_high_sideband_Kst_signal,well_first_signal,raw_well_triplet,"[12.14212149, 17.63498598, 23.50824274]","[15.95999999636321, 23.180000003167923, 30.900000000321644]",25850,2612.339799784408,2155.6253688100255,456.7144309743826,0.017667869670188883,0.000999000999000999,6.065769928891101,3.542156129886289,12.784004043719374,15.698036576933895,0.0708177230097783,"[0.0886863006673915, 0.08672467354843794, 0.1015035377952043]",0.1015035377952043,"[-1.0078331557579236, -0.643372314526989, -0.8071733345006135]",True,False,True,True,True,3
0.075,B_high_sideband_Kst_signal,well_first_Blow,raw_well_triplet,"[9.81412076, 14.56141638, 19.01961387]","[12.90000000600456, 19.140000004385, 25.00000000379091]",25850,2612.339799784408,2155.677714955865,456.6620848285429,0.017665844674218296,0.000999000999000999,6.053729028578472,3.529771622206912,12.826285838034288,16.125499364623828,0.0708177230097783,"[0.07822342742354936, 0.08839999590944908, 0.07976531925256056]",0.08839999590944908,"[-0.28807680239353384, -2.583782564333522, 1.2233880594520599]",True,False,True,True,True,4
0.075,B_high_sideband_Kst_signal,folded_trig_Q_4over9,folded_subcentral_Q_4over9,"[6.6666666667, 15.0, 13.3333333333]","[8.762883822560628, 19.716488600662828, 17.525767644989813]",25850,2612.339799784408,2224.925586031779,387.41421375262917,0.014987010203196486,0.000999000999000999,6.084329355210417,3.5544816800770715,12.538821721561145,16.866796133424614,0.0708177230097783,"[0.07505571669960712, 0.0780895756755498, 0.09078150006191622]",0.09078150006191622,"[1.5322624529782278, 1.853030939161356, 0.9722570390848905]",True,False,True,True,True,5
0.05,B_high_sideband_Kst_signal,scaled_Blow_to_signal,scaled_raw_well_triplet,"[12.054560481352269, 17.88560368670903, 23.361551313118497]","[15.84490695443884, 23.509420080331445, 30.707184010593373]",25850,2616.8646091082096,2223.471430119465,393.3931789887447,0.015218304796469814,0.000999000999000999,5.9570301678241675,3.255344161752376,12.299934030226762,15.417687972596603,0.05080223523770625,"[0.07071067811865477, 0.05045114273045129, 0.06269241553631835]",0.07071067811865477,"[-0.7853981633974483, -1.4369641210785857, -0.6475822822788206]",True,True,True,True,True,1
0.05,B_high_sideband_Kst_signal,koide_exact_10_15_20,true_sideband_Q_2over3,"[10.0, 15.0, 20.0]","[13.14432573377522, 19.716488600662828, 26.28865146755044]",25850,2616.8646091082096,2224.9447261731107,391.91988293509894,0.015161310751841352,0.000999000999000999,6.0083591236029825,3.4079005723129647,12.99203617387509,15.962795477823079,0.05080223523770625,"[0.07071067811865477, 0.06876864221841292, 0.06357859677142584]",0.07071067811865477,"[-0.7853981633974483, 2.3275399175421527, -2.2365877598996304]",True,True,True,True,True,2
0.05,B_high_sideband_Kst_signal,well_first_signal,raw_well_triplet,"[12.14212149, 17.63498598, 23.50824274]","[15.95999999636321, 23.180000003167923, 30.900000000321644]",25850,2616.8646091082096,2233.8795207994744,382.98508830873516,0.014815670727610645,0.000999000999000999,6.143271204139085,3.425557222387101,12.73540083277671,16.691175050501585,0.05080223523770625,"[0.06959332537268206, 0.07071067811865477, 0.07071067811865477]",0.07071067811865477,"[-0.8015853382279353, -0.7853981633974483, -0.7853981633974483]",True,True,True,True,True,3
0.05,B_high_sideband_Kst_signal,well_first_Blow,raw_well_triplet,"[9.81412076, 14.56141638, 19.01961387]","[12.90000000600456, 19.140000004385, 25.00000000379091]",25850,2616.8646091082096,2256.786839276559,360.0777698316506,0.01392950753700776,0.000999000999000999,5.933399453896174,3.275503666020314,12.144176580278337,15.528457982626001,0.05080223523770625,"[0.05289261591684205, 0.06768935803589353, 0.058597132657105415]",0.06768935803589353,"[-0.3322479046932251, -2.401889299115792, 1.022251218175746]",True,False,True,True,True,4
0.05,B_high_sideband_Kst_signal,folded_trig_Q_4over9,folded_subcentral_Q_4over9,"[6.6666666667, 15.0, 13.3333333333]","[8.762883822560628, 19.716488600662828, 17.525767644989813]",25850,2616.8646091082096,2299.2634893604204,317.6011197477892,0.012286310241693972,0.000999000999000999,6.128576664150412,3.4704293603194833,13.082184744159406,17.286151968317043,0.05080223523770625,"[0.050032694074398205, 0.05739213803274469, 0.06957896158438355]",0.06957896158438355,"[1.5346431696485077, 2.083952348221077, 0.8017985942719851]",True,False,True,True,True,5
0.025,B_high_sideband_Kst_signal,koide_exact_10_15_20,true_sideband_Q_2over3,"[10.0, 15.0, 20.0]","[13.14432573377522, 19.716488600662828, 26.28865146755044]",25850,2634.7184591627624,2396.1049195818277,238.61353958093468,0.009230697856129,0.000999000999000999,6.107643191467987,3.490487474336023,12.774791767264174,17.134505153037168,0.027484131795594387,"[0.03535533905932738, 0.03535533905932738, 0.03535533905932738]",0.03535533905932738,"[-0.7853981633974483, 2.356194490192345, -2.356194490192345]",True,True,True,True,True,1
0.025,B_high_sideband_Kst_signal,well_first_signal,raw_well_triplet,"[12.14212149, 17.63498598, 23.50824274]","[15.95999999636321, 23.180000003167923, 30.900000000321644]",25850,2634.7184591627624,2397.1105183922286,237.6079407705338,0.009191796548183126,0.000999000999000999,6.104663146262087,3.364124343341203,12.05403453424543,16.47958865581942,0.027484131795594387,"[0.03535533905932738, 0.03535533905932738, 0.03535533905932738]",0.03535533905932738,"[-0.7853981633974483, -0.7853981633974483, -0.7853981633974483]",True,True,True,True,True,2
0.025,B_high_sideband_Kst_signal,scaled_Blow_to_signal,scaled_raw_well_triplet,"[12.054560481352269, 17.88560368670903, 23.361551313118497]","[15.84490695443884, 23.509420080331445, 30.707184010593373]",25850,2634.7184591627624,2401.6167407979115,233.10171836485097,0.009017474598253422,0.000999000999000999,6.030420838837275,3.3879992569583726,12.987157386547148,15.86277037423224,0.027484131795594387,"[0.03535533905932738, 0.025518481747390673, 0.03535533905932738]",0.03535533905932738,"[-0.7853981633974483, -1.368870252813903, -0.7853981633974483]",True,True,True,True,True,3
0.025,B_high_sideband_Kst_signal,well_first_Blow,raw_well_triplet,"[9.81412076, 14.56141638, 19.01961387]","[12.90000000600456, 19.140000004385, 25.00000000379091]",25850,2634.7184591627624,2416.4735462321314,218.24491293063102,0.008442743246832921,0.000999000999000999,5.994510883273392,3.548825045983779,13.024445637715239,17.244848181080044,0.027484131795594387,"[0.027953796236417677, 0.03535533905932738, 0.03535533905932738]",0.03535533905932738,"[-0.4638583779971523, -2.356194490192345, 0.7853981633974483]",True,True,True,True,True,4
0.025,B_high_sideband_Kst_signal,folded_trig_Q_4over9,folded_subcentral_Q_4over9,"[6.6666666667, 15.0, 13.3333333333]","[8.762883822560628, 19.716488600662828, 17.525767644989813]",25850,2634.7184591627624,2433.640088307917,201.07837085484562,0.007778660381231939,0.000999000999000999,5.8550917794307065,3.4460244997293517,12.673663026931138,16.103031155311896,0.027484131795594387,"[0.026779451850475557, 0.03535533905932738, 0.03535533905932738]",0.03535533905932738,"[1.9373959122795605, 2.356194490192345, 0.7853981633974483]",True,True,True,True,True,5
