region,ell,q2_center,counts,active,in_charm_window,fit_model,fit_continuum,fit_charm_jpsi,fit_charm_psi2s,subtract_component,corrected
B_high_sideband_Kst_signal,-2.2924946620860442,0.10101415109679975,8.0,True,False,5.412439464870926,3.530051561273865,1.5554710439909514,0.32691685960610933,1.8823879035970608,6.117612096402939
B_high_sideband_Kst_signal,-2.2723138002700427,0.10307341266950178,6.0,True,False,5.7459504047317465,3.8627877040795795,1.5561460318227398,0.3270166688294271,1.883162700652167,4.116837299347833
B_high_sideband_Kst_signal,-2.252132938454041,0.10517465408541155,4.0,True,False,6.067696540986111,4.183742748329024,1.5568352327911354,0.32711855986595134,1.8839537926570868,2.1160462073429134
B_high_sideband_Kst_signal,-2.2319520766380387,0.10731873114024697,4.0,True,False,6.377964052623788,4.493202519781747,1.557538955715667,0.3272225771263751,1.884761532842042,2.1152384671579583
B_high_sideband_Kst_signal,-2.211771214822037,0.10950651707586775,9.0,True,False,6.677039126730456,4.791452844197067,1.5582575165235284,0.3273287660098603,1.8855862825333887,7.114413717466611
B_high_sideband_Kst_signal,-2.191590353006035,0.1117389029359309,7.0,True,False,6.965207958691872,5.07877954733452,1.5589912384296178,0.32743717292773455,1.8864284113573524,5.113571588642648
B_high_sideband_Kst_signal,-2.1714094911900332,0.11401679792879532,8.0,True,False,7.242756752403212,5.3554684549535665,1.5597404521218183,0.32754784532782655,1.8872882974496448,6.112711702550355
B_high_sideband_Kst_signal,-2.1512286293740317,0.1163411297978253,17.0,True,False,7.509971720484769,5.621805392813641,1.5605054959516729,0.32766083171945526,1.888166327671128,15.111833672328872
B_high_sideband_Kst_signal,-2.1310477675580293,0.11871284519924297,9.0,True,False,7.767139084504,5.8780761866742495,1.561286716130651,0.3277761816990995,1.8890628978297506,7.110937102170249
B_high_sideband_Kst_signal,-2.1108669057420277,0.12113291008768284,12.0,True,False,8.014545075203769,6.1245666622947965,1.5620844669322078,0.32789394597676436,1.889978412908972,10.110021587091028
B_high_sideband_Kst_signal,-2.090686043926026,0.12360231010960747,9.0,True,False,8.252475932737685,6.361562645434802,1.5628991108998145,0.3280141764030689,1.8909132873028833,7.109086712697117
B_high_sideband_Kst_signal,-2.0705051821100238,0.12612205100474222,3.0,True,False,8.481217906911922,6.589349961853657,1.5637310190611864,0.328136925997078,1.8918679450582645,1.1081320549417355
B_high_sideband_Kst_signal,-2.0503243202940222,0.12869315901569356,15.0,True,False,8.701057257434654,6.808214437310838,1.564580571148917,0.3282622489749002,1.8928428201238172,13.107157179876182
B_high_sideband_Kst_signal,-2.0301434584780202,0.131316681305919,7.0,True,False,8.912280254172686,7.0184418975658645,1.5654481558277427,0.3283902007790793,1.893838356606822,5.106161643393178
B_high_sideband_Kst_signal,-2.0099625966620183,0.13399368638621623,9.0,True,False,9.115173177415612,7.220318168378128,1.5663341709286802,0.3285208381088026,1.894855009037483,7.105144990962517
B_high_sideband_Kst_signal,-1.9897817348460165,0.13672526454990747,12.0,True,False,9.31002231814831,7.414129075507091,1.5672390236902645,0.3286542189509529,1.8958932426412174,10.104106757358782
B_high_sideband_Kst_signal,-1.9696008730300147,0.1395125283168953,9.0,True,False,9.497113978331384,7.600160444712188,1.5681631310071635,0.3287904026120327,1.8969535336191963,7.103046466380803
B_high_sideband_Kst_signal,-1.9494200112140128,0.14235661288677096,13.0,True,False,9.67673447119034,7.778698101752937,1.569106919686414,0.3289294497509882,1.8980363694374023,11.101963630562597
B_high_sideband_Kst_signal,-1.9292391493980108,0.14525867660115918,9.0,True,False,9.84917012151332,7.950027872388787,1.5700708267115688,0.3290714224129632,1.899142249124532,7.100857750875468
B_high_sideband_Kst_signal,-1.909058287582009,0.14821990141548916,12.0,True,False,10.014707265958187,8.114435582379144,1.571055299515029,0.32921638406401327,1.9002716835790423,10.099728316420958
B_high_sideband_Kst_signal,-1.8888774257660073,0.15124149338038242,13.0,True,False,10.173632253369206,8.27220705748352,1.572060796258874,0.3293643996268124,1.9014251958856865,11.098574804114314
B_high_sideband_Kst_signal,-1.8686965639500053,0.15432468313285427,9.0,True,False,10.326231445103229,8.423628123461349,1.5730877861244938,0.3295155355173856,1.9026033216418794,7.097396678358121
B_high_sideband_Kst_signal,-1.8485157021340033,0.1574707263975289,10.0,True,False,10.472791215366342,8.568984606072092,1.5741367496113492,0.3296698596829015,1.9038066092942507,8.09619339070575
B_high_sideband_Kst_signal,-1.8283348403180015,0.16068090449807212,6.0,True,False,10.613597951560994,8.708562331075235,1.5752081788451977,0.3298274416405606,1.9050356204857584,4.094964379514241
B_high_sideband_Kst_signal,-1.8081539785019998,0.16395652487905032,15.0,True,False,10.748938054643933,8.842647124230169,1.5763025778961468,0.32998835251761705,1.9062909304137639,13.093709069586236
B_high_sideband_Kst_signal,-1.7879731166859978,0.1672989216384277,10.0,True,False,10.879097939495917,8.971524811296455,1.5774204631068889,0.33015266509257235,1.9075731281994612,8.092426871800539
B_high_sideband_Kst_signal,-1.767792254869996,0.17070945607091892,15.0,True,False,11.004364035302558,9.095481218033456,1.5785623634315211,0.33032045383758135,1.9088828172691024,13.091117182730898
B_high_sideband_Kst_signal,-1.747611393053994,0.17418951722241885,7.0,True,False,11.125022785948135,9.214802170200684,1.5797288207853373,0.33049179496211184,1.910220615747449,5.089779384252551
B_high_sideband_Kst_signal,-1.7274305312379923,0.17774052245573424,10.0,True,False,11.241360650421477,9.32977349355756,1.5809203904060138,0.3306667664579016,1.9115871568639156,8.088412843136084
B_high_sideband_Kst_signal,-1.7072496694219903,0.1813639180278491,12.0,True,False,11.353664103235438,9.44068101386354,1.5821376412266388,0.3308454481452596,1.9129830893718984,10.087016910628101
B_high_sideband_Kst_signal,-1.6870688076059885,0.1850611796789572,12.0,True,False,11.462219634859892,9.547810556878112,1.5833811562610252,0.3310279217207553,1.9144090779817804,10.08559092201822
B_high_sideband_Kst_signal,-1.6668879457899866,0.18883381323350343,17.0,True,False,11.567313752168872,9.651447948360726,1.5846515330017956,0.3312142708063483,1.915865803808144,15.084134196191856
B_high_sideband_Kst_signal,-1.6467070839739848,0.19268335521347724,20.0,True,False,11.669232978902624,9.751879014070873,1.5859493838317418,0.33140458100000797,1.9173539648317497,18.08264603516825
B_high_sideband_Kst_signal,-1.6265262221579828,0.19661137346420915,17.0,True,False,11.768263856144781,9.849389579767937,1.587275336448969,0.3315989399278751,1.918874276376844,15.081125723623156
B_high_sideband_Kst_signal,-1.606345360341981,0.2006194677929239,18.0,True,False,11.864692942815818,9.944265471211416,1.5886300343063788,0.33179743729802436,1.9204274716044032,16.079572528395598
B_high_sideband_Kst_signal,-1.586164498525979,0.20470927062031208,7.0,True,False,11.958806816182708,10.036792514160766,1.590014137066061,0.3320001649558808,1.9220143020219418,5.077985697978058
B_high_sideband_Kst_signal,-1.5659836367099773,0.20888244764538366,18.0,True,False,12.050892072386006,10.127256534375462,1.591428321069189,0.3322072169413542,1.9236355380105432,16.076364461989456
B_high_sideband_Kst_signal,-1.5458027748939753,0.21314069852387588,11.0,True,False,12.141235326984727,10.21594335761494,1.5928732798220373,0.3324186895477515,1.9252919693697887,9.07470803063021
B_high_sideband_Kst_signal,-1.5256219130779736,0.21748575756049038,15.0,True,False,12.230123215519983,10.30313880963866,1.5943497244987883,0.3326346813825342,1.9269844058813226,13.073015594118678
B_high_sideband_Kst_signal,-1.5054410512619716,0.22191939441524294,17.0,True,False,12.317842394097864,10.38912871620608,1.5958583844617975,0.3328552934299872,1.9287136778917846,15.071286322108215
B_high_sideband_Kst_signal,-1.4852601894459698,0.22644341482421215,14.0,True,False,12.404679539992577,10.474198903076662,1.597400007800043,0.33308062911587105,1.930480636915914,12.069519363084087
B_high_sideband_Kst_signal,-1.4650793276299678,0.23105966133498157,14.0,True,False,12.490921352270481,10.558635196009853,1.5989753618864968,0.33331079437413197,1.9322861562606288,12.067713843739371
B_high_sideband_Kst_signal,-1.444898465813966,0.2357700140570741,18.0,True,False,12.576854552436114,10.642723420765147,1.6005852339552213,0.33354589771574505,1.9341311316709664,16.065868868329034
B_high_sideband_Kst_signal,-1.424717603997964,0.24057639142768533,14.0,True,False,12.662765885100745,10.72674940310198,1.6022304316989917,0.3337860502997728,1.9360164819987644,12.063983518001235
B_high_sideband_Kst_signal,-1.4045367421819623,0.24548075099302602,19.0,True,False,12.748942118674833,10.810998968779788,1.6039117838883215,0.33403136600672284,1.9379431498950443,17.062056850104955
B_high_sideband_Kst_signal,-1.3843558803659604,0.25048509020559406,13.0,True,False,12.835670046085129,10.89575794355805,1.6056301410127893,0.3342819615142913,1.9399121025270807,11.060087897472918
B_high_sideband_Kst_signal,-1.3641750185499586,0.25559144723769833,7.0,True,False,12.923236485517439,10.981312153196235,1.6073863759456173,0.3345379563755855,1.9419243323212028,5.058075667678797
B_high_sideband_Kst_signal,-1.3439941567339568,0.26080190181156815,15.0,True,False,13.011928281186178,11.067947423453777,1.6091813846324816,0.3347994730999186,1.9439808577324003,13.0560191422676
B_high_sideband_Kst_signal,-1.3238132949179549,0.2661185760463843,9.0,True,False,13.102032304132058,11.155949580090159,1.611016086805619,0.33506663723628,1.946082724041899,7.053917275958101
B_high_sideband_Kst_signal,-1.303632433101953,0.27154363532257786,14.0,True,False,13.1938354530487,11.245604448864814,1.6128914267243044,0.3353395774595822,1.9482310041838866,12.051768995816113
B_high_sideband_Kst_signal,-1.283451571285951,0.2770792891637487,18.0,True,False,13.287624655139862,11.337197855537209,1.614808373942857,0.3356184256597955,1.9504267996026523,16.049573200397347
B_high_sideband_Kst_signal,-1.2632707094699493,0.2827277921365622,13.0,True,False,13.383686867008265,11.43101562586681,1.6167679241073725,0.33590331703408327,1.9526712411414557,11.047328758858544
B_high_sideband_Kst_signal,-1.2430898476539474,0.2884914447689919,12.0,True,False,13.48230907557759,11.527343585613067,1.6187710997824631,0.3361943901820586,1.9549654899645217,10.045034510035478
B_high_sideband_Kst_signal,-1.2229089858379454,0.2943725944872803,14.0,True,False,13.583778299049051,11.626467560535456,1.6208189513093103,0.33649178720428496,1.9573107385135953,12.042689261486405
B_high_sideband_Kst_signal,-1.2027281240219436,0.30037363657200133,12.0,True,False,13.688381587894003,11.728673376393399,1.6229125576964523,0.33679565380415283,1.959708211500605,10.040291788499395
B_high_sideband_Kst_signal,-1.1825472622059419,0.3064970151336125,12.0,True,False,13.7964060258844,11.834246858946369,1.6250530275447614,0.3371061393932681,1.9621591669380296,10.03784083306197
B_high_sideband_Kst_signal,-1.1623664003899399,0.31274522410789485,16.0,True,False,13.908138731162499,11.943473833953846,1.6272415000081573,0.33742339720049536,1.9646648972086527,14.035335102791347
B_high_sideband_Kst_signal,-1.142185538573938,0.3191208082716852,15.0,True,False,14.023866857351779,12.056640127175289,1.6294791457916844,0.33774758438480557,1.96722673017649,13.03277326982351
B_high_sideband_Kst_signal,-1.1220046767579361,0.3256263642793159,12.0,True,False,14.143877594710855,12.174031564370111,1.6317671681886592,0.33807886215208394,1.9698460303407432,10.030153969659256
B_high_sideband_Kst_signal,-1.1018238149419344,0.3322645417201826,15.0,True,False,14.268458171332567,12.29593397129781,1.634106804158692,0.3384173958760639,1.9725242000347558,13.027475799965245
B_high_sideband_Kst_signal,-1.0816429531259324,0.33903804419787176,12.0,True,False,14.397895854389853,12.422633173717834,1.6364993254484637,0.3387633552235561,1.9752626806720197,10.024737319327981
B_high_sideband_Kst_signal,-1.0614620913099304,0.3459496304312868,21.0,True,False,14.532477951431048,12.554414997389626,1.6389460397572662,0.33911691428415486,1.978062954041421,19.02193704595858
B_high_sideband_Kst_signal,-1.0412812294939287,0.35300211537822207,20.0,True,False,14.672491811726696,12.691565268072681,1.6414482919494031,0.33947825170461027,1.9809265436540133,18.019073456345986
B_high_sideband_Kst_signal,-1.021100367677927,0.3601983713818419,14.0,True,False,14.818224827670123,12.834369811526408,1.6440074653156536,0.33984755082806234,1.9838550161437158,12.016144983856284
B_high_sideband_Kst_signal,-1.000919505861925,0.3675413293405313,16.0,True,False,14.96996443623481,12.983114453510312,1.6466249828861497,0.3402249998383465,1.986849982724496,14.013150017275503
B_high_sideband_Kst_signal,-0.9807386440459231,0.37503397990159476,15.0,True,False,15.127998120490508,13.138085019783814,1.6493023087971082,0.34061079190958704,1.9899131007066952,13.010086899293304
B_high_sideband_Kst_signal,-0.9605577822299213,0.38267937467929086,18.0,True,False,15.292613411181739,13.299567336106401,1.652040949714032,0.34100512536130695,1.993046075075339,16.006953924924662
B_high_sideband_Kst_signal,-0.9403769204139194,0.3904806274976961,18.0,True,False,15.464097888370903,13.467847228237508,1.6548424563140993,0.34140820381929443,1.9962506601333938,16.003749339866605
B_high_sideband_Kst_signal,-0.9201960585979175,0.39844091565890666,14.0,True,False,15.642739183149722,13.643210521936604,1.657708424830642,0.3418202363824769,1.999528661213119,12.00047133878688
B_high_sideband_Kst_signal,-0.9000151967819157,0.4065634812370933,26.0,True,False,15.82882497942198,13.82594304296315,1.6606404986627639,0.3422414377960673,2.0028819364588313,23.99711806354117
B_high_sideband_Kst_signal,-0.8798343349659138,0.4148516323989363,17.0,True,False,16.02264301576116,14.01633061707659,1.6636403700533118,0.3426720286312597,2.0063123986845715,14.993687601315429
B_high_sideband_Kst_signal,-0.8596534731499119,0.423308744750979,18.0,True,False,16.22448108734678,14.2146590700364,1.6667097818386127,0.34311223547176756,2.0098220173103805,15.99017798268962
B_high_sideband_Kst_signal,-0.83947261133391,0.4319382627144483,19.0,True,False,16.434627047983113,14.421214227602034,1.6698505292735721,0.34356229110750797,2.01341282038108,16.98658717961892
B_high_sideband_Kst_signal,-0.8192917495179082,0.44074370092810206,11.0,True,False,16.653368812204636,14.636281915532937,1.67306446193594,0.34402243473575916,2.017086896671699,8.9829131033283
B_high_sideband_Kst_signal,-0.7991108877019063,0.44972864567967447,14.0,True,False,16.880994357472467,14.860147959588579,1.6763534857137643,0.34449291217012357,2.0208463978838878,11.979153602116112
B_high_sideband_Kst_signal,-0.7789300258859044,0.4588967563665031,21.0,True,False,17.11779172646638,15.093098185528424,1.6797195648802914,0.34497397605766134,2.0246935409379527,18.975306459062047
B_high_sideband_Kst_signal,-0.7587491640699026,0.46825176698593207,15.0,True,False,17.3640490294773,15.335418419111917,1.6831647242608219,0.34546588610456086,2.028630610365383,12.971369389634617
B_high_sideband_Kst_signal,-0.7385683022539007,0.47779748765609786,13.0,True,False,17.620054446905556,15.587394486098514,1.6866910514962925,0.34596890931074953,2.032659960807042,10.967340039192958
B_high_sideband_Kst_signal,-0.7183874404378988,0.4875378061677184,20.0,True,False,17.886096231870184,15.849312212247689,1.690300699408643,0.3464833202138531,2.036784019622496,17.963215980377505
B_high_sideband_Kst_signal,-0.698206578621897,0.4974766895675162,24.0,True,False,18.16246271293514,16.121457423318883,1.6939958884733097,0.3470094011429492,2.041005289616259,21.95899471038374
B_high_sideband_Kst_signal,-0.6780257168058951,0.5076181857739213,24.0,True,False,18.44944229695869,16.404115945071567,1.6977789094045508,0.34754744248257036,2.045326351887121,21.95467364811288
B_high_sideband_Kst_signal,-0.6578448549898932,0.5179664252257112,14.0,True,False,18.747323472072242,16.69757360326519,1.7016521258596013,0.3480977429474474,2.049749868807049,11.950250131192952
B_high_sideband_Kst_signal,-0.6376639931738913,0.5285256225642607,23.0,True,False,19.05639481079577,17.002116223659208,1.705617977268058,0.34866060986850295,2.0542785871365608,20.94572141286344
B_high_sideband_Kst_signal,-0.6174831313578895,0.5393000783500848,18.0,True,False,19.37694497329702,17.318029632013097,1.7096789817932843,0.3492363594906401,2.0589153412839245,15.941084658716075
B_high_sideband_Kst_signal,-0.5973022695418876,0.5502941808143753,27.0,True,False,19.709262710802204,17.645599654086297,1.7138377394330144,0.34982531728289235,2.0636630567159067,24.936336943284093
B_high_sideband_Kst_signal,-0.5771214077258857,0.5615124076462444,28.0,True,False,20.053636869166645,17.98511211563827,1.718096935266837,0.35042781826154124,2.0685247535283784,25.93147524647162
B_high_sideband_Kst_signal,-0.5569405459098838,0.5729593278164022,27.0,True,False,20.41035639261398,18.336852842428485,1.722459342858661,0.3510442073268348,2.073503550185496,24.926496449814504
B_high_sideband_Kst_signal,-0.536759684093882,0.5846396034380117,20.0,True,False,20.77971032765319,18.701107660216383,1.7269278278228273,0.3516748396139811,2.0786026674368085,17.921397332563192
B_high_sideband_Kst_signal,-0.5165788222778801,0.5965579916654787,21.0,True,False,21.1619878271836,19.078162394761428,1.7315053515630525,0.3523200808591237,2.0838254324221763,18.916174567577823
B_high_sideband_Kst_signal,-0.49639796046187823,0.6087193466319509,22.0,True,False,21.557478154798122,19.468302871823088,1.736194975193987,0.3529803077810508,2.0891752829750376,19.910824717024962
B_high_sideband_Kst_signal,-0.47621709864587636,0.6211286214263139,27.0,True,False,21.966470689296052,19.8718149171608,1.7409998636558175,0.35365590847943107,2.0946557721352486,24.905344227864752
B_high_sideband_Kst_signal,-0.4560362368298745,0.63379087011049,30.0,True,False,22.389254929417454,20.28898435653405,1.7459232900329926,0.3543472828504132,2.1002705728834057,27.899729427116593
B_high_sideband_Kst_signal,-0.4358553750138726,0.646711249777862,22.0,True,False,22.82612049881166,20.720097015702276,1.7509686400889102,0.35505484302047696,2.106023483109387,19.893976516890614
B_high_sideband_Kst_signal,-0.41567451319787074,0.6598950226536593,25.0,True,False,23.277357151253586,21.165438720424948,1.7561394170291627,0.35577901379947513,2.111918430828638,22.888081569171362
B_high_sideband_Kst_signal,-0.39549365138186887,0.6733475582381621,23.0,True,False,23.743254776122157,21.625295296461506,1.7614392465067912,0.3565202331538603,2.1179594796606516,20.88204052033935
B_high_sideband_Kst_signal,-0.3753127895658671,0.6870743354935969,34.0,True,False,24.22410340415647,22.099952569571425,1.7668718818838978,0.35727895270114807,2.1241508345850457,31.875849165414955
B_high_sideband_Kst_signal,-0.35513192774986524,0.701080945075614,17.0,True,False,24.720193213505823,22.589696365514158,1.7724412097649302,0.35805563822673464,2.130496847991665,14.869503152008335
B_high_sideband_Kst_signal,-0.33495106593386337,0.7153730916102554,20.0,True,False,25.23181453609142,23.09481251004916,1.7781512558180144,0.3588507702242487,2.1370020260422633,17.862997973957736
B_high_sideband_Kst_signal,-0.3147702041178615,0.7299565960173398,33.0,True,False,25.759257864298412,23.6155868289359,1.7840061909018152,0.35966484446069497,2.14367103536251,30.85632896463749
B_high_sideband_Kst_signal,-0.2945893423018596,0.7448373978812138,27.0,True,False,26.30281385801817,24.152305147933816,1.7900103375166379,0.3604983725677153,2.150508710084353,24.849491289915647
B_high_sideband_Kst_signal,-0.27440848048585775,0.7600215578698313,23.0,True,False,26.862773352062547,24.705253292802386,1.7961681765997775,0.3613518826603845,2.157520059260162,20.84247994073984
B_high_sideband_Kst_signal,-0.25422761866985577,0.7755152602031482,28.0,True,False,27.439427363972637,25.274717089301063,1.8024843546865368,0.3622259199850352,2.164710274671572,25.83528972532843
B_high_sideband_Kst_signal,-0.234046756853854,0.7913248151718378,35.0,True,False,28.03306710224685,25.86098236318929,1.8089636914598524,0.36312104759770786,2.1720847390575604,32.82791526094244
B_high_sideband_Kst_signal,-0.21386589503785225,0.8074566617073531,31.0,True,False,28.643983975014585,26.464334940226543,1.8156111877131271,0.36403784707491466,2.1796490347880417,28.820350965211958
B_high_sideband_Kst_signal,-0.19368503322185027,0.8239173700043803,33.0,True,False,29.27246959918341,27.085060646172277,1.822432033752615,0.3649769192585186,2.1874089530111336,30.812591046988867
B_high_sideband_Kst_signal,-0.17350417140584828,0.8407136441967547,50.0,True,False,29.918815810090244,27.72344530678595,1.8294316182676518,0.36593888503663974,2.1953705033042916,47.80462949669571
B_high_sideband_Kst_signal,-0.15332330958984652,0.8578523250879266,29.0,True,False,30.58331467168873,28.37977474782701,1.8366155376990958,0.3669243861626237,2.2035399238617197,26.79646007613828
B_high_sideband_Kst_signal,-0.13314244777384476,0.875340392937092,18.0,True,False,31.26625848730774,29.054334795054924,1.8439896061385734,0.36793408611424117,2.2119236922528147,15.788076307747186
B_high_sideband_Kst_signal,-0.11296158595784278,0.8931849703021182,41.0,True,False,31.967939811018173,29.747411274229155,1.8515598657935914,0.3689686709954238,2.2205285367890153,38.77947146321098
B_high_sideband_Kst_signal,-0.0927807241418408,0.9113933249404266,34.0,True,False,32.688651459648355,30.45929001110915,1.8593325980562099,0.37002885048299705,2.229361448539207,31.77063855146079
B_high_sideband_Kst_signal,-0.07259986232583904,0.9299728727690123,34.0,True,False,33.428686525491216,31.19025683145437,1.8673143352158141,0.37111535882102975,2.238429694036844,31.761570305963154
B_high_sideband_Kst_signal,-0.05241900050983728,0.948931180884807,34.0,True,False,34.18833838974955,31.940597561024276,1.8755118728596785,0.37222895586559884,2.247740828725277,31.752259171274723
B_high_sideband_Kst_signal,-0.032238138693835294,0.9682759706466129,41.0,True,False,34.96790073676963,32.71059802557833,1.8839322830083547,0.3733704281829472,2.257302711191302,38.7426972888087
B_high_sideband_Kst_signal,-0.012057276877833312,0.9880151208198656,33.0,True,False,35.76766756911684,33.50054405087597,1.8925829280366355,0.3745405902042239,2.2671235182408593,30.732876481759142
B_high_sideband_Kst_signal,0.008123584938168449,1.0081566707855059,42.0,True,False,36.58793322355167,34.31072146267668,1.9014714754347921,0.3757402854402045,2.2772117608749967,39.722788239125
B_high_sideband_Kst_signal,0.02830444675417021,1.028708823814267,47.0,True,False,37.428992387968734,35.14141608673991,1.9106059134691944,0.37697038775962766,2.287576301228822,44.712423698771175
B_high_sideband_Kst_signal,0.04848530857017219,1.049679950407711,51.0,True,False,38.29114011936629,35.99291374882511,1.9199945678061403,0.37823180273503354,2.298226370541174,48.70177362945883
B_high_sideband_Kst_signal,0.06866617038617417,1.0710785917073744,52.0,True,False,39.174671862919894,36.865500274691755,1.9296461191678778,0.37952546906026086,2.3091715882281387,49.69082841177186
B_high_sideband_Kst_signal,0.08884703220217594,1.0929134629734134,38.0,True,False,40.07988347223882,37.75946149009927,1.9395696220954974,0.3808523600440528,2.32042198213955,35.67957801786045
B_high_sideband_Kst_signal,0.1090278940181777,1.115193457134164,38.0,True,False,41.00707123089118,38.67508322080714,1.9497745248995033,0.3822134851845346,2.331988010084038,35.66801198991596
B_high_sideband_Kst_signal,0.12920875583417968,1.137927648408063,25.0,True,False,41.95653187529011,39.612651292574824,1.9602706908856182,0.3836098918296695,2.3438805827152875,22.656119417284714
B_high_sideband_Kst_signal,0.14938961765018166,1.1611252959994032,40.0,True,False,42.92856261904172,40.57245153116177,1.9710684209507858,0.38504266692916583,2.3561110878799516,37.64388891212005
B_high_sideband_Kst_signal,0.16957047946618342,1.1847958478694334,43.0,True,False,43.92346117886351,41.554769762327446,1.9821784776523612,0.38651293888370697,2.368691416536068,40.631308583463934
B_high_sideband_Kst_signal,0.18975134128218518,1.2089489445843329,47.0,True,False,44.941525802191464,42.559891811831285,1.9936121108623701,0.38802187949780337,2.3816339903601733,44.61836600963983
B_high_sideband_Kst_signal,0.20993220309818716,1.233594423241631,52.0,True,False,45.983055296604235,43.58810350543278,2.0053810851284184,0.38957070604303656,2.394951791171455,49.60504820882854
B_high_sideband_Kst_signal,0.23011306491418915,1.2587423214766689,41.0,True,False,47.048349061203815,44.639690668891376,2.017497708873469,0.39116068343896615,2.408658392312435,38.59134160768757
B_high_sideband_Kst_signal,0.2502939267301909,1.2844028815507396,43.0,True,False,48.13770712010449,45.71493912796652,2.0299748655784513,0.39279312655951637,2.4227679921379677,40.57723200786203
B_high_sideband_Kst_signal,0.27047478854619267,1.3105865545225655,43.0,True,False,49.25143015819545,46.81413470841767,2.042826047104516,0.3944694026732597,2.4372954497777757,40.56270455022222
B_high_sideband_Kst_signal,0.29065565036219465,1.337304004504817,37.0,True,False,50.3898195593569,47.93756323600431,2.056065389325946,0.39619093402664857,2.4522563233525947,34.54774367664741
B_high_sideband_Kst_signal,0.3108365121781964,1.3645661130074007,49.0,True,False,51.553177447326156,49.085510536485856,2.0697077102603436,0.397959200579954,2.4676669108402978,46.5323330891597
B_high_sideband_Kst_signal,0.33101737399419817,1.3923839833692946,45.0,True,False,52.74180672942821,50.258262435621795,2.0837685508999875,0.3997757429064273,2.483544293806415,42.51645570619358
B_high_sideband_Kst_signal,0.35119823581020015,1.420768945280726,63.0,True,False,53.95601114340485,51.4561047591716,2.09826421896722,0.4016421652660285,2.499906384233248,60.50009361576675
B_high_sideband_Kst_signal,0.37137909762620214,1.449732559397538,54.0,True,False,55.19609530759849,52.67932333289471,2.1132118358378187,0.4035601388659644,2.516771974703783,51.483228025296214
B_high_sideband_Kst_signal,0.3915599594422039,1.4792866220496266,50.0,True,False,56.462364774771366,53.92820398255056,2.128629386899541,0.4055314053212637,2.5341607922208045,47.4658392077792
B_high_sideband_Kst_signal,0.41174082125820566,1.5094431700453612,56.0,True,False,57.75512608986714,55.20303253389863,2.144535775638831,0.4075577803296811,2.552093555968512,53.44790644403149
B_high_sideband_Kst_signal,0.43192168307420764,1.5402144855739484,53.0,True,False,59.07468685205202,56.5040948126984,2.1609508817772225,0.4096411575763953,2.5705920393536177,50.42940796064638
B_high_sideband_Kst_signal,0.4521025448902096,1.5716131012077337,54.0,True,False,60.4213557814053,57.831676644709304,2.1778956238107634,0.4117835128852356,2.589679136695999,51.410320863304
B_high_sideband_Kst_signal,0.4722834067062114,1.6036518050064803,63.0,True,False,61.79544279066629,59.18606385569078,2.1953920263409463,0.4139869086345637,2.60937893497551,60.39062106502449
B_high_sideband_Kst_signal,0.49246426852221314,1.6363436457257035,63.0,True,False,63.19725906248476,60.56754227140232,2.2134632926249784,0.41625349845746634,2.6297167910824446,60.370283208917556
B_high_sideband_Kst_signal,0.5126451303382151,1.6697019381311813,69.0,True,False,64.62711713266776,61.97639771760337,2.2321338828168193,0.4185855322475776,2.650719415064397,66.3492805849356
B_high_sideband_Kst_signal,0.5328259921542171,1.703740268421804,72.0,True,False,66.08533097996627,63.412916020053395,2.251429598419204,0.42098536149367455,2.6724149599128784,69.32758504008711
B_high_sideband_Kst_signal,0.5530068539702189,1.7384724997629755,49.0,True,False,67.57221612300133,64.87738300451184,2.2713776735212896,0.42345544496819965,2.6948331184894894,46.30516688151051
B_high_sideband_Kst_signal,0.5731877157862206,1.7739127779328188,60.0,True,False,69.08808972499263,66.37008449673817,2.292006873457398,0.4259983547970571,2.718005228254455,57.281994771745545
B_high_sideband_Kst_signal,0.5933685776022226,1.8100755370834818,62.0,True,False,70.63327070702277,67.89130632249186,2.313347601590465,0.4286167829404456,2.7419643845309105,59.25803561546909
B_high_sideband_Kst_signal,0.6135494394182246,1.846975505619892,47.0,True,False,72.20807987064966,69.44133430753234,2.3354320150001624,0.4313135481171523,2.766745563117315,44.23325443688269
B_high_sideband_Kst_signal,0.6337303012342264,1.884627712198357,81.0,True,False,73.81284003076814,71.02045427761907,2.3582941499414276,0.43409160320764495,2.7923857531490723,78.20761424685092
B_high_sideband_Kst_signal,0.6539111630502281,1.9230474918474523,76.0,True,False,75.4478761597215,72.6289520585115,2.3819700580354586,0.4369540431745329,2.8189241012099915,73.18107589879001
B_high_sideband_Kst_signal,0.6740920248662301,1.9622504922136854,62.0,True,False,77.11351554377542,74.26711347596914,2.4064979542637768,0.4399041135425056,2.8464020678062822,59.15359793219372
B_high_sideband_Kst_signal,0.6942728866822321,2.0022526799344846,73.0,True,False,78.81008795319343,75.93522435575142,2.431918377958232,0.44294521948378635,2.874863597442018,70.12513640255798
B_high_sideband_Kst_signal,0.7144537484982338,2.0430703471411085,66.0,True,False,80.53792582729521,77.63357052361776,2.4582743681179826,0.4460809355594702,2.9043553036774528,63.095644696322545
B_high_sideband_Kst_signal,0.7346346103142356,2.0847201180941215,60.0,True,False,82.2973644760401,79.36243780532763,2.485611654540577,0.4493150161718951,2.934926670712472,57.06507332928753
B_high_sideband_Kst_signal,0.7548154721302376,2.1272189559541386,62.0,True,False,84.08874229986031,81.12211202664056,2.5139788664312306,0.4526514067885187,2.9666302732197494,59.03336972678025
B_high_sideband_Kst_signal,0.7749963339462396,2.1705841696905983,61.0,True,False,85.91240102967458,82.91287901331596,2.54342776035499,0.4560942560036354,2.9995220163586254,58.000477983641375
B_high_sideband_Kst_signal,0.7951771957622413,2.2148334211313787,72.0,True,False,87.76868598924854,84.73502459111323,2.5740134696245014,0.45964792851080677,3.033661398135308,68.96633860186469
B_high_sideband_Kst_signal,0.8153580575782431,2.259984732156122,59.0,True,False,89.65794638233369,86.5888345857919,2.6057947774756687,0.46331701906612294,3.0691117965417916,55.93088820345821
B_high_sideband_Kst_signal,0.8355389193942451,2.3060564920362085,75.0,True,False,91.58053560732128,88.47459482311143,2.6388344166793734,0.4671063675304777,3.105940784209851,71.89405921579015
B_high_sideband_Kst_signal,0.855719781210247,2.3530674649243504,74.0,True,False,93.5368116024948,90.39259112883127,2.673199398575507,0.4710210750880204,3.1442204736635277,70.85577952633648
B_high_sideband_Kst_signal,0.8759006430262488,2.40103679749688,102.0,True,False,95.52713722536122,92.34310932871084,2.708961374902421,0.4750665217479582,3.184027896650379,98.81597210334962
B_high_sideband_Kst_signal,0.8960815048422506,2.449984026751827,97.0,True,False,97.5518806699961,94.3264352485096,2.7461970362384345,0.47924838524806357,3.225445421486498,93.7745545785135
B_high_sideband_Kst_signal,0.9162623666582526,2.499929087965966,100.0,True,False,99.61141592685946,96.34285471398708,2.784988551381652,0.48357266149072337,3.2685612128723753,96.73143878712763
B_high_sideband_Kst_signal,0.9364432284742543,2.5508923228140734,99.0,True,False,101.70612329013986,98.39265355090264,2.825424052580853,0.4880456866563602,3.313469739237213,95.6865302607628
B_high_sideband_Kst_signal,0.9566240902902561,2.6028944876537095,118.0,True,False,103.83638991837739,100.47611758501581,2.8675981722068666,0.4926741611547136,3.3602723333615803,114.63972766663842
B_high_sideband_Kst_signal,0.9768049521062581,2.6559567619788873,113.0,True,False,106.00261045491402,102.59353264208603,2.9116126372359337,0.49746517559205256,3.409077812827986,109.59092218717201
B_high_sideband_Kst_signal,0.99698581392226,2.710100757046076,114.0,True,False,108.2051877156475,104.74518454787277,2.9575769288225815,0.5024262389521491,3.4600031677747305,110.53999683222527
B_high_sideband_Kst_signal,1.0171666757382618,2.7653485246760563,128.0,True,False,110.44453345263814,106.93135912813545,3.00560901529161,0.5075653092110729,3.5131743245026827,124.48682567549731
B_high_sideband_Kst_signal,1.0373475375542636,2.821722566235211,153.0,True,False,112.72106920336748,109.15234220863354,3.0558361681030104,0.512890826630919,3.5687269947339293,149.43127300526606
B_high_sideband_Kst_signal,1.0575283993702655,2.8792458417999014,121.0,True,False,115.03522723690435,111.40841961512653,3.1083958717719518,0.5184117500058626,3.6268076217778145,117.37319237822219
B_high_sideband_Kst_signal,1.0777092611862675,2.937941779507669,157.0,True,False,117.38745160993597,113.69987717337388,3.163436840396201,0.5241375961658882,3.6875744365620893,153.3124255634379
B_high_sideband_Kst_signal,1.0978901230022693,2.997834285099073,145.0,True,False,119.77819934761642,116.02700070913498,3.221120155401704,0.5300784830797386,3.7511986384814424,141.24880136151856
B_high_sideband_Kst_signal,1.118070984818271,3.058947751654046,138.0,True,False,122.20794176652812,118.39007604816935,3.281620541419125,0.5362451769396496,3.8178657183587745,134.18213428164123
B_high_sideband_Kst_signal,1.138251846634273,3.121307069526729,151.0,True,False,124.6771659598112,120.78938901623644,3.3451277999177127,0.5426491436570435,3.8877769435747562,147.11222305642525
B_high_sideband_Kst_signal,1.158432708450275,3.1849376364828412,162.0,True,False,127.18637646777766,123.2252254390957,3.4118484234305844,0.5493026052513843,3.961151028681969,158.03884897131803
B_high_sideband_Kst_signal,1.1786135702662768,3.2498653680437055,168.0,True,False,129.7360971611896,125.69787114250656,3.4820074170082203,0.5562186016748185,4.038226018683039,163.96177398131695
B_high_sideband_Kst_signal,1.1987944320822785,3.3161167080411533,140.0,True,False,132.3268733689716,128.20761195222852,3.55585035805886,0.5634110586842278,4.119261416743088,135.8807385832569
B_high_sideband_Kst_signal,1.2189752938982805,3.38371863938759,158.0,True,False,134.95927428760046,130.754733694021,3.6336457311282184,0.5708948624512342,4.204540593579453,153.79545940642055
B_high_sideband_Kst_signal,1.2391561557142825,3.4526986950656244,164.0,True,False,137.63389571596036,133.33952219364352,3.7156875806256995,0.578685941691145,4.294373522316844,159.70562647768315
B_high_sideband_Kst_signal,1.2593370175302843,3.5230849693417285,170.0,True,False,140.35136316730552,135.96226327685548,3.8022985322543805,0.5868013581956574,4.389099890450038,165.61090010954996
B_high_sideband_Kst_signal,1.279517879346286,3.5949061292085016,162.0,True,False,143.1123354194304,138.62324276941635,3.893833243240404,0.595259406773626,4.4890926500140305,157.51090734998596
B_high_sideband_Kst_signal,1.299698741162288,3.6681914260601896,166.0,True,False,145.91750857557736,141.32274649708563,3.990682352749805,0.6040797257419098,4.594762078491715,161.40523792150827
B_high_sideband_Kst_signal,1.31987960297829,3.7429707076062213,175.0,True,False,148.76762072247814,144.06106028562272,4.093277017587968,0.6132834192674457,4.706560436855414,170.29343956314457
B_high_sideband_Kst_signal,1.3400604647942918,3.819274430027615,172.0,True,False,151.6634572888132,146.83846996078708,4.202094134980193,0.6228931930459083,4.8249873280261015,167.1750126719739
B_high_sideband_Kst_signal,1.3602413266102935,3.8971336703812027,168.0,True,False,154.60585722802347,149.65526134833823,4.317662374669174,0.6329335050160761,4.950595879685251,163.04940412031476
B_high_sideband_Kst_signal,1.3804221884262955,3.9765801392567273,147.0,True,False,157.59572017477103,152.51172027403555,4.440569167677816,0.6434307330576595,5.083999900735475,141.91600009926452
B_high_sideband_Kst_signal,1.4006030502422975,4.057646193691957,203.0,True,False,160.6340147556284,155.40813256363856,4.571468830079668,0.654413361910162,5.225882191989831,197.77411780801017
B_high_sideband_Kst_signal,1.4207839120582992,4.140364850351096,166.0,True,False,163.72178827334486,158.3447840429067,4.711092038549046,0.6659121918891034,5.377004230438149,160.62299576956184
B_high_sideband_Kst_signal,1.440964773874301,4.224769798971848,184.0,True,False,166.86017803231462,161.32196053759938,4.860256922342432,0.6779605723727857,5.538217494715218,178.4617825052848
B_high_sideband_Kst_signal,1.461145635690303,4.310895416086604,190.0,True,False,170.05042463329266,164.33994787347612,5.019882096317561,0.6905946634989875,5.710476759816548,184.28952324018346
B_high_sideband_Kst_signal,1.481326497506305,4.398776779023345,151.0,True,False,173.29388764142516,167.3990318762964,5.191002035068675,0.7038537300600912,5.894855765128766,145.10514423487123
B_high_sideband_Kst_signal,1.5015073593223067,4.488449680191979,194.0,True,False,176.59206412784243,170.49949837181958,5.374785283789091,0.7177804722337646,6.092565756022855,187.90743424397715
B_high_sideband_Kst_signal,1.5216882211383085,4.579950641661912,177.0,True,False,179.9466107074598,173.6416331858052,5.572556123099959,0.7324213985546213,6.30497752165458,170.6950224783454
B_high_sideband_Kst_signal,1.5418690829543105,4.6733169300367825,182.0,True,False,183.359369852339,176.82572214401267,5.785820460881175,0.747827247445143,6.533647708326318,175.46635229167367
B_high_sideband_Kst_signal,1.5620499447703122,4.76858657163245,200.0,True,False,186.83240146190133,180.0520510722015,6.0162969249877145,0.7640534647120983,6.780350389699813,193.2196496103002
B_high_sideband_Kst_signal,1.582230806586314,4.865798367964389,193.0,True,False,190.36802093325596,183.32090579613106,6.265954391409456,0.7811607457154399,7.047115137124896,185.9528848628751
B_high_sideband_Kst_signal,1.602411668402316,4.964991911550808,196.0,True,False,193.96884531720727,186.63257214156096,6.537057523169243,0.799215652477076,7.336273175646319,188.6637268243537
B_high_sideband_Kst_signal,1.622592530218318,5.066207602037931,189.0,True,False,197.63784959612144,189.9873359342505,6.8322223439956735,0.8182913178752533,7.650513661870927,181.34948633812908
B_high_sideband_Kst_signal,1.6427733920343197,5.1694866626540055,230.0,True,False,201.378435717794,193.3854829999592,7.154484466495343,0.838468251339423,7.992952717834766,222.00704728216525
B_high_sideband_Kst_signal,1.6629542538503215,5.274871156998744,227.0,True,False,205.19451781963411,196.82729916444652,7.507383391975619,0.8598352632119838,8.367218655187603,218.6327813448124
B_high_sideband_Kst_signal,1.6831351156663235,5.3824040061750225,222.0,True,False,209.09062815787584,200.31307025347192,7.895067376111307,0.8824905282925957,8.777557904403903,213.2224420955961
B_high_sideband_Kst_signal,1.7033159774823254,5.492129006269837,206.0,True,False,213.07204972916972,203.84308209279493,8.322424823200562,0.9065428131742422,9.228967636374804,196.77103236362518
B_high_sideband_Kst_signal,1.7234968392983272,5.604090846191611,263.0,True,False,217.14498359961283,207.41762050817485,8.795250194433818,0.9321128970041727,9.72736309143799,253.27263690856202
B_high_sideband_Kst_signal,1.7436777011143292,5.718335125871149,230.0,True,False,221.31676177851094,211.03697132537127,9.320455231643798,0.9593352214958676,10.279790453139666,219.72020954686033
B_high_sideband_Kst_signal,1.7638585629303312,5.83490837483361,264.0,True,False,225.5961204478253,214.70142037014358,9.906340263994622,0.9883598136871138,10.894700077681735,253.10529992231827
B_high_sideband_Kst_signal,1.7840394247463327,5.953858071149108,253.0,True,False,229.9935540226764,218.4112534682512,10.562946019943963,1.0193545344812363,11.5823005544252,241.4176994455748
B_high_sideband_Kst_signal,1.8042202865623347,6.07523266076963,250.0,True,False,234.52177870080484,222.16675644545373,11.30251453741087,1.0525077179402422,12.355022255351113,237.64497774464888
B_high_sideband_Kst_signal,1.8244011483783367,6.1990815772601415,274.0,True,False,239.19634614931218,225.96821512751055,12.140099740505203,1.0880312812964372,13.22813102180164,260.77186897819837
B_high_sideband_Kst_signal,1.8445820101943382,6.325455261931945,276.0,True,False,244.03646582118972,229.81591534018102,13.094386076404634,1.1261644046040584,14.220550481008692,261.7794495189913
B_high_sideband_Kst_signal,1.8647628720103402,6.454405184386476,278.0,True,False,249.06612139881435,233.71014290922477,14.1888005865435,1.1671779030460938,15.355978489589594,262.6440215104104
B_high_sideband_Kst_signal,1.8849437338263422,6.585983863477877,298.0,True,False,254.31560848140649,237.6511836604012,15.453045375284034,1.2113794457212652,16.664424821005298,281.3355751789947
B_high_sideband_Kst_signal,1.9051245956423442,6.7202448887029425,290.0,True,False,259.8236860681451,241.63932341946972,16.92524283429158,1.259119814383803,18.184362648675382,271.8156373513246
B_high_sideband_Kst_signal,1.9253054574583461,6.857242942027097,274.0,True,False,265.64063953544456,245.67484801218984,18.654991076285587,1.3108004469691648,19.96579152325475,254.03420847674525
B_high_sideband_Kst_signal,1.9454863192743477,6.997033820155319,275.0,True,False,271.8327258781128,249.75804326432086,20.707800036051932,1.366882577739982,22.074682613791914,252.9253173862081
B_high_sideband_Kst_signal,1.9656671810903497,7.139674457257096,282.0,True,False,278.48876454058137,253.8891950016225,23.171671165019657,1.4278983739392053,24.59956953895886,257.40043046104114
B_high_sideband_Kst_signal,1.9858480429063516,7.285222948154605,262.0,True,False,285.73014656095256,258.0685890498541,26.16709292563558,1.4944645854628704,27.66155751109845,234.33844248890153
B_high_sideband_Kst_signal,2.006028904722353,7.433738571983641,319.0,True,False,293.7264516141022,262.296511234775,29.862640999510283,1.5672993798169292,31.429940379327213,287.5700596206728
B_high_sideband_Kst_signal,2.026209766538355,7.585281816336898,318.0,True,False,302.7205756789457,266.5732473821448,34.50008505234267,1.6472432444582183,36.147328296800886,281.8526717031991
B_high_sideband_Kst_signal,2.046390628354357,7.73991440189939,327.0,True,False,313.07061195107855,270.899083317723,40.43624350939275,1.7352851239628047,42.17152863335556,284.82847136664446
B_high_sideband_Kst_signal,2.066571490170359,7.897699307586131,341.0,True,False,325.3225639804091,275.274304867269,48.215663761790694,1.83259535134935,50.04825911314004,290.95174088685997
B_high_sideband_Kst_signal,2.086752351986361,8.058700796192248,338.0,False,True,340.3427748334136,279.6991978565422,58.703009500065114,1.9405674768063381,60.64357697687145,277.35642302312857
B_high_sideband_Kst_signal,2.1069332138023626,8.222984440565988,354.0,False,True,359.57320507170505,284.174048111302,73.33828509981703,2.0608718605860012,75.39915696040303,278.60084303959695
B_high_sideband_Kst_signal,2.1271140756183646,8.390617150315316,343.0,False,True,385.55837128229604,288.69914145730803,94.66370484336079,2.1955249816272433,96.85922982498803,246.14077017501197
B_high_sideband_Kst_signal,2.1472949374343666,8.5616671990589,342.0,False,True,423.1282200981662,293.2747637203197,127.50647640295267,2.3469799748938454,129.85345637784653,212.14654362215347
B_high_sideband_Kst_signal,2.167475799250368,8.736204252232671,474.0,False,True,482.3466602574092,297.90120072609636,181.92721334179907,2.5182461895137913,184.44545953131288,289.55454046868715
B_high_sideband_Kst_signal,2.18765666106637,8.914299395463242,436.0,False,True,586.9044917873463,302.5787383003976,281.61270454991495,2.7130489370337427,284.3257534869487,151.6742465130513
B_high_sideband_Kst_signal,2.207837522882372,9.096025163519718,556.0,False,True,802.3275365725027,307.3076622689828,492.08382861747793,2.9360456860418847,495.0198743035198,60.98012569648017
B_high_sideband_Kst_signal,2.2280183846983737,9.28145556985573,769.0,False,True,1348.1062001402313,312.0882584576115,1032.8248189237088,3.193122758911034,1036.0179416826197,-267.0179416826197
B_high_sideband_Kst_signal,2.2481992465143756,9.47066613675373,4183.0,False,True,2895.139275493077,316.9208126920431,2574.726654022205,3.4918087788291485,2578.218462801034,1604.781537198966
B_high_sideband_Kst_signal,2.2683801083303776,9.663733926083749,6285.0,False,True,3417.853281900977,321.8056107980371,3092.205810519521,3.84186058341913,3096.04767110294,3188.95232889706
B_high_sideband_Kst_signal,2.2885609701463796,9.860737570689263,928.0,False,True,1572.5965202767486,326.7429386013528,1241.5974725349781,4.256109140417758,1245.8535816753958,-317.85358167539584
B_high_sideband_Kst_signal,2.3087418319623816,10.061757306412838,582.0,False,True,871.7628980661395,331.73308192774994,535.2781097737541,4.751706364635588,540.0298161383896,41.970183861610394
B_high_sideband_Kst_signal,2.328922693778383,10.26687500477467,578.0,False,True,624.0512351293297,336.7763266029875,281.92290269568724,5.352005830655006,287.27490852634224,290.72509147365776
B_high_sideband_Kst_signal,2.349103555594385,10.476174206317312,551.0,False,True,518.0564575324473,341.87295845282557,170.09402459964593,6.08947447997579,176.18349907962173,374.8165009203783
B_high_sideband_Kst_signal,2.369284417410387,10.689740154630126,469.0,False,True,466.3541346519726,347.02326330302327,112.32053579996784,7.010335548981457,119.3308713489493,349.6691286510507
B_high_sideband_Kst_signal,2.3894652792263886,10.907659831067392,507.0,False,True,439.4006447899217,352.2275269793399,78.99089165000765,8.182226160574146,87.1731178105818,419.8268821894182
B_high_sideband_Kst_signal,2.4096461410423906,11.130021990174175,517.0,True,False,425.3617828389708,357.4860353075352,58.16841894026863,9.70732859116698,67.87574753143561,449.1242524685644
B_high_sideband_Kst_signal,2.4298270028583926,11.356917195834333,505.0,True,False,418.9047111446466,362.7990741133686,44.359702655970935,11.745934375307106,56.10563703127804,448.89436296872196
B_high_sideband_Kst_signal,2.4500078646743946,11.588437858155496,483.0,True,False,417.49738351079384,368.1669292225994,34.76939387189724,14.561060416297224,49.33045428819447,433.66954571180554
B_high_sideband_Kst_signal,2.4701887264903966,11.824678271105931,539.0,True,False,420.0581091903921,373.5898864609872,27.859694725250872,18.60852800415401,46.468222729404886,492.5317772705951
B_high_sideband_Kst_signal,2.490369588306398,12.065734650918685,538.0,True,False,426.5323174975374,379.06823165429125,22.73048576587713,24.73360007736901,47.46408584324614,490.53591415675385
B_high_sideband_Kst_signal,2.5105504501224,12.311705175278652,601.0,True,False,438.0736062079825,384.60225062827135,18.82766150657663,34.64369407313451,53.471355579711144,547.5286444202889
B_high_sideband_Kst_signal,2.530731311938402,12.562690023308443,522.0,False,True,458.178203540955,390.1922292086867,15.795585414044137,52.190388918224215,67.98597433226836,454.01402566773163
B_high_sideband_Kst_signal,2.5509121737544036,12.818791416369457,556.0,False,True,496.6403039906059,395.83845322129673,13.397851407173798,87.4039993621354,100.8018507693092,455.1981492306908
B_high_sideband_Kst_signal,2.5710930355704056,13.080113659694721,609.0,False,True,584.3291089950112,401.54120849186114,11.472540431694307,171.31536007145579,182.7879005031501,426.2120994968499
B_high_sideband_Kst_signal,2.5912738973864076,13.346763184870388,753.0,False,True,819.5318203467389,407.3007808461392,9.905854557187261,402.32518494341235,412.2310395005996,340.7689604994004
B_high_sideband_Kst_signal,2.6114547592024095,13.618848593183335,1140.0,False,True,1075.4988325023464,413.1174561098904,8.615999666292469,653.7653767261637,662.3813763924562,477.6186236075438
B_high_sideband_Kst_signal,2.6316356210184115,13.896480699852384,624.0,False,True,747.0822988843585,418.9915201088742,7.543013640749645,320.5477651347346,328.09077877548424,295.90922122451576
B_high_sideband_Kst_signal,2.651816482834413,14.179772579161243,559.0,False,True,566.4581591621271,424.92325866885,6.642164583988784,134.89273590928832,141.5349004932771,417.46509950672294
B_high_sideband_Kst_signal,2.671997344650415,14.468839610511532,569.0,False,True,505.40010571641403,430.91295761557745,5.879558696630254,68.60758940420632,74.48714810083658,494.5128518991634
B_high_sideband_Kst_signal,2.692178206466417,14.763799525414584,575.0,True,False,482.5456069706184,436.96090277481585,5.229153075950146,40.35555111985241,45.58470419580255,529.4152958041974
B_high_sideband_Kst_signal,2.7123590682824186,15.064772455441275,556.0,True,False,473.91138187434854,443.0673799723245,4.670683489100352,26.173318412923702,30.844001902024054,525.155998097976
B_high_sideband_Kst_signal,2.7325399300984206,15.371880981149351,577.0,True,False,471.5872166201458,449.2326750338632,4.18820102654774,18.16634055973489,22.354541586282632,554.6454584137174
B_high_sideband_Kst_signal,2.7527207919144225,15.685250182008117,524.0,True,False,472.4713669351434,455.45707378519137,3.7690219139792265,13.245271235972835,17.01429314995206,506.98570685004796
B_high_sideband_Kst_signal,2.7729016537304245,16.00500768734096,539.0,True,False,475.16683297183283,461.7408620520683,3.4029626772910846,10.023008242473425,13.42597091976451,525.5740290802355
B_high_sideband_Kst_signal,2.7930825155464265,16.33128372830634,515.0,True,False,478.97370273704024,468.08432566025346,3.081775594434371,7.807601482352447,10.889377076786818,504.11062292321316
B_high_sideband_Kst_signal,2.813263377362428,16.66421119093846,516.0,True,False,483.51093809292604,474.4877504355062,2.798726818011547,6.224460839408279,9.023187657419827,506.97681234258016
B_high_sideband_Kst_signal,2.83344423917843,17.003925670269254,498.0,True,False,488.5568992089369,480.9514222035863,2.5482775152814097,5.057199490069222,7.605477005350632,490.3945229946494
B_high_sideband_Kst_signal,2.853625100994432,17.350565525553623,461.0,True,False,493.97553235592034,487.47562679025305,2.325840329966875,4.174065235700445,6.499905565667319,454.5000944343327
B_high_sideband_Kst_signal,2.8738059628104335,17.704271936620547,445.0,True,False,499.67951736838023,494.0606500212658,2.1275915572531527,3.4912757898612785,5.618867347114431,439.3811326528856
B_high_sideband_Kst_signal,2.8939868246264355,18.06518896137299,429.0,True,False,505.6106787614053,500.7067777223841,1.9503249730563654,2.9535760659648624,4.903901039021228,424.0960989609788
B_high_sideband_Kst_signal,2.9141676864424375,18.433463594459873,414.0,True,False,511.72901092264595,507.4142957193676,1.7913371190480285,2.5233780842303366,4.314715203278365,409.68528479672165
B_high_sideband_Kst_signal,2.9343485482584395,18.809245827144267,325.0,True,False,518.0062477137291,514.1834898379755,1.648336564277221,2.1744213114764057,3.8227578757536267,321.1772421242464
