veto_label,region,active_intervals,delta_ell_A,well_rank,k,n_eff,deltaD,prominence,A2,phi2,bound_active,nearest_integer_n,distance_to_integer,distance_to_n10,distance_to_n15,distance_to_n20
tight,B_low_sideband_Kst_signal,"[[0.1, 8.5], [10.5, 12.8], [14.2, 19.0]]",4.931918184811636,1,19.1,14.992337918517771,366.74036122747475,355.88799732298094,0.07071067811865477,-2.356194490192345,True,15.0,0.0076620814822288,4.992337918517771,0.0076620814822288,5.007662081482229
tight,B_low_sideband_Kst_signal,"[[0.1, 8.5], [10.5, 12.8], [14.2, 19.0]]",4.931918184811636,2,20.4,16.012758823966625,328.9053818046218,65.17686916229786,0.07071067811865477,0.7853981633974483,True,16.0,0.012758823966624533,6.0127588239666245,1.0127588239666245,3.9872411760333755
tight,B_low_sideband_Kst_signal,"[[0.1, 8.5], [10.5, 12.8], [14.2, 19.0]]",4.931918184811636,3,17.740000000000002,13.924820663586665,307.2428258783066,60.1890910577863,0.07071067811865477,0.7853981633974483,True,14.0,0.07517933641333485,3.924820663586665,1.0751793364133349,6.075179336413335
tight,B_low_sideband_Kst_signal,"[[0.1, 8.5], [10.5, 12.8], [14.2, 19.0]]",4.931918184811636,4,21.700000000000003,17.03317972941548,279.6729506656375,49.90503738656571,0.07071067811865477,-2.356194490192345,True,17.0,0.03317972941547964,7.03317972941548,2.0331797294154796,2.9668202705845204
tight,B_low_sideband_Kst_signal,"[[0.1, 8.5], [10.5, 12.8], [14.2, 19.0]]",4.931918184811636,5,12.36,9.701847993344483,238.74676663009495,122.58099351820283,0.07071067811865477,-0.7853981633974483,True,10.0,0.298152006655517,0.298152006655517,5.298152006655517,10.298152006655517
tight,B_low_sideband_Kst_signal,"[[0.1, 8.5], [10.5, 12.8], [14.2, 19.0]]",4.931918184811636,6,29.52,23.17140394526935,219.23688665845475,188.4820116472033,0.07071067811865477,0.7853981633974483,True,23.0,0.17140394526935054,13.17140394526935,8.17140394526935,3.1714039452693505
tight,B_low_sideband_Kst_signal,"[[0.1, 8.5], [10.5, 12.8], [14.2, 19.0]]",4.931918184811636,7,6.34,4.976514261958255,203.68019153397563,18.453071243437535,0.07071067811865477,-2.356194490192345,True,5.0,0.02348573804174503,5.023485738041745,10.023485738041746,15.023485738041746
tight,B_low_sideband_Kst_signal,"[[0.1, 8.5], [10.5, 12.8], [14.2, 19.0]]",4.931918184811636,8,30.900000000000002,24.254619983361213,193.89722413297432,33.944078781129065,0.07071067811865477,-2.356194490192345,True,24.0,0.25461998336121283,14.254619983361213,9.254619983361213,4.254619983361213
tight,B_low_sideband_Kst_signal,"[[0.1, 8.5], [10.5, 12.8], [14.2, 19.0]]",4.931918184811636,9,13.8,10.8321603809186,180.459760791382,21.97836409638694,0.07071067811865477,2.356194490192345,True,11.0,0.16783961908140022,0.8321603809185998,4.1678396190814,9.1678396190814
tight,B_low_sideband_Kst_signal,"[[0.1, 8.5], [10.5, 12.8], [14.2, 19.0]]",4.931918184811636,10,11.04,8.665728304734879,172.60162245692163,17.534579378233957,0.07071067811865477,2.356194490192345,True,9.0,0.33427169526512124,1.3342716952651212,6.334271695265121,11.334271695265121
tight,B_low_sideband_Kst_signal,"[[0.1, 8.5], [10.5, 12.8], [14.2, 19.0]]",4.931918184811636,11,16.32,12.8102070591733,171.16918822806656,15.482886591999886,0.07071067811865477,-2.356194490192345,True,13.0,0.18979294082670073,2.8102070591732993,2.1897929408267007,7.189792940826701
tight,B_low_sideband_Kst_signal,"[[0.1, 8.5], [10.5, 12.8], [14.2, 19.0]]",4.931918184811636,12,23.0,18.05360063486433,164.88386125612487,14.088368916610307,0.07071067811865477,0.7853981633974483,True,18.0,0.0536006348643312,8.053600634864331,3.053600634864331,1.9463993651356688
tight,B_low_sideband_Kst_signal,"[[0.1, 8.5], [10.5, 12.8], [14.2, 19.0]]",4.931918184811636,13,28.16,22.103886690338243,162.97355873047627,12.125589769854741,0.07071067811865477,-2.356194490192345,True,22.0,0.10388669033824272,12.103886690338243,7.103886690338243,2.1038866903382427
tight,B_low_sideband_Kst_signal,"[[0.1, 8.5], [10.5, 12.8], [14.2, 19.0]]",4.931918184811636,14,14.620000000000001,11.475810490509415,149.3212419487013,16.71226119931316,0.07071067811865477,0.7853981633974483,True,11.0,0.4758104905094154,1.4758104905094154,3.5241895094905846,8.524189509490585
tight,B_low_sideband_Kst_signal,"[[0.1, 8.5], [10.5, 12.8], [14.2, 19.0]]",4.931918184811636,15,32.32,25.369233587774577,144.7687328379925,15.138193998324823,0.07071067811865477,0.7853981633974483,True,25.0,0.36923358777457693,15.369233587774577,10.369233587774577,5.369233587774577
tight,B_low_sideband_Kst_signal,"[[0.1, 8.5], [10.5, 12.8], [14.2, 19.0]]",4.931918184811636,16,15.52,12.182255732743236,140.73647920644498,16.789127611774802,0.07071067811865477,-0.7853981633974483,True,12.0,0.18225573274323636,2.1822557327432364,2.8177442672567636,7.817744267256764
tight,B_low_sideband_Kst_signal,"[[0.1, 8.5], [10.5, 12.8], [14.2, 19.0]]",4.931918184811636,17,9.8,7.692403748768282,93.46776468691269,1.7981677573648085,0.07071067811865477,-0.7853981633974483,True,8.0,0.3075962512317183,2.3075962512317183,7.307596251231718,12.307596251231718
tight,B_low_sideband_Kst_signal,"[[0.1, 8.5], [10.5, 12.8], [14.2, 19.0]]",4.931918184811636,18,7.48,5.871344902121096,21.249650323975857,5.994849209647782,0.06736235382956213,2.305164429199591,True,6.0,0.12865509787890428,4.128655097878904,9.128655097878905,14.128655097878905
tight,signal_B_signal_Kst,"[[0.1, 8.5], [10.5, 12.8], [14.2, 19.0]]",4.931918184811636,1,17.22,13.51665230140712,126.83096741903796,126.24273476897474,0.07071067811865477,2.356194490192345,True,14.0,0.48334769859287974,3.5166523014071203,1.4833476985928797,6.48334769859288
tight,signal_B_signal_Kst,"[[0.1, 8.5], [10.5, 12.8], [14.2, 19.0]]",4.931918184811636,2,18.48,14.505675640534472,123.87061617344739,29.126472619939477,0.07071067811865477,-0.7853981633974483,True,15.0,0.4943243594655282,4.505675640534472,0.4943243594655282,5.494324359465528
tight,signal_B_signal_Kst,"[[0.1, 8.5], [10.5, 12.8], [14.2, 19.0]]",4.931918184811636,3,19.72,15.479000196501069,107.75688598890724,18.293826558959836,0.07071067811865477,2.356194490192345,True,15.0,0.47900019650106884,5.479000196501069,0.47900019650106884,4.520999803498931
tight,signal_B_signal_Kst,"[[0.1, 8.5], [10.5, 12.8], [14.2, 19.0]]",4.931918184811636,4,15.96,12.527628962279772,103.16354911001781,19.11344842696394,0.07071067811865477,-0.7853981633974483,True,13.0,0.4723710377202277,2.5276289622797723,2.4723710377202277,7.472371037720228
tight,signal_B_signal_Kst,"[[0.1, 8.5], [10.5, 12.8], [14.2, 19.0]]",4.931918184811636,5,21.0,16.483722318789173,96.14682889137907,17.064956553010006,0.07071067811865477,-0.7853981633974483,True,16.0,0.48372231878917304,6.483722318789173,1.483722318789173,3.516277681210827
tight,signal_B_signal_Kst,"[[0.1, 8.5], [10.5, 12.8], [14.2, 19.0]]",4.931918184811636,6,14.66,11.507208056830917,67.64150564177726,6.491095098029973,0.07071067811865477,2.356194490192345,True,12.0,0.4927919431690828,1.5072080568309172,3.492791943169083,8.492791943169083
tight,signal_B_signal_Kst,"[[0.1, 8.5], [10.5, 12.8], [14.2, 19.0]]",4.931918184811636,7,9.14,7.17434390446348,47.566586961917665,34.017900926472066,0.07071067811865477,0.7853981633974483,True,7.0,0.17434390446347958,2.8256560955365204,7.82565609553652,12.82565609553652
tight,signal_B_signal_Kst,"[[0.1, 8.5], [10.5, 12.8], [14.2, 19.0]]",4.931918184811636,8,7.84,6.153922999014625,15.890744773494816,4.384600474777699,0.07071067811865477,-2.356194490192345,True,6.0,0.15392299901462536,3.8460770009853746,8.846077000985375,13.846077000985375
tight,signal_B_signal_Kst,"[[0.1, 8.5], [10.5, 12.8], [14.2, 19.0]]",4.931918184811636,9,32.980000000000004,25.887293432079378,7.913699890988937,6.977964183910672,0.02971996147108417,-0.06948635843466786,False,26.0,0.11270656792062184,15.887293432079378,10.887293432079378,5.887293432079378
tight,signal_B_signal_Kst,"[[0.1, 8.5], [10.5, 12.8], [14.2, 19.0]]",4.931918184811636,10,30.12,23.6423674400919,7.026413400726597,4.804960466553439,0.027989789517187495,-0.12502378507377868,False,24.0,0.35763255990810094,13.642367440091899,8.642367440091899,3.642367440091899
tight,B_high_sideband_Kst_signal,"[[0.1, 8.5], [10.5, 12.8], [14.2, 19.0]]",4.931918184811636,1,17.04,13.375363252960357,156.4796478636772,156.25229385039847,0.07071067811865477,2.356194490192345,True,13.0,0.3753632529603568,3.3753632529603568,1.6246367470396432,6.624636747039643
tight,B_high_sideband_Kst_signal,"[[0.1, 8.5], [10.5, 12.8], [14.2, 19.0]]",4.931918184811636,2,18.36,14.411482941569961,140.2286283291071,24.979025870237137,0.07071067811865477,-0.7853981633974483,True,14.0,0.411482941569961,4.411482941569961,0.588517058430039,5.588517058430039
tight,B_high_sideband_Kst_signal,"[[0.1, 8.5], [10.5, 12.8], [14.2, 19.0]]",4.931918184811636,3,15.74,12.354942347511505,128.9420249252064,17.628775349863645,0.07071067811865477,-0.7853981633974483,True,12.0,0.3549423475115052,2.354942347511505,2.645057652488495,7.645057652488495
tight,B_high_sideband_Kst_signal,"[[0.1, 8.5], [10.5, 12.8], [14.2, 19.0]]",4.931918184811636,4,14.48,11.365919008384154,98.17497253332635,10.109140037794305,0.07071067811865477,2.356194490192345,True,11.0,0.3659190083841537,1.3659190083841537,3.6340809916158463,8.634080991615846
tight,B_high_sideband_Kst_signal,"[[0.1, 8.5], [10.5, 12.8], [14.2, 19.0]]",4.931918184811636,5,19.700000000000003,15.463301413340321,86.86413412284128,3.399315061184552,0.07071067811865477,2.356194490192345,True,15.0,0.4633014133403215,5.4633014133403215,0.4633014133403215,4.5366985866596785
tight,B_high_sideband_Kst_signal,"[[0.1, 8.5], [10.5, 12.8], [14.2, 19.0]]",4.931918184811636,6,21.04,16.515119885110675,74.82330807791823,5.711266559541627,0.07019331747599614,-0.7780002199145226,True,17.0,0.48488011488932514,6.515119885110675,1.5151198851106749,3.484880114889325
tight,B_high_sideband_Kst_signal,"[[0.1, 8.5], [10.5, 12.8], [14.2, 19.0]]",4.931918184811636,7,30.38,23.84645162118167,37.837612394294865,35.53309821917742,0.050711206802254175,-0.344180178881589,False,24.0,0.1535483788183285,13.846451621181671,8.846451621181671,3.8464516211816715
tight,B_high_sideband_Kst_signal,"[[0.1, 8.5], [10.5, 12.8], [14.2, 19.0]]",4.931918184811636,8,28.46,22.339368437749517,24.659021273158487,7.535908319008968,0.04116649672142673,-1.6698901374333845,False,22.0,0.33936843774951697,12.339368437749517,7.339368437749517,2.339368437749517
tight,B_high_sideband_Kst_signal,"[[0.1, 8.5], [10.5, 12.8], [14.2, 19.0]]",4.931918184811636,9,8.36,6.562091361194165,9.35685264828453,9.285041117477704,0.041467125434127255,1.9819347438112975,False,7.0,0.4379086388058351,3.437908638805835,8.437908638805835,13.437908638805835
tight,B_high_sideband_Kst_signal,"[[0.1, 8.5], [10.5, 12.8], [14.2, 19.0]]",4.931918184811636,10,34.86,27.362979049190027,8.951981811072528,6.557240516096044,0.024870109241196346,-0.15621816965622706,False,27.0,0.3629790491900273,17.362979049190027,12.362979049190027,7.362979049190027
tight,B_high_sideband_Kst_signal,"[[0.1, 8.5], [10.5, 12.8], [14.2, 19.0]]",4.931918184811636,11,7.42,5.82424855263884,7.23771806702166,3.4389604889352086,0.06163416330475295,0.9462669663482817,True,6.0,0.17575144736115966,4.17575144736116,9.17575144736116,14.17575144736116
baseline_wide,B_low_sideband_Kst_signal,"[[0.1, 8.0], [11.0, 12.5], [14.5, 19.0]]",4.780150335923678,1,17.880000000000003,13.602827837761318,314.0346624460103,309.76396010938515,0.07071067811865477,0.7853981633974483,True,14.0,0.39717216223868235,3.6028278377613177,1.3971721622386823,6.397172162238682
baseline_wide,B_low_sideband_Kst_signal,"[[0.1, 8.0], [11.0, 12.5], [14.5, 19.0]]",4.780150335923678,2,15.94,12.126905801673121,289.23536170406305,72.67170062489595,0.07071067811865477,-0.7853981633974483,True,12.0,0.1269058016731215,2.1269058016731215,2.8730941983268785,7.8730941983268785
baseline_wide,B_low_sideband_Kst_signal,"[[0.1, 8.0], [11.0, 12.5], [14.5, 19.0]]",4.780150335923678,3,25.0,19.019613867115932,271.8143907417111,144.18594431594056,0.07071067811865477,0.7853981633974483,True,19.0,0.019613867115932493,9.019613867115932,4.0196138671159325,0.9803861328840675
baseline_wide,B_low_sideband_Kst_signal,"[[0.1, 8.0], [11.0, 12.5], [14.5, 19.0]]",4.780150335923678,4,19.14,14.56141637666396,270.20507237627453,53.67160060579545,0.07071067811865477,-2.356194490192345,True,15.0,0.43858362333604006,4.56141637666396,0.43858362333604006,5.43858362333604
baseline_wide,B_low_sideband_Kst_signal,"[[0.1, 8.0], [11.0, 12.5], [14.5, 19.0]]",4.780150335923678,5,14.5,11.031376042927242,257.82470160794855,50.012544204634196,0.07071067811865477,2.356194490192345,True,11.0,0.031376042927242054,1.031376042927242,3.968623957072758,8.968623957072758
baseline_wide,B_low_sideband_Kst_signal,"[[0.1, 8.0], [11.0, 12.5], [14.5, 19.0]]",4.780150335923678,6,10.06,7.653492620127453,245.15208557694086,69.57632466272298,0.07071067811865477,-0.7853981633974483,True,8.0,0.34650737987254665,2.3465073798725467,7.346507379872547,12.346507379872547
baseline_wide,B_low_sideband_Kst_signal,"[[0.1, 8.0], [11.0, 12.5], [14.5, 19.0]]",4.780150335923678,7,26.26,19.97820240601858,244.02528901888854,54.02797369666905,0.07071067811865477,-2.356194490192345,True,20.0,0.02179759398142167,9.978202406018578,4.978202406018578,0.02179759398142167
baseline_wide,B_low_sideband_Kst_signal,"[[0.1, 8.0], [11.0, 12.5], [14.5, 19.0]]",4.780150335923678,8,13.719999999999999,10.437964090273224,234.80632127376202,48.24114718156443,0.07071067811865477,-2.356194490192345,True,10.0,0.43796409027322447,0.43796409027322447,4.5620359097267755,9.562035909726776
baseline_wide,B_low_sideband_Kst_signal,"[[0.1, 8.0], [11.0, 12.5], [14.5, 19.0]]",4.780150335923678,9,23.76,18.076241019306984,232.4894249732556,41.77435349645748,0.07071067811865477,-2.356194490192345,True,18.0,0.07624101930698401,8.076241019306984,3.076241019306984,1.923758980693016
baseline_wide,B_low_sideband_Kst_signal,"[[0.1, 8.0], [11.0, 12.5], [14.5, 19.0]]",4.780150335923678,10,12.9,9.814120755431823,229.8106228987367,49.19557788559223,0.07071067811865477,-0.7853981633974483,True,10.0,0.18587924456817717,0.18587924456817717,5.185879244568177,10.185879244568177
baseline_wide,B_low_sideband_Kst_signal,"[[0.1, 8.0], [11.0, 12.5], [14.5, 19.0]]",4.780150335923678,11,11.42,8.68815961449856,226.2144276619706,49.27114984527452,0.07071067811865477,2.356194490192345,True,9.0,0.31184038550144066,1.3118403855014407,6.311840385501441,11.31184038550144
baseline_wide,B_low_sideband_Kst_signal,"[[0.1, 8.0], [11.0, 12.5], [14.5, 19.0]]",4.780150335923678,12,6.14,4.671217165763673,204.9339602498917,13.574584960303582,0.07071067811865477,-2.356194490192345,True,5.0,0.3287828342363266,5.328782834236327,10.328782834236327,15.328782834236327
baseline_wide,B_low_sideband_Kst_signal,"[[0.1, 8.0], [11.0, 12.5], [14.5, 19.0]]",4.780150335923678,13,27.52,20.93679094492122,200.23387272396394,35.2649866246561,0.07071067811865477,0.7853981633974483,True,21.0,0.06320905507877939,10.93679094492122,5.936790944921221,0.9367909449212206
baseline_wide,B_low_sideband_Kst_signal,"[[0.1, 8.0], [11.0, 12.5], [14.5, 19.0]]",4.780150335923678,14,22.580000000000002,17.178515244779113,188.8463727648691,30.87676811224901,0.07071067811865477,0.7853981633974483,True,17.0,0.1785152447791134,7.178515244779113,2.1785152447791134,2.8214847552208866
baseline_wide,B_low_sideband_Kst_signal,"[[0.1, 8.0], [11.0, 12.5], [14.5, 19.0]]",4.780150335923678,15,20.32,15.459142151191832,175.87750276868337,20.351809598280852,0.07071067811865477,0.7853981633974483,True,15.0,0.4591421511918323,5.459142151191832,0.4591421511918323,4.540857848808168
baseline_wide,B_low_sideband_Kst_signal,"[[0.1, 8.0], [11.0, 12.5], [14.5, 19.0]]",4.780150335923678,16,8.76,6.664472699037424,173.3389542808286,18.543884130960123,0.07071067811865477,2.356194490192345,True,7.0,0.33552730096257566,3.3355273009625757,8.335527300962575,13.335527300962575
baseline_wide,B_low_sideband_Kst_signal,"[[0.1, 8.0], [11.0, 12.5], [14.5, 19.0]]",4.780150335923678,17,21.439999999999998,16.311220852438623,168.22171691655376,36.97561388464419,0.07071067811865477,-2.356194490192345,True,16.0,0.3112208524386233,6.311220852438623,1.3112208524386233,3.6887791475613767
baseline_wide,B_low_sideband_Kst_signal,"[[0.1, 8.0], [11.0, 12.5], [14.5, 19.0]]",4.780150335923678,18,28.8,21.910595174917557,147.62392398804286,27.342865991031886,0.07071067811865477,-2.356194490192345,True,22.0,0.0894048250824433,11.910595174917557,6.910595174917557,1.9105951749175567
baseline_wide,B_low_sideband_Kst_signal,"[[0.1, 8.0], [11.0, 12.5], [14.5, 19.0]]",4.780150335923678,19,30.14,22.93004647819497,121.94635430239441,14.073815103210109,0.07071067811865477,0.7853981633974483,True,23.0,0.06995352180502934,12.93004647819497,7.930046478194971,2.9300464781949707
baseline_wide,B_low_sideband_Kst_signal,"[[0.1, 8.0], [11.0, 12.5], [14.5, 19.0]]",4.780150335923678,20,31.6,24.040791928034544,83.8882263508076,8.33158764310383,0.07071067811865477,-2.356194490192345,True,24.0,0.0407919280345439,14.040791928034544,9.040791928034544,4.040791928034544
baseline_wide,B_low_sideband_Kst_signal,"[[0.1, 8.0], [11.0, 12.5], [14.5, 19.0]]",4.780150335923678,21,33.14,25.21240014224888,71.05151726447866,10.156986787044843,0.06755545345056727,0.737528658535443,True,25.0,0.2124001422488817,15.212400142248882,10.212400142248882,5.212400142248882
baseline_wide,signal_B_signal_Kst,"[[0.1, 8.0], [11.0, 12.5], [14.5, 19.0]]",4.780150335923678,1,17.200000000000003,13.085494340575764,162.54902540576404,142.2822737188378,0.07071067811865477,2.356194490192345,True,13.0,0.08549434057576377,3.0854943405757638,1.9145056594242362,6.914505659424236
baseline_wide,signal_B_signal_Kst,"[[0.1, 8.0], [11.0, 12.5], [14.5, 19.0]]",4.780150335923678,2,15.96,12.142121492766814,161.42149031458416,40.829763696245436,0.07071067811865477,-0.7853981633974483,True,12.0,0.14212149276681352,2.1421214927668135,2.8578785072331865,7.8578785072331865
baseline_wide,signal_B_signal_Kst,"[[0.1, 8.0], [11.0, 12.5], [14.5, 19.0]]",4.780150335923678,3,14.68,11.168317262770477,142.92469529665254,31.11155239968525,0.07071067811865477,2.356194490192345,True,11.0,0.16831726277047743,1.1683172627704774,3.8316827372295226,8.831682737229523
baseline_wide,signal_B_signal_Kst,"[[0.1, 8.0], [11.0, 12.5], [14.5, 19.0]]",4.780150335923678,4,18.439999999999998,14.028867188384712,140.81542682317195,32.32408573423572,0.07071067811865477,-0.7853981633974483,True,14.0,0.02886718838471225,4.028867188384712,0.9711328116152877,5.971132811615288
baseline_wide,signal_B_signal_Kst,"[[0.1, 8.0], [11.0, 12.5], [14.5, 19.0]]",4.780150335923678,5,19.62,14.926592962912586,119.4724174850503,22.729108783033325,0.07071067811865477,2.356194490192345,True,15.0,0.07340703708741358,4.926592962912586,0.07340703708741358,5.073407037087414
baseline_wide,signal_B_signal_Kst,"[[0.1, 8.0], [11.0, 12.5], [14.5, 19.0]]",4.780150335923678,6,20.82,15.83953442853415,117.54791839329437,27.368623641669274,0.07071067811865477,-0.7853981633974483,True,16.0,0.16046557146584917,5.839534428534151,0.8395344285341508,4.160465571465849
baseline_wide,signal_B_signal_Kst,"[[0.1, 8.0], [11.0, 12.5], [14.5, 19.0]]",4.780150335923678,7,23.14,17.604554595402508,108.78327016476533,41.13487284502958,0.07071067811865477,-0.7853981633974483,True,18.0,0.395445404597492,7.604554595402508,2.604554595402508,2.395445404597492
baseline_wide,signal_B_signal_Kst,"[[0.1, 8.0], [11.0, 12.5], [14.5, 19.0]]",4.780150335923678,8,25.02,19.034829558209626,102.55029953203575,24.24618467798632,0.07071067811865477,0.7853981633974483,True,19.0,0.0348295582096263,9.034829558209626,4.034829558209626,0.9651704417903737
baseline_wide,signal_B_signal_Kst,"[[0.1, 8.0], [11.0, 12.5], [14.5, 19.0]]",4.780150335923678,9,13.32,10.13365026839937,97.38763308913462,9.94956560576611,0.07071067811865477,-0.7853981633974483,True,10.0,0.13365026839936966,0.13365026839936966,4.86634973160063,9.86634973160063
baseline_wide,signal_B_signal_Kst,"[[0.1, 8.0], [11.0, 12.5], [14.5, 19.0]]",4.780150335923678,10,9.2,6.999217903098664,92.27007036213763,65.72898392044931,0.07071067811865477,0.7853981633974483,True,7.0,0.0007820969013359047,3.000782096901336,8.000782096901336,13.000782096901336
baseline_wide,signal_B_signal_Kst,"[[0.1, 8.0], [11.0, 12.5], [14.5, 19.0]]",4.780150335923678,11,21.98,16.72204451196833,80.01957632606013,11.547818105972283,0.07071067811865477,2.356194490192345,True,17.0,0.2779554880316688,6.722044511968331,1.7220445119683312,3.277955488031669
baseline_wide,signal_B_signal_Kst,"[[0.1, 8.0], [11.0, 12.5], [14.5, 19.0]]",4.780150335923678,12,26.32,20.023849479299656,75.13095363252478,10.194760343311145,0.07071067811865477,-2.356194490192345,True,20.0,0.023849479299656196,10.023849479299656,5.023849479299656,0.023849479299656196
baseline_wide,signal_B_signal_Kst,"[[0.1, 8.0], [11.0, 12.5], [14.5, 19.0]]",4.780150335923678,13,27.64,21.028085091483376,60.34913269973663,6.137350960258345,0.07071067811865477,0.7853981633974483,True,21.0,0.028085091483376345,11.028085091483376,6.028085091483376,1.0280850914833763
baseline_wide,signal_B_signal_Kst,"[[0.1, 8.0], [11.0, 12.5], [14.5, 19.0]]",4.780150335923678,14,6.44,4.899452532169065,56.88616887508306,6.65321131530618,0.07071067811865477,2.356194490192345,True,5.0,0.1005474678309346,5.100547467830935,10.100547467830935,15.100547467830935
baseline_wide,signal_B_signal_Kst,"[[0.1, 8.0], [11.0, 12.5], [14.5, 19.0]]",4.780150335923678,15,31.0,23.584321195223758,47.53011326513388,17.47499081176875,0.07071067811865477,-0.7853981633974483,True,24.0,0.41567880477624186,13.584321195223758,8.584321195223758,3.584321195223758
baseline_wide,signal_B_signal_Kst,"[[0.1, 8.0], [11.0, 12.5], [14.5, 19.0]]",4.780150335923678,16,33.06,25.151537377874114,28.455147107475796,6.138020847334701,0.05950891882899519,0.5731256027476149,True,25.0,0.1515373778741136,15.151537377874114,10.151537377874114,5.151537377874114
baseline_wide,B_high_sideband_Kst_signal,"[[0.1, 8.0], [11.0, 12.5], [14.5, 19.0]]",4.780150335923678,1,16.42,12.492082387921748,228.71417471711402,223.42574162059918,0.07071067811865477,-2.356194490192345,True,12.0,0.49208238792174797,2.492082387921748,2.507917612078252,7.507917612078252
baseline_wide,B_high_sideband_Kst_signal,"[[0.1, 8.0], [11.0, 12.5], [14.5, 19.0]]",4.780150335923678,2,15.16,11.533493849019102,216.9641178868328,49.14373692853087,0.07071067811865477,0.7853981633974483,True,12.0,0.46650615098089787,1.5334938490191021,3.466506150980898,8.466506150980898
baseline_wide,B_high_sideband_Kst_signal,"[[0.1, 8.0], [11.0, 12.5], [14.5, 19.0]]",4.780150335923678,3,17.68,13.45067092682439,201.3832368877347,38.31016057129773,0.07071067811865477,0.7853981633974483,True,13.0,0.45067092682439025,3.4506709268243902,1.5493290731756098,6.54932907317561
baseline_wide,B_high_sideband_Kst_signal,"[[0.1, 8.0], [11.0, 12.5], [14.5, 19.0]]",4.780150335923678,4,13.9,10.57490531011646,198.4856236228411,39.87378392146502,0.07071067811865477,-2.356194490192345,True,11.0,0.42509468988354016,0.5749053101164598,4.42509468988354,9.42509468988354
baseline_wide,B_high_sideband_Kst_signal,"[[0.1, 8.0], [11.0, 12.5], [14.5, 19.0]]",4.780150335923678,5,18.939999999999998,14.40925946572703,152.64092307850478,19.857677947185493,0.07071067811865477,-2.356194490192345,True,14.0,0.40925946572703076,4.409259465727031,0.5907405342729692,5.590740534272969
baseline_wide,B_high_sideband_Kst_signal,"[[0.1, 8.0], [11.0, 12.5], [14.5, 19.0]]",4.780150335923678,6,28.3,21.530202897575236,148.41820874931545,84.82617230501455,0.07071067811865477,-0.7853981633974483,True,22.0,0.4697971024247636,11.530202897575236,6.530202897575236,1.5302028975752364
baseline_wide,B_high_sideband_Kst_signal,"[[0.1, 8.0], [11.0, 12.5], [14.5, 19.0]]",4.780150335923678,7,12.58,9.57066969793274,141.94630553471688,13.494818197230416,0.07071067811865477,0.7853981633974483,True,10.0,0.4293303020672603,0.4293303020672603,5.42933030206726,10.42933030206726
baseline_wide,B_high_sideband_Kst_signal,"[[0.1, 8.0], [11.0, 12.5], [14.5, 19.0]]",4.780150335923678,8,25.76,19.59781012867626,118.93181028072604,31.39147632705044,0.07071067811865477,-0.7853981633974483,True,20.0,0.4021898713237384,9.597810128676262,4.597810128676262,0.4021898713237384
baseline_wide,B_high_sideband_Kst_signal,"[[0.1, 8.0], [11.0, 12.5], [14.5, 19.0]]",4.780150335923678,9,27.02,20.556398667578904,114.41826768567944,12.296333730943388,0.07071067811865477,2.356194490192345,True,21.0,0.4436013324210961,10.556398667578904,5.556398667578904,0.5563986675789039
baseline_wide,B_high_sideband_Kst_signal,"[[0.1, 8.0], [11.0, 12.5], [14.5, 19.0]]",4.780150335923678,10,30.2,22.97569355147605,111.91759883757595,21.516213446280744,0.07071067811865477,0.7853981633974483,True,23.0,0.024306448523951474,12.975693551476049,7.9756935514760485,2.9756935514760485
baseline_wide,B_high_sideband_Kst_signal,"[[0.1, 8.0], [11.0, 12.5], [14.5, 19.0]]",4.780150335923678,11,24.5,18.639221589773616,104.76412793726604,19.34662875016511,0.07071067811865477,2.356194490192345,True,19.0,0.36077841022638424,8.639221589773616,3.6392215897736158,1.3607784102263842
baseline_wide,B_high_sideband_Kst_signal,"[[0.1, 8.0], [11.0, 12.5], [14.5, 19.0]]",4.780150335923678,12,20.18,15.352632313535981,104.07731082874034,15.88302138692734,0.07071067811865477,0.7853981633974483,True,15.0,0.352632313535981,5.352632313535981,0.352632313535981,4.647367686464019
baseline_wide,B_high_sideband_Kst_signal,"[[0.1, 8.0], [11.0, 12.5], [14.5, 19.0]]",4.780150335923678,13,21.42,16.296005161344933,92.56521452497554,10.057463974447728,0.07071067811865477,-2.356194490192345,True,16.0,0.29600516134493304,6.296005161344933,1.296005161344933,3.703994838655067
baseline_wide,B_high_sideband_Kst_signal,"[[0.1, 8.0], [11.0, 12.5], [14.5, 19.0]]",4.780150335923678,14,23.240000000000002,17.680633050870973,86.03632410637238,9.451761796423398,0.07071067811865477,-0.7853981633974483,True,18.0,0.3193669491290265,7.6806330508709735,2.6806330508709735,2.3193669491290265
baseline_wide,B_high_sideband_Kst_signal,"[[0.1, 8.0], [11.0, 12.5], [14.5, 19.0]]",4.780150335923678,15,31.5,23.96471347256608,81.26967329616355,3.9794932131453606,0.07071067811865477,-2.356194490192345,True,24.0,0.03528652743392158,13.964713472566078,8.964713472566078,3.9647134725660784
baseline_wide,B_high_sideband_Kst_signal,"[[0.1, 8.0], [11.0, 12.5], [14.5, 19.0]]",4.780150335923678,16,6.38,4.853805458887987,64.1352038505147,2.3450528084667894,0.07071067811865477,2.356194490192345,True,5.0,0.14619454111201335,5.146194541112013,10.146194541112013,15.146194541112013
baseline_wide,B_high_sideband_Kst_signal,"[[0.1, 8.0], [11.0, 12.5], [14.5, 19.0]]",4.780150335923678,17,8.34,6.344943186069876,57.12942885987559,35.856009660577,0.07071067811865477,2.356194490192345,True,6.0,0.34494318606987573,3.6550568139301243,8.655056813930123,13.655056813930123
wider,B_low_sideband_Kst_signal,"[[0.1, 7.5], [11.5, 12.25], [14.75, 19.0]]",4.633862911538453,1,24.400000000000002,17.99505338674975,369.0092155720549,322.6056292504072,0.07071067811865477,2.356194490192345,True,18.0,0.00494661325025092,7.995053386749749,2.995053386749749,2.004946613250251
wider,B_low_sideband_Kst_signal,"[[0.1, 7.5], [11.5, 12.25], [14.75, 19.0]]",4.633862911538453,2,23.12,17.051050586133368,368.72090216172364,96.16185532042255,0.07071067811865477,-0.7853981633974483,True,17.0,0.05105058613336766,7.051050586133368,2.0510505861333677,2.9489494138666323
wider,B_low_sideband_Kst_signal,"[[0.1, 7.5], [11.5, 12.25], [14.75, 19.0]]",4.633862911538453,3,21.880000000000003,16.13654787303625,316.3577794834182,68.68743997502133,0.07071067811865477,2.356194490192345,True,16.0,0.1365478730362497,6.13654787303625,1.1365478730362497,3.8634521269637503
wider,B_low_sideband_Kst_signal,"[[0.1, 7.5], [11.5, 12.25], [14.75, 19.0]]",4.633862911538453,4,25.66,18.924306143606497,279.20215840075434,50.34122128096715,0.07071067811865477,-0.7853981633974483,True,19.0,0.07569385639350301,8.924306143606497,3.924306143606497,1.075693856393503
wider,B_low_sideband_Kst_signal,"[[0.1, 7.5], [11.5, 12.25], [14.75, 19.0]]",4.633862911538453,5,9.4,6.9325205670265415,272.10004370339266,164.33184563364466,0.07071067811865477,0.7853981633974483,True,7.0,0.06747943297345849,3.0674794329734585,8.067479432973458,13.067479432973458
wider,B_low_sideband_Kst_signal,"[[0.1, 7.5], [11.5, 12.25], [14.75, 19.0]]",4.633862911538453,6,20.68,15.251545247458392,219.09204193328242,27.809563434525444,0.07071067811865477,-0.7853981633974483,True,15.0,0.2515452474583917,5.251545247458392,0.2515452474583917,4.748454752541608
wider,B_low_sideband_Kst_signal,"[[0.1, 7.5], [11.5, 12.25], [14.75, 19.0]]",4.633862911538453,7,10.780000000000001,7.950273586441077,215.9192841522099,33.71422889830683,0.07071067811865477,-2.356194490192345,True,8.0,0.04972641355892282,2.049726413558923,7.049726413558923,12.049726413558922
wider,B_low_sideband_Kst_signal,"[[0.1, 7.5], [11.5, 12.25], [14.75, 19.0]]",4.633862911538453,8,15.42,11.372283738675453,204.55222514228808,81.49393375625914,0.07071067811865477,0.7853981633974483,True,11.0,0.3722837386754527,1.3722837386754527,3.6277162613245473,8.627716261324547
wider,B_low_sideband_Kst_signal,"[[0.1, 7.5], [11.5, 12.25], [14.75, 19.0]]",4.633862911538453,9,26.900000000000002,19.838808856703615,182.40718971524984,23.80918509941239,0.07071067811865477,2.356194490192345,True,20.0,0.16119114329638506,9.838808856703615,4.838808856703615,0.16119114329638506
wider,B_low_sideband_Kst_signal,"[[0.1, 7.5], [11.5, 12.25], [14.75, 19.0]]",4.633862911538453,10,13.98,10.310280587982026,176.96866452016093,32.57661479094622,0.07071067811865477,-2.356194490192345,True,10.0,0.3102805879820263,0.3102805879820263,4.689719412017974,9.689719412017974
wider,B_low_sideband_Kst_signal,"[[0.1, 7.5], [11.5, 12.25], [14.75, 19.0]]",4.633862911538453,11,13.16,9.705528793837159,162.80388385605875,29.299208599833946,0.07071067811865477,-0.7853981633974483,True,10.0,0.29447120616284117,0.29447120616284117,5.294471206162841,10.294471206162841
wider,B_low_sideband_Kst_signal,"[[0.1, 7.5], [11.5, 12.25], [14.75, 19.0]]",4.633862911538453,12,12.3,9.07127691217303,156.01696521488975,27.17071357868099,0.07071067811865477,0.7853981633974483,True,9.0,0.07127691217302967,0.9287230878269703,5.92872308782697,10.92872308782697
wider,B_low_sideband_Kst_signal,"[[0.1, 7.5], [11.5, 12.25], [14.75, 19.0]]",4.633862911538453,13,8.1,5.973767722650531,151.94360138573938,4.689852670919208,0.07071067811865477,-2.356194490192345,True,6.0,0.02623227734946898,4.026232277349469,9.026232277349468,14.026232277349468
wider,B_low_sideband_Kst_signal,"[[0.1, 7.5], [11.5, 12.25], [14.75, 19.0]]",4.633862911538453,14,19.52,14.396042709399799,151.18031165538378,25.63504091527102,0.07071067811865477,2.356194490192345,True,14.0,0.3960427093997989,4.396042709399799,0.6039572906002011,5.603957290600201
wider,B_low_sideband_Kst_signal,"[[0.1, 7.5], [11.5, 12.25], [14.75, 19.0]]",4.633862911538453,15,17.28,12.744037808321133,143.725815136846,32.510034091092166,0.07071067811865477,2.356194490192345,True,13.0,0.2559621916788668,2.744037808321133,2.255962191678867,7.255962191678867
wider,B_low_sideband_Kst_signal,"[[0.1, 7.5], [11.5, 12.25], [14.75, 19.0]]",4.633862911538453,16,18.42,13.584790302620096,133.21256603400707,24.57370805715709,0.07071067811865477,-0.7853981633974483,True,14.0,0.415209697379904,3.584790302620096,1.415209697379904,6.415209697379904
wider,B_low_sideband_Kst_signal,"[[0.1, 7.5], [11.5, 12.25], [14.75, 19.0]]",4.633862911538453,17,35.879999999999995,26.461578504777904,114.9973838200076,6.073870334945241,0.07071067811865477,-0.7853981633974483,True,26.0,0.4615785047779042,16.461578504777904,11.461578504777904,6.461578504777904
wider,B_low_sideband_Kst_signal,"[[0.1, 7.5], [11.5, 12.25], [14.75, 19.0]]",4.633862911538453,18,6.5,4.793764221880055,85.75056506159217,5.66232716176728,0.07071067811865477,2.356194490192345,True,5.0,0.20623577811994487,5.206235778119945,10.206235778119945,15.206235778119945
wider,B_low_sideband_Kst_signal,"[[0.1, 7.5], [11.5, 12.25], [14.75, 19.0]]",4.633862911538453,19,29.240000000000002,21.564563976580434,81.14976884173029,17.063192891931976,0.07071067811865477,2.356194490192345,True,22.0,0.435436023419566,11.564563976580434,6.564563976580434,1.564563976580434
wider,B_low_sideband_Kst_signal,"[[0.1, 7.5], [11.5, 12.25], [14.75, 19.0]]",4.633862911538453,20,33.2,24.48507264098736,72.12561661399286,13.616285088283803,0.0695003870651606,-0.7678287587140652,True,24.0,0.4850726409873616,14.485072640987362,9.485072640987362,4.485072640987362
wider,B_low_sideband_Kst_signal,"[[0.1, 7.5], [11.5, 12.25], [14.75, 19.0]]",4.633862911538453,21,31.8,23.452569577813197,69.91443591659572,10.435032501963178,0.07071067811865477,2.356194490192345,True,23.0,0.45256957781319684,13.452569577813197,8.452569577813197,3.452569577813197
wider,B_low_sideband_Kst_signal,"[[0.1, 7.5], [11.5, 12.25], [14.75, 19.0]]",4.633862911538453,22,30.46,22.464316645917922,67.42156963192338,3.4517723623466736,0.06868137180834785,-0.7553969844311976,True,22.0,0.464316645917922,12.464316645917922,7.464316645917922,2.464316645917922
wider,signal_B_signal_Kst,"[[0.1, 7.5], [11.5, 12.25], [14.75, 19.0]]",4.633862911538453,1,23.06,17.00680045485447,161.4891621752895,151.77331710088993,0.07071067811865477,-0.7853981633974483,True,17.0,0.006800454854470672,7.006800454854471,2.0068004548544707,2.9931995451455293
wider,signal_B_signal_Kst,"[[0.1, 7.5], [11.5, 12.25], [14.75, 19.0]]",4.633862911538453,2,21.22,15.649796428968425,143.44997029950127,41.1182661384737,0.07071067811865477,-2.356194490192345,True,16.0,0.3502035710315745,5.6497964289684255,0.6497964289684255,4.3502035710315745
wider,signal_B_signal_Kst,"[[0.1, 7.5], [11.5, 12.25], [14.75, 19.0]]",4.633862911538453,3,24.32,17.936053211711222,132.59538107690742,26.048422601346374,0.07071067811865477,2.356194490192345,True,18.0,0.06394678828877787,7.936053211711222,2.936053211711222,2.063946788288778
wider,signal_B_signal_Kst,"[[0.1, 7.5], [11.5, 12.25], [14.75, 19.0]]",4.633862911538453,4,20.04,14.779543847150201,123.65254589152414,22.149933291519346,0.07071067811865477,0.7853981633974483,True,15.0,0.22045615284979903,4.779543847150201,0.22045615284979903,5.220456152849799
wider,signal_B_signal_Kst,"[[0.1, 7.5], [11.5, 12.25], [14.75, 19.0]]",4.633862911538453,5,14.78,10.900282338367264,123.27042548565237,54.116474493309624,0.07071067811865477,2.356194490192345,True,11.0,0.09971766163273621,0.9002823383672638,4.099717661632736,9.099717661632736
wider,signal_B_signal_Kst,"[[0.1, 7.5], [11.5, 12.25], [14.75, 19.0]]",4.633862911538453,6,16.0,11.800035007704752,115.91102120539495,24.860092928657423,0.07071067811865477,-0.7853981633974483,True,12.0,0.19996499229524822,1.8000350077047518,3.1999649922952482,8.199964992295248
wider,signal_B_signal_Kst,"[[0.1, 7.5], [11.5, 12.25], [14.75, 19.0]]",4.633862911538453,7,8.48,6.254018554083518,107.9238526682675,45.91746603595402,0.07071067811865477,2.356194490192345,True,6.0,0.25401855408351803,3.745981445916482,8.745981445916481,13.745981445916481
wider,signal_B_signal_Kst,"[[0.1, 7.5], [11.5, 12.25], [14.75, 19.0]]",4.633862911538453,8,17.18,12.670287589522976,103.01383204882404,23.85031353339309,0.07071067811865477,2.356194490192345,True,13.0,0.3297124104770237,2.6702875895229763,2.3297124104770237,7.329712410477024
wider,signal_B_signal_Kst,"[[0.1, 7.5], [11.5, 12.25], [14.75, 19.0]]",4.633862911538453,9,25.580000000000002,18.865305968567974,102.8369300035456,13.493722127451292,0.07071067811865477,-0.7853981633974483,True,19.0,0.1346940314320264,8.865305968567974,3.8653059685679736,1.1346940314320264
wider,signal_B_signal_Kst,"[[0.1, 7.5], [11.5, 12.25], [14.75, 19.0]]",4.633862911538453,10,18.880000000000003,13.924041309091608,101.67268370306874,21.629890104602055,0.07071067811865477,-2.356194490192345,True,14.0,0.0759586909083918,3.924041309091608,1.0759586909083918,6.075958690908392
wider,signal_B_signal_Kst,"[[0.1, 7.5], [11.5, 12.25], [14.75, 19.0]]",4.633862911538453,11,13.5,9.956279537750884,98.1840812656751,13.111920984827066,0.07071067811865477,-0.7853981633974483,True,10.0,0.043720462249115855,0.043720462249115855,5.043720462249116,10.043720462249116
wider,signal_B_signal_Kst,"[[0.1, 7.5], [11.5, 12.25], [14.75, 19.0]]",4.633862911538453,12,6.76,4.985514790755258,92.16079225657995,29.26146909300678,0.07071067811865477,0.7853981633974483,True,5.0,0.014485209244742059,5.014485209244742,10.014485209244743,15.014485209244743
wider,signal_B_signal_Kst,"[[0.1, 7.5], [11.5, 12.25], [14.75, 19.0]]",4.633862911538453,13,35.879999999999995,26.461578504777904,62.761858134502745,3.916590619779072,0.07071067811865477,-0.7853981633974483,True,26.0,0.4615785047779042,16.461578504777904,11.461578504777904,6.461578504777904
wider,signal_B_signal_Kst,"[[0.1, 7.5], [11.5, 12.25], [14.75, 19.0]]",4.633862911538453,14,9.84,7.257021529738422,62.35462949758403,1.585832344096616,0.07071067811865477,-0.7853981633974483,True,7.0,0.25702152973842196,2.742978470261578,7.742978470261578,12.742978470261578
wider,signal_B_signal_Kst,"[[0.1, 7.5], [11.5, 12.25], [14.75, 19.0]]",4.633862911538453,15,26.84,19.79455872542472,59.09985485252355,5.68007783998155,0.07071067811865477,2.356194490192345,True,20.0,0.2054412745752785,9.794558725424722,4.7945587254247215,0.2054412745752785
wider,signal_B_signal_Kst,"[[0.1, 7.5], [11.5, 12.25], [14.75, 19.0]]",4.633862911538453,16,34.56,25.488075616642266,41.224698308401,2.251407784138337,0.07071067811865477,2.356194490192345,True,25.0,0.4880756166422664,15.488075616642266,10.488075616642266,5.488075616642266
wider,signal_B_signal_Kst,"[[0.1, 7.5], [11.5, 12.25], [14.75, 19.0]]",4.633862911538453,17,33.260000000000005,24.529322772266255,37.608894924346714,5.970658001984702,0.07071067811865477,-0.7853981633974483,True,25.0,0.470677227733745,14.529322772266255,9.529322772266255,4.529322772266255
wider,signal_B_signal_Kst,"[[0.1, 7.5], [11.5, 12.25], [14.75, 19.0]]",4.633862911538453,18,30.54,22.523316820956445,22.01581447981698,7.831997042746934,0.05615898319030816,-0.5253440016189959,True,23.0,0.4766831790435546,12.523316820956445,7.523316820956445,2.5233168209564454
wider,B_high_sideband_Kst_signal,"[[0.1, 7.5], [11.5, 12.25], [14.75, 19.0]]",4.633862911538453,1,14.0,10.325030631741658,184.5980238613647,152.09316089668528,0.07071067811865477,-2.356194490192345,True,10.0,0.325030631741658,0.325030631741658,4.674969368258342,9.674969368258342
wider,B_high_sideband_Kst_signal,"[[0.1, 7.5], [11.5, 12.25], [14.75, 19.0]]",4.633862911538453,2,21.18,15.620296341449166,171.66503286561647,69.70758367384224,0.07071067811865477,-2.356194490192345,True,16.0,0.37970365855083443,5.620296341449166,0.6202963414491656,4.379703658550834
wider,B_high_sideband_Kst_signal,"[[0.1, 7.5], [11.5, 12.25], [14.75, 19.0]]",4.633862911538453,3,23.1,17.036300542373738,166.353359350961,42.39874606666217,0.07071067811865477,-0.7853981633974483,True,17.0,0.0363005423737377,7.036300542373738,2.0363005423737377,2.9636994576262623
wider,B_high_sideband_Kst_signal,"[[0.1, 7.5], [11.5, 12.25], [14.75, 19.0]]",4.633862911538453,4,15.22,11.224783301079146,163.2052821685138,32.280913970702386,0.07071067811865477,0.7853981633974483,True,11.0,0.22478330107914601,1.224783301079146,3.775216698920854,8.775216698920854
wider,B_high_sideband_Kst_signal,"[[0.1, 7.5], [11.5, 12.25], [14.75, 19.0]]",4.633862911538453,5,16.4,12.095035882897369,157.0474847479495,35.89281336730255,0.07071067811865477,-2.356194490192345,True,12.0,0.09503588289736875,2.0950358828973688,2.9049641171026312,7.904964117102631
wider,B_high_sideband_Kst_signal,"[[0.1, 7.5], [11.5, 12.25], [14.75, 19.0]]",4.633862911538453,6,12.719999999999999,9.381027831125277,156.72026502574818,22.94063415839355,0.07071067811865477,0.7853981633974483,True,9.0,0.3810278311252766,0.6189721688747234,5.618972168874723,10.618972168874723
wider,B_high_sideband_Kst_signal,"[[0.1, 7.5], [11.5, 12.25], [14.75, 19.0]]",4.633862911538453,7,24.400000000000002,17.99505338674975,154.7636349130148,28.95539683630568,0.07071067811865477,2.356194490192345,True,18.0,0.00494661325025092,7.995053386749749,2.995053386749749,2.004946613250251
wider,B_high_sideband_Kst_signal,"[[0.1, 7.5], [11.5, 12.25], [14.75, 19.0]]",4.633862911538453,8,19.939999999999998,14.705793628352046,144.3858360450963,22.321842503690277,0.07071067811865477,0.7853981633974483,True,15.0,0.29420637164795416,4.705793628352046,0.29420637164795416,5.294206371647954
wider,B_high_sideband_Kst_signal,"[[0.1, 7.5], [11.5, 12.25], [14.75, 19.0]]",4.633862911538453,9,17.58,12.965288464715595,141.2385995912041,25.600282126411457,0.07071067811865477,0.7853981633974483,True,13.0,0.03471153528440496,2.965288464715595,2.034711535284405,7.034711535284405
wider,B_high_sideband_Kst_signal,"[[0.1, 7.5], [11.5, 12.25], [14.75, 19.0]]",4.633862911538453,10,18.759999999999998,13.83554104653382,134.5467904235561,24.705926574826663,0.07071067811865477,-2.356194490192345,True,14.0,0.16445895346618045,3.8355410465338196,1.1644589534661804,6.1644589534661804
wider,B_high_sideband_Kst_signal,"[[0.1, 7.5], [11.5, 12.25], [14.75, 19.0]]",4.633862911538453,11,25.7,18.953806231125757,130.3848421356065,24.68440284211374,0.07071067811865477,-0.7853981633974483,True,19.0,0.04619376887424309,8.953806231125757,3.953806231125757,1.046193768874243
wider,B_high_sideband_Kst_signal,"[[0.1, 7.5], [11.5, 12.25], [14.75, 19.0]]",4.633862911538453,12,6.7,4.941264659476365,111.3486531252729,24.55617787325582,0.07071067811865477,0.7853981633974483,True,5.0,0.058735340523634605,5.058735340523635,10.058735340523635,15.058735340523635
wider,B_high_sideband_Kst_signal,"[[0.1, 7.5], [11.5, 12.25], [14.75, 19.0]]",4.633862911538453,13,28.2,20.797561701079626,104.46205928422478,28.3072925496067,0.07071067811865477,-0.7853981633974483,True,21.0,0.20243829892037368,10.797561701079626,5.797561701079626,0.7975617010796263
wider,B_high_sideband_Kst_signal,"[[0.1, 7.5], [11.5, 12.25], [14.75, 19.0]]",4.633862911538453,14,26.94,19.86830894422288,92.15960424872901,10.874015088998021,0.07071067811865477,2.356194490192345,True,20.0,0.1316910557771216,9.868308944222878,4.868308944222878,0.1316910557771216
wider,B_high_sideband_Kst_signal,"[[0.1, 7.5], [11.5, 12.25], [14.75, 19.0]]",4.633862911538453,15,8.379999999999999,6.180268335285364,89.94631754135526,31.289352819555916,0.07071067811865477,2.356194490192345,True,6.0,0.1802683352853638,3.819731664714636,8.819731664714636,13.819731664714636
wider,B_high_sideband_Kst_signal,"[[0.1, 7.5], [11.5, 12.25], [14.75, 19.0]]",4.633862911538453,16,30.64,22.5970670397546,78.84571512700904,19.930742585805092,0.07071067811865477,-0.7853981633974483,True,23.0,0.40293296024540126,12.597067039754599,7.597067039754599,2.5970670397545987
wider,B_high_sideband_Kst_signal,"[[0.1, 7.5], [11.5, 12.25], [14.75, 19.0]]",4.633862911538453,17,29.42,21.69731437041711,61.94034237424694,2.774109761182899,0.07071067811865477,2.356194490192345,True,22.0,0.30268562958288925,11.69731437041711,6.697314370417111,1.6973143704171108
wider,B_high_sideband_Kst_signal,"[[0.1, 7.5], [11.5, 12.25], [14.75, 19.0]]",4.633862911538453,18,31.88,23.511569752851717,61.756625251303376,1.6249585917998957,0.0676823218864937,2.4020032275914156,True,24.0,0.4884302471482833,13.511569752851717,8.511569752851717,3.5115697528517167
wider,B_high_sideband_Kst_signal,"[[0.1, 7.5], [11.5, 12.25], [14.75, 19.0]]",4.633862911538453,19,35.2,25.960077016950457,54.74715951272765,13.981898441361409,0.06231176538197654,0.6394624212294312,True,26.0,0.03992298304954289,15.960077016950457,10.960077016950457,5.960077016950457
wider,B_high_sideband_Kst_signal,"[[0.1, 7.5], [11.5, 12.25], [14.75, 19.0]]",4.633862911538453,20,33.2,24.48507264098736,47.79874511130629,3.5263472994406584,0.06320405660674844,-0.9125863571812516,True,24.0,0.4850726409873616,14.485072640987362,9.485072640987362,4.485072640987362
very_wide,B_low_sideband_Kst_signal,"[[0.1, 7.0], [15.0, 19.0]]",4.48488402011359,1,15.24,10.878181865562723,204.95211595018782,186.11818404343603,0.07071067811865477,2.356194490192345,True,11.0,0.12181813443727663,0.8781818655627234,4.121818134437277,9.121818134437277
very_wide,B_low_sideband_Kst_signal,"[[0.1, 7.0], [15.0, 19.0]]",4.48488402011359,2,6.58,4.696747813346634,175.2552382412298,50.16729410716175,0.07071067811865477,0.7853981633974483,True,5.0,0.3032521866533662,5.303252186653366,10.303252186653367,15.303252186653367
very_wide,B_low_sideband_Kst_signal,"[[0.1, 7.0], [15.0, 19.0]]",4.48488402011359,3,13.98,9.978804624709111,171.6044325272935,30.859655834004116,0.07071067811865477,-0.7853981633974483,True,10.0,0.021195375290888663,0.021195375290888663,5.021195375290889,10.021195375290889
very_wide,B_low_sideband_Kst_signal,"[[0.1, 7.0], [15.0, 19.0]]",4.48488402011359,4,21.36,15.246585606851687,170.66748035606997,133.8801721874454,0.07071067811865477,-2.356194490192345,True,15.0,0.24658560685168673,5.246585606851687,0.24658560685168673,4.753414393148313
very_wide,B_low_sideband_Kst_signal,"[[0.1, 7.0], [15.0, 19.0]]",4.48488402011359,5,22.580000000000002,16.117411189265503,163.92126286784082,37.89487669852724,0.07071067811865477,0.7853981633974483,True,16.0,0.11741118926550342,6.117411189265503,1.1174111892655034,3.8825888107344966
very_wide,B_low_sideband_Kst_signal,"[[0.1, 7.0], [15.0, 19.0]]",4.48488402011359,6,8.46,6.038675760017102,161.51049923526944,50.7301607636,0.07071067811865477,2.356194490192345,True,6.0,0.038675760017102156,3.961324239982898,8.961324239982897,13.961324239982897
very_wide,B_low_sideband_Kst_signal,"[[0.1, 7.0], [15.0, 19.0]]",4.48488402011359,7,28.7,20.48581493055447,154.98501514094733,141.9704844528078,0.07071067811865477,2.356194490192345,True,20.0,0.48581493055446856,10.485814930554469,5.485814930554469,0.48581493055446856
very_wide,B_low_sideband_Kst_signal,"[[0.1, 7.0], [15.0, 19.0]]",4.48488402011359,8,16.46,11.749007447976537,135.51455863741103,9.219111238200412,0.07071067811865477,-0.7853981633974483,True,12.0,0.2509925520234635,1.7490074479765365,3.2509925520234635,8.250992552023463
very_wide,B_low_sideband_Kst_signal,"[[0.1, 7.0], [15.0, 19.0]]",4.48488402011359,9,29.98,21.39946800062798,119.85498400660754,15.298807413869554,0.07071067811865477,-0.7853981633974483,True,21.0,0.39946800062798005,11.39946800062798,6.39946800062798,1.39946800062798
very_wide,B_low_sideband_Kst_signal,"[[0.1, 7.0], [15.0, 19.0]]",4.48488402011359,10,23.78,16.973960942459417,111.93059910808415,13.865761979452373,0.07071067811865477,-2.356194490192345,True,17.0,0.02603905754058289,6.973960942459417,1.9739609424594171,3.026039057540583
very_wide,B_low_sideband_Kst_signal,"[[0.1, 7.0], [15.0, 19.0]]",4.48488402011359,11,9.7,6.923777171650813,101.24544657247316,6.83896449391932,0.07071067811865477,-0.7853981633974483,True,7.0,0.07622282834918703,3.076222828349187,8.076222828349188,13.076222828349188
very_wide,B_low_sideband_Kst_signal,"[[0.1, 7.0], [15.0, 19.0]]",4.48488402011359,12,20.18,14.404311682877672,98.52290927125978,11.6822373664736,0.07071067811865477,0.7853981633974483,True,14.0,0.4043116828776725,4.4043116828776725,0.5956883171223275,5.5956883171223275
very_wide,B_low_sideband_Kst_signal,"[[0.1, 7.0], [15.0, 19.0]]",4.48488402011359,13,27.46,19.600713518920756,85.1665932666192,6.240682946448715,0.07071067811865477,-0.7853981633974483,True,20.0,0.399286481079244,9.600713518920756,4.600713518920756,0.399286481079244
very_wide,B_low_sideband_Kst_signal,"[[0.1, 7.0], [15.0, 19.0]]",4.48488402011359,14,12.8,9.136530700735095,81.24292655157069,3.3606877060290117,0.07071067811865477,2.356194490192345,True,9.0,0.13653070073509532,0.8634692992649047,5.863469299264905,10.863469299264905
very_wide,B_low_sideband_Kst_signal,"[[0.1, 7.0], [15.0, 19.0]]",4.48488402011359,15,19.08,13.619141075783247,62.91805266793176,1.4325090098870987,0.06928870896214716,-2.3769333994284656,True,14.0,0.3808589242167528,3.619141075783247,1.3808589242167528,6.380858924216753
very_wide,B_low_sideband_Kst_signal,"[[0.1, 7.0], [15.0, 19.0]]",4.48488402011359,16,34.92,24.92559781794293,61.035802011746,24.93674470393421,0.07071067811865477,-2.356194490192345,True,25.0,0.07440218205707083,14.92559781794293,9.92559781794293,4.925597817942929
very_wide,signal_B_signal_Kst,"[[0.1, 7.0], [15.0, 19.0]]",4.48488402011359,1,6.48,4.625368667247142,177.9280171566527,50.4062639221429,0.07071067811865477,0.7853981633974483,True,5.0,0.3746313327528581,5.374631332752858,10.374631332752859,15.374631332752859
very_wide,signal_B_signal_Kst,"[[0.1, 7.0], [15.0, 19.0]]",4.48488402011359,2,14.44,10.307148696766777,143.365589211229,104.95805044364192,0.07071067811865477,-2.356194490192345,True,10.0,0.30714869676677736,0.30714869676677736,4.692851303233223,9.692851303233223
very_wide,signal_B_signal_Kst,"[[0.1, 7.0], [15.0, 19.0]]",4.48488402011359,3,7.7,5.496194249660955,140.1304093656861,27.14761389565456,0.07071067811865477,-2.356194490192345,True,5.0,0.49619424966095504,4.503805750339045,9.503805750339044,14.503805750339044
very_wide,signal_B_signal_Kst,"[[0.1, 7.0], [15.0, 19.0]]",4.48488402011359,4,8.879999999999999,6.33846817363497,124.6508929942595,23.61962080607691,0.07071067811865477,0.7853981633974483,True,6.0,0.33846817363497017,3.66153182636503,8.66153182636503,13.66153182636503
very_wide,signal_B_signal_Kst,"[[0.1, 7.0], [15.0, 19.0]]",4.48488402011359,5,13.24,9.450598943572864,119.47092074003695,20.207186101484695,0.07071067811865477,0.7853981633974483,True,9.0,0.4505989435728637,0.5494010564271363,5.549401056427136,10.549401056427136
very_wide,signal_B_signal_Kst,"[[0.1, 7.0], [15.0, 19.0]]",4.48488402011359,6,20.62,14.718379925715443,104.47775758943135,70.68201591183833,0.07071067811865477,-0.7853981633974483,True,15.0,0.2816200742845574,4.718379925715443,0.2816200742845574,5.281620074284557
very_wide,signal_B_signal_Kst,"[[0.1, 7.0], [15.0, 19.0]]",4.48488402011359,7,15.64,11.163698449960693,102.23392686323382,16.86153978246466,0.07071067811865477,0.7853981633974483,True,11.0,0.16369844996069283,1.1636984499606928,3.836301550039307,8.836301550039307
very_wide,signal_B_signal_Kst,"[[0.1, 7.0], [15.0, 19.0]]",4.48488402011359,8,12.100000000000001,8.636876678038645,94.90737720452171,20.454415398791753,0.07071067811865477,-2.356194490192345,True,9.0,0.3631233219613552,1.3631233219613552,6.363123321961355,11.363123321961355
very_wide,signal_B_signal_Kst,"[[0.1, 7.0], [15.0, 19.0]]",4.48488402011359,9,19.42,13.861830172521527,76.19735202703328,11.642523169341075,0.07071067811865477,2.356194490192345,True,14.0,0.13816982747847284,3.861830172521527,1.1381698274784728,6.138169827478473
very_wide,signal_B_signal_Kst,"[[0.1, 7.0], [15.0, 19.0]]",4.48488402011359,10,22.4,15.988928726286414,73.94870930094112,19.882610385607904,0.07071067811865477,0.7853981633974483,True,16.0,0.011071273713586294,5.988928726286414,0.9889287262864137,4.011071273713586
very_wide,signal_B_signal_Kst,"[[0.1, 7.0], [15.0, 19.0]]",4.48488402011359,11,11.0,7.851706070944221,68.00938942695757,5.743399787490262,0.07071067811865477,0.7853981633974483,True,8.0,0.14829392905577876,2.1482939290557788,7.148293929055779,12.148293929055779
very_wide,signal_B_signal_Kst,"[[0.1, 7.0], [15.0, 19.0]]",4.48488402011359,12,29.2,20.842710661051935,58.69283502199437,46.115492632382484,0.07071067811865477,0.7853981633974483,True,21.0,0.15728933894806474,10.842710661051935,5.842710661051935,0.8427106610519353
very_wide,signal_B_signal_Kst,"[[0.1, 7.0], [15.0, 19.0]]",4.48488402011359,13,16.759999999999998,11.963144886275012,53.336658940088455,3.856447019303914,0.07071067811865477,-2.356194490192345,True,12.0,0.03685511372498773,1.9631448862750123,3.0368551137249877,8.036855113724988
very_wide,signal_B_signal_Kst,"[[0.1, 7.0], [15.0, 19.0]]",4.48488402011359,14,23.56,16.816926821040532,52.151116148688516,2.6369729431030464,0.07071067811865477,-2.356194490192345,True,17.0,0.18307317895946795,6.816926821040532,1.816926821040532,3.183073178959468
very_wide,signal_B_signal_Kst,"[[0.1, 7.0], [15.0, 19.0]]",4.48488402011359,15,9.98,7.123638780729395,51.816732210926375,2.8001717647275655,0.07071067811865477,-2.356194490192345,True,7.0,0.1236387807293946,2.8763612192706054,7.876361219270605,12.876361219270606
very_wide,signal_B_signal_Kst,"[[0.1, 7.0], [15.0, 19.0]]",4.48488402011359,16,18.32,13.076659565427102,47.2943246466175,1.4872677590635703,0.07071067811865477,-0.7853981633974483,True,13.0,0.07665956542710184,3.076659565427102,1.9233404345728982,6.923340434572898
very_wide,signal_B_signal_Kst,"[[0.1, 7.0], [15.0, 19.0]]",4.48488402011359,17,27.94,19.94333342019832,47.13943389905876,6.264269071730723,0.07071067811865477,-2.356194490192345,True,20.0,0.05666657980167855,9.943333420198321,4.9433334201983214,0.05666657980167855
very_wide,signal_B_signal_Kst,"[[0.1, 7.0], [15.0, 19.0]]",4.48488402011359,18,26.76,19.101059496224305,35.937861252416496,2.6272759542293898,0.07071067811865477,0.7853981633974483,True,19.0,0.10105949622430543,9.101059496224305,4.101059496224305,0.8989405037756946
very_wide,signal_B_signal_Kst,"[[0.1, 7.0], [15.0, 19.0]]",4.48488402011359,19,32.0,22.841326751837734,5.735854355048332,1.0126017089992274,0.031366488392866355,-0.26520781157228746,True,23.0,0.15867324816226613,12.841326751837734,7.841326751837734,2.841326751837734
very_wide,B_high_sideband_Kst_signal,"[[0.1, 7.0], [15.0, 19.0]]",4.48488402011359,1,6.4,4.568265350367548,294.3161889104531,81.59405556460479,0.07071067811865477,0.7853981633974483,True,5.0,0.43173464963245234,5.431734649632452,10.431734649632453,15.431734649632453
very_wide,B_high_sideband_Kst_signal,"[[0.1, 7.0], [15.0, 19.0]]",4.48488402011359,2,7.6,5.424815103561462,231.13909072046408,42.702060081519676,0.07071067811865477,-2.356194490192345,True,5.0,0.42481510356146224,4.575184896438538,9.575184896438538,14.575184896438538
very_wide,B_high_sideband_Kst_signal,"[[0.1, 7.0], [15.0, 19.0]]",4.48488402011359,3,13.120000000000001,9.364943968253472,206.73683327086428,139.45857870929376,0.07071067811865477,0.7853981633974483,True,9.0,0.3649439682534723,0.6350560317465277,5.635056031746528,10.635056031746528
very_wide,B_high_sideband_Kst_signal,"[[0.1, 7.0], [15.0, 19.0]]",4.48488402011359,4,8.76,6.25281319831558,191.0109390886107,30.050052097498337,0.07071067811865477,0.7853981633974483,True,6.0,0.2528131983155797,3.7471868016844203,8.747186801684421,13.747186801684421
very_wide,B_high_sideband_Kst_signal,"[[0.1, 7.0], [15.0, 19.0]]",4.48488402011359,5,14.34,10.235769550667285,178.69967229907456,31.987692917016602,0.07071067811865477,-2.356194490192345,True,10.0,0.23576955066728544,0.23576955066728544,4.764230449332715,9.764230449332715
very_wide,B_high_sideband_Kst_signal,"[[0.1, 7.0], [15.0, 19.0]]",4.48488402011359,6,11.96,8.536945873499354,146.5256682712959,27.91042531324456,0.07071067811865477,-2.356194490192345,True,9.0,0.46305412650064603,1.463054126500646,6.463054126500646,11.463054126500646
very_wide,B_high_sideband_Kst_signal,"[[0.1, 7.0], [15.0, 19.0]]",4.48488402011359,7,10.86,7.751775266404931,114.83617745248239,11.301512137023565,0.07071067811865477,0.7853981633974483,True,8.0,0.2482247335950687,2.2482247335950687,7.248224733595069,12.24822473359507
very_wide,B_high_sideband_Kst_signal,"[[0.1, 7.0], [15.0, 19.0]]",4.48488402011359,8,20.46,14.604173291956252,97.74780102530121,57.84410873714796,0.07071067811865477,-0.7853981633974483,True,15.0,0.39582670804374764,4.604173291956252,0.39582670804374764,5.395826708043748
very_wide,B_high_sideband_Kst_signal,"[[0.1, 7.0], [15.0, 19.0]]",4.48488402011359,9,15.5,11.063767645421404,88.29803518386461,3.3047610784087738,0.07071067811865477,0.7853981633974483,True,11.0,0.06376764542140378,1.0637676454214038,3.936232354578596,8.936232354578596
very_wide,B_high_sideband_Kst_signal,"[[0.1, 7.0], [15.0, 19.0]]",4.48488402011359,10,9.84,7.023707976190104,82.86394401114171,7.53385145852485,0.07071067811865477,-2.356194490192345,True,7.0,0.023707976190103786,2.976292023809896,7.976292023809896,12.976292023809897
very_wide,B_high_sideband_Kst_signal,"[[0.1, 7.0], [15.0, 19.0]]",4.48488402011359,11,18.68,13.333624491385278,70.68460169091804,12.260271748577452,0.07071067811865477,-2.356194490192345,True,13.0,0.3336244913852777,3.3336244913852777,1.6663755086147223,6.666375508614722
very_wide,B_high_sideband_Kst_signal,"[[0.1, 7.0], [15.0, 19.0]]",4.48488402011359,12,16.54,11.806110764856129,43.18418588856366,1.3585542988266752,0.06638930155432267,-2.2887805183956202,True,12.0,0.19388923514387102,1.806110764856129,3.193889235143871,8.193889235143871
very_wide,B_high_sideband_Kst_signal,"[[0.1, 7.0], [15.0, 19.0]]",4.48488402011359,13,29.94,21.370916342188185,38.39931910781934,34.49142485731227,0.056218784154303494,-0.4748037651796704,True,21.0,0.3709163421881847,11.370916342188185,6.370916342188185,1.3709163421881847
very_wide,B_high_sideband_Kst_signal,"[[0.1, 7.0], [15.0, 19.0]]",4.48488402011359,14,27.26,19.457955226721772,31.447163384979376,13.496868958767664,0.055778603332780334,-0.45921420017127257,True,19.0,0.45795522672177214,9.457955226721772,4.457955226721772,0.5420447732782279
very_wide,B_high_sideband_Kst_signal,"[[0.1, 7.0], [15.0, 19.0]]",4.48488402011359,15,34.519999999999996,24.640081233544954,19.40132334222926,8.85199403674369,0.04416967232218498,-0.742178365934458,True,25.0,0.3599187664550456,14.640081233544954,9.640081233544954,4.640081233544954
shift_low,B_low_sideband_Kst_signal,"[[0.1, 7.8], [10.8, 12.3], [14.3, 19.0]]",4.770941396838369,1,17.380000000000003,13.196962595119093,299.3713261890066,280.782855818336,0.07071067811865477,2.356194490192345,True,13.0,0.19696259511909275,3.1969625951190928,1.8030374048809072,6.803037404880907
shift_low,B_low_sideband_Kst_signal,"[[0.1, 7.8], [10.8, 12.3], [14.3, 19.0]]",4.770941396838369,2,16.08,12.209848016657936,285.78121102665773,73.04985768710048,0.07071067811865477,-0.7853981633974483,True,12.0,0.2098480166579364,2.2098480166579364,2.7901519833420636,7.790151983342064
shift_low,B_low_sideband_Kst_signal,"[[0.1, 7.8], [10.8, 12.3], [14.3, 19.0]]",4.770941396838369,3,18.64,14.153704417319899,281.72979011373627,61.87556165262731,0.07071067811865477,-0.7853981633974483,True,14.0,0.15370441731989892,4.153704417319899,0.8462955826801011,5.846295582680101
shift_low,B_low_sideband_Kst_signal,"[[0.1, 7.8], [10.8, 12.3], [14.3, 19.0]]",4.770941396838369,4,24.52,18.61849958759034,278.65929940967453,152.4487493069928,0.07071067811865477,2.356194490192345,True,19.0,0.38150041240966104,8.618499587590339,3.618499587590339,1.381500412409661
shift_low,B_low_sideband_Kst_signal,"[[0.1, 7.8], [10.8, 12.3], [14.3, 19.0]]",4.770941396838369,5,10.120000000000001,7.684307333866813,250.94400624327955,103.34717388344552,0.07071067811865477,-0.7853981633974483,True,8.0,0.31569266613318714,2.315692666133187,7.315692666133187,12.315692666133188
shift_low,B_low_sideband_Kst_signal,"[[0.1, 7.8], [10.8, 12.3], [14.3, 19.0]]",4.770941396838369,6,25.8,19.59042778792132,248.470114429138,49.51588871373315,0.07071067811865477,-0.7853981633974483,True,20.0,0.4095722120786789,9.590427787921321,4.590427787921321,0.4095722120786789
shift_low,B_low_sideband_Kst_signal,"[[0.1, 7.8], [10.8, 12.3], [14.3, 19.0]]",4.770941396838369,7,14.700000000000001,11.161987925676101,243.2888226188743,42.633651880375965,0.07071067811865477,2.356194490192345,True,11.0,0.16198792567610099,1.161987925676101,3.838012074323899,8.838012074323899
shift_low,B_low_sideband_Kst_signal,"[[0.1, 7.8], [10.8, 12.3], [14.3, 19.0]]",4.770941396838369,8,23.28,17.6769441435197,231.8791587558403,48.47714603770237,0.07071067811865477,-0.7853981633974483,True,18.0,0.32305585648029833,7.676944143519702,2.6769441435197017,2.3230558564802983
shift_low,B_low_sideband_Kst_signal,"[[0.1, 7.8], [10.8, 12.3], [14.3, 19.0]]",4.770941396838369,9,19.84,15.064887105130193,218.27543422275357,35.6073325060961,0.07071067811865477,2.356194490192345,True,15.0,0.06488710513019313,5.064887105130193,0.06488710513019313,4.935112894869807
shift_low,B_low_sideband_Kst_signal,"[[0.1, 7.8], [10.8, 12.3], [14.3, 19.0]]",4.770941396838369,10,6.12,4.647031707832499,213.28272237865258,12.097379072852618,0.07071067811865477,-2.356194490192345,True,5.0,0.3529682921675006,5.352968292167501,10.3529682921675,15.3529682921675
shift_low,B_low_sideband_Kst_signal,"[[0.1, 7.8], [10.8, 12.3], [14.3, 19.0]]",4.770941396838369,11,11.48,8.716981046718479,205.05033836116036,38.85574950931914,0.07071067811865477,2.356194490192345,True,9.0,0.2830189532815215,1.2830189532815215,6.2830189532815215,11.283018953281521
shift_low,B_low_sideband_Kst_signal,"[[0.1, 7.8], [10.8, 12.3], [14.3, 19.0]]",4.770941396838369,12,13.9,10.554532800469238,202.66155408513896,33.392826394911935,0.07071067811865477,-2.356194490192345,True,11.0,0.4454671995307624,0.5545328004692376,4.445467199530762,9.445467199530762
shift_low,B_low_sideband_Kst_signal,"[[0.1, 7.8], [10.8, 12.3], [14.3, 19.0]]",4.770941396838369,13,27.1,20.57754236638247,199.59818224830178,33.1585084685903,0.07071067811865477,2.356194490192345,True,21.0,0.42245763361752964,10.57754236638247,5.57754236638247,0.5775423663824704
shift_low,B_low_sideband_Kst_signal,"[[0.1, 7.8], [10.8, 12.3], [14.3, 19.0]]",4.770941396838369,14,8.82,6.697192755405661,194.2779522558708,25.480342715425195,0.07071067811865477,2.356194490192345,True,7.0,0.30280724459433905,3.302807244594339,8.302807244594339,13.302807244594339
shift_low,B_low_sideband_Kst_signal,"[[0.1, 7.8], [10.8, 12.3], [14.3, 19.0]]",4.770941396838369,15,13.04,9.90151854087186,188.90879081865114,35.990526638044685,0.07071067811865477,-0.7853981633974483,True,10.0,0.09848145912813955,0.09848145912813955,5.0984814591281395,10.09848145912814
shift_low,B_low_sideband_Kst_signal,"[[0.1, 7.8], [10.8, 12.3], [14.3, 19.0]]",4.770941396838369,16,22.12,16.796134211969754,180.72621184086256,29.731258034075836,0.07071067811865477,2.356194490192345,True,17.0,0.2038657880302459,6.796134211969754,1.796134211969754,3.203865788030246
shift_low,B_low_sideband_Kst_signal,"[[0.1, 7.8], [10.8, 12.3], [14.3, 19.0]]",4.770941396838369,17,20.98,15.930510658549974,161.39707465712763,24.814981116777744,0.07071067811865477,-0.7853981633974483,True,16.0,0.06948934145002639,5.930510658549974,0.9305106585499736,4.069489341450026
shift_low,B_low_sideband_Kst_signal,"[[0.1, 7.8], [10.8, 12.3], [14.3, 19.0]]",4.770941396838369,18,28.400000000000002,21.564656944843623,118.43903226785596,6.390789089008649,0.07071067811865477,-0.7853981633974483,True,22.0,0.43534305515637683,11.564656944843623,6.564656944843623,1.5646569448436232
shift_low,B_low_sideband_Kst_signal,"[[0.1, 7.8], [10.8, 12.3], [14.3, 19.0]]",4.770941396838369,19,29.740000000000002,22.582144279565117,95.74915801293719,9.562214280094395,0.07071067811865477,2.356194490192345,True,23.0,0.4178557204348827,12.582144279565117,7.582144279565117,2.5821442795651173
shift_low,B_low_sideband_Kst_signal,"[[0.1, 7.8], [10.8, 12.3], [14.3, 19.0]]",4.770941396838369,20,33.28,25.270133208605486,57.22109552700931,7.402584908917561,0.06309400472491798,0.6559508982902009,True,25.0,0.2701332086054862,15.270133208605486,10.270133208605486,5.270133208605486
shift_low,signal_B_signal_Kst,"[[0.1, 7.8], [10.8, 12.3], [14.3, 19.0]]",4.770941396838369,1,16.08,12.209848016657936,160.71456995462722,140.0434323035704,0.07071067811865477,-0.7853981633974483,True,12.0,0.2098480166579364,2.2098480166579364,2.7901519833420636,7.790151983342064
shift_low,signal_B_signal_Kst,"[[0.1, 7.8], [10.8, 12.3], [14.3, 19.0]]",4.770941396838369,2,17.32,13.151403460728575,156.0042253129543,37.972997460551824,0.07071067811865477,2.356194490192345,True,13.0,0.15140346072857547,3.1514034607285755,1.8485965392714245,6.8485965392714245
shift_low,signal_B_signal_Kst,"[[0.1, 7.8], [10.8, 12.3], [14.3, 19.0]]",4.770941396838369,3,14.8,11.23791981632696,147.60943556822394,32.951155082064815,0.07071067811865477,2.356194490192345,True,11.0,0.23791981632695958,1.2379198163269596,3.7620801836730404,8.76208018367304
shift_low,signal_B_signal_Kst,"[[0.1, 7.8], [10.8, 12.3], [14.3, 19.0]]",4.770941396838369,4,18.54,14.07777252666904,130.19254378515166,28.86723932230211,0.07071067811865477,-0.7853981633974483,True,14.0,0.07777252666904033,4.07777252666904,0.9222274733309597,5.92222747333096
shift_low,signal_B_signal_Kst,"[[0.1, 7.8], [10.8, 12.3], [14.3, 19.0]]",4.770941396838369,5,20.939999999999998,15.900137902289627,109.026798349802,27.355453756639236,0.07071067811865477,-0.7853981633974483,True,16.0,0.09986209771037302,5.900137902289627,0.900137902289627,4.099862097710373
shift_low,signal_B_signal_Kst,"[[0.1, 7.8], [10.8, 12.3], [14.3, 19.0]]",4.770941396838369,6,19.740000000000002,14.988955214479336,106.99663479929904,19.33543564304614,0.07071067811865477,2.356194490192345,True,15.0,0.01104478552066368,4.988955214479336,0.01104478552066368,5.011044785520664
shift_low,signal_B_signal_Kst,"[[0.1, 7.8], [10.8, 12.3], [14.3, 19.0]]",4.770941396838369,7,13.440000000000001,10.205246103475293,101.63428278965603,11.016649992708608,0.07071067811865477,-0.7853981633974483,True,10.0,0.20524610347529304,0.20524610347529304,4.794753896524707,9.794753896524707
shift_low,signal_B_signal_Kst,"[[0.1, 7.8], [10.8, 12.3], [14.3, 19.0]]",4.770941396838369,8,23.3,17.692130521649876,100.52501464161423,37.60854879955241,0.07071067811865477,-0.7853981633974483,True,18.0,0.3078694783501241,7.692130521649876,2.692130521649876,2.307869478350124
shift_low,signal_B_signal_Kst,"[[0.1, 7.8], [10.8, 12.3], [14.3, 19.0]]",4.770941396838369,9,25.22,19.150022822146344,97.0232998022118,23.391116302108912,0.07071067811865477,0.7853981633974483,True,19.0,0.15002282214634377,9.150022822146344,4.150022822146344,0.8499771778536562
shift_low,signal_B_signal_Kst,"[[0.1, 7.8], [10.8, 12.3], [14.3, 19.0]]",4.770941396838369,10,9.280000000000001,7.046479452399607,95.8394232275848,72.37179728111255,0.07071067811865477,0.7853981633974483,True,7.0,0.04647945239960727,2.9535205476003927,7.953520547600393,12.953520547600393
shift_low,signal_B_signal_Kst,"[[0.1, 7.8], [10.8, 12.3], [14.3, 19.0]]",4.770941396838369,11,26.580000000000002,20.182696534998012,73.81002996182042,11.066130554846723,0.07071067811865477,-2.356194490192345,True,20.0,0.18269653499801208,10.182696534998012,5.182696534998012,0.18269653499801208
shift_low,signal_B_signal_Kst,"[[0.1, 7.8], [10.8, 12.3], [14.3, 19.0]]",4.770941396838369,12,22.1,16.78094783383958,73.16885462680898,10.226281476288705,0.07071067811865477,2.356194490192345,True,17.0,0.21905216616042011,6.78094783383958,1.7809478338395799,3.21905216616042
shift_low,signal_B_signal_Kst,"[[0.1, 7.8], [10.8, 12.3], [14.3, 19.0]]",4.770941396838369,13,27.94,21.21537024784968,65.83945566253396,9.218808301577383,0.07071067811865477,0.7853981633974483,True,21.0,0.2153702478496804,11.21537024784968,6.21537024784968,1.2153702478496804
shift_low,signal_B_signal_Kst,"[[0.1, 7.8], [10.8, 12.3], [14.3, 19.0]]",4.770941396838369,14,6.46,4.905200136045416,55.81338286518462,5.9840611557724515,0.07071067811865477,2.356194490192345,True,5.0,0.0947998639545844,5.094799863954584,10.094799863954584,15.094799863954584
shift_low,signal_B_signal_Kst,"[[0.1, 7.8], [10.8, 12.3], [14.3, 19.0]]",4.770941396838369,15,31.2,23.69074988306764,50.82051315783883,15.84249908593597,0.07071067811865477,-0.7853981633974483,True,24.0,0.30925011693236115,13.690749883067639,8.690749883067639,3.690749883067639
shift_low,signal_B_signal_Kst,"[[0.1, 7.8], [10.8, 12.3], [14.3, 19.0]]",4.770941396838369,16,33.120000000000005,25.148642183564117,24.392417336942117,3.5922106965210787,0.05654824237991112,0.7019206222947447,True,25.0,0.1486421835641174,15.148642183564117,10.148642183564117,5.148642183564117
shift_low,B_high_sideband_Kst_signal,"[[0.1, 7.8], [10.8, 12.3], [14.3, 19.0]]",4.770941396838369,1,14.620000000000001,11.101242413155417,201.06855811157857,197.54643573562134,0.07071067811865477,2.356194490192345,True,11.0,0.1012424131554166,1.1012424131554166,3.8987575868445834,8.898757586844583
shift_low,B_high_sideband_Kst_signal,"[[0.1, 7.8], [10.8, 12.3], [14.3, 19.0]]",4.770941396838369,2,16.54,12.559134713651884,192.29129282178883,43.739421849589235,0.07071067811865477,-2.356194490192345,True,13.0,0.4408652863481155,2.5591347136518845,2.4408652863481155,7.4408652863481155
shift_low,B_high_sideband_Kst_signal,"[[0.1, 7.8], [10.8, 12.3], [14.3, 19.0]]",4.770941396838369,3,13.32,10.114127834694264,185.0358005304547,36.40468679835021,0.07071067811865477,-0.7853981633974483,True,10.0,0.1141278346942638,0.1141278346942638,4.885872165305736,9.885872165305736
shift_low,B_high_sideband_Kst_signal,"[[0.1, 7.8], [10.8, 12.3], [14.3, 19.0]]",4.770941396838369,4,17.82,13.531062913982865,160.4424914937531,26.72202697491366,0.07071067811865477,0.7853981633974483,True,14.0,0.46893708601713513,3.531062913982865,1.4689370860171351,6.468937086017135
shift_low,B_high_sideband_Kst_signal,"[[0.1, 7.8], [10.8, 12.3], [14.3, 19.0]]",4.770941396838369,5,28.48,21.62540245736431,143.2025739197893,77.00068471929671,0.07071067811865477,-0.7853981633974483,True,22.0,0.3745975426356907,11.62540245736431,6.625402457364309,1.6254024573643093
shift_low,B_high_sideband_Kst_signal,"[[0.1, 7.8], [10.8, 12.3], [14.3, 19.0]]",4.770941396838369,6,25.98,19.727105191092864,135.4660251835603,41.75634920145876,0.07071067811865477,-0.7853981633974483,True,20.0,0.2728948089071359,9.727105191092864,4.727105191092864,0.2728948089071359
shift_low,B_high_sideband_Kst_signal,"[[0.1, 7.8], [10.8, 12.3], [14.3, 19.0]]",4.770941396838369,7,24.7,18.755176990761882,121.16249494858357,23.623293122498126,0.07071067811865477,2.356194490192345,True,19.0,0.24482300923811806,8.755176990761882,3.755176990761882,1.244823009238118
shift_low,B_high_sideband_Kst_signal,"[[0.1, 7.8], [10.8, 12.3], [14.3, 19.0]]",4.770941396838369,8,27.22,20.6686606351635,119.47190459438843,16.58547775859506,0.07071067811865477,2.356194490192345,True,21.0,0.3313393648364986,10.668660635163501,5.668660635163501,0.6686606351635014
shift_low,B_high_sideband_Kst_signal,"[[0.1, 7.8], [10.8, 12.3], [14.3, 19.0]]",4.770941396838369,9,19.1,14.502991114313845,117.77023707012313,10.717238699138306,0.07071067811865477,-2.356194490192345,True,15.0,0.49700888568615476,4.502991114313845,0.49700888568615476,5.497008885686155
shift_low,B_high_sideband_Kst_signal,"[[0.1, 7.8], [10.8, 12.3], [14.3, 19.0]]",4.770941396838369,10,23.44,17.798435168561078,96.25267467043705,10.916263584479111,0.07071067811865477,-0.7853981633974483,True,18.0,0.20156483143892245,7.7984351685610775,2.7984351685610775,2.2015648314389225
shift_low,B_high_sideband_Kst_signal,"[[0.1, 7.8], [10.8, 12.3], [14.3, 19.0]]",4.770941396838369,11,29.76,22.59733065769529,92.47851431009985,9.135155296272387,0.07071067811865477,2.356194490192345,True,23.0,0.4026693423047085,12.597330657695291,7.5973306576952915,2.5973306576952915
shift_low,B_high_sideband_Kst_signal,"[[0.1, 7.8], [10.8, 12.3], [14.3, 19.0]]",4.770941396838369,12,21.6,16.401288380585292,85.46681933245691,15.584554578103507,0.07071067811865477,-2.356194490192345,True,16.0,0.40128838058529226,6.401288380585292,1.4012883805852923,3.5987116194147077
shift_low,B_high_sideband_Kst_signal,"[[0.1, 7.8], [10.8, 12.3], [14.3, 19.0]]",4.770941396838369,13,20.34,15.444546558384483,80.75974314236873,8.90523339452102,0.07071067811865477,0.7853981633974483,True,15.0,0.44454655838448254,5.4445465583844825,0.44454655838448254,4.5554534416155175
shift_low,B_high_sideband_Kst_signal,"[[0.1, 7.8], [10.8, 12.3], [14.3, 19.0]]",4.770941396838369,14,31.02,23.554072479896096,78.43668927852286,5.077499139980318,0.07071067811865477,-0.7853981633974483,True,24.0,0.44592752010390413,13.554072479896096,8.554072479896096,3.554072479896096
shift_low,B_high_sideband_Kst_signal,"[[0.1, 7.8], [10.8, 12.3], [14.3, 19.0]]",4.770941396838369,15,8.42,6.393465192802229,50.82512673636302,19.22480731125097,0.07071067811865477,2.356194490192345,True,6.0,0.39346519280222925,3.6065348071977708,8.606534807197772,13.606534807197772
shift_high,B_low_sideband_Kst_signal,"[[0.1, 8.2], [11.2, 12.7], [14.7, 19.0]]",4.7889989478095005,1,17.740000000000002,13.52130124780232,335.4755499586813,309.2772591407411,0.07071067811865477,0.7853981633974483,True,14.0,0.47869875219767977,3.5213012478023202,1.4786987521976798,6.47869875219768
shift_high,B_low_sideband_Kst_signal,"[[0.1, 8.2], [11.2, 12.7], [14.7, 19.0]]",4.7889989478095005,2,19.04,14.512151959309818,310.66457780675455,67.4649204884754,0.07071067811865477,-2.356194490192345,True,15.0,0.4878480406901815,4.5121519593098185,0.4878480406901815,5.4878480406901815
shift_high,B_low_sideband_Kst_signal,"[[0.1, 8.2], [11.2, 12.7], [14.7, 19.0]]",4.7889989478095005,3,16.42,12.515206679194707,278.5879888298027,56.615724558960665,0.07071067811865477,-2.356194490192345,True,13.0,0.48479332080529325,2.5152066791947068,2.4847933208052932,7.484793320805293
shift_high,B_low_sideband_Kst_signal,"[[0.1, 8.2], [11.2, 12.7], [14.7, 19.0]]",4.7889989478095005,4,15.02,11.44813668218663,266.3289199284136,60.26173759720177,0.07071067811865477,0.7853981633974483,True,11.0,0.4481366821866306,1.4481366821866306,3.5518633178133694,8.55186331781337
shift_high,B_low_sideband_Kst_signal,"[[0.1, 8.2], [11.2, 12.7], [14.7, 19.0]]",4.7889989478095005,5,12.7,9.679849258573249,257.95809830743065,66.28364018373168,0.07071067811865477,-0.7853981633974483,True,10.0,0.32015074142675104,0.32015074142675104,5.320150741426751,10.320150741426751
shift_high,B_low_sideband_Kst_signal,"[[0.1, 8.2], [11.2, 12.7], [14.7, 19.0]]",4.7889989478095005,6,13.46,10.259115828377634,252.97631196422935,54.55093873110536,0.07071067811865477,-2.356194490192345,True,10.0,0.25911582837763447,0.25911582837763447,4.7408841716223655,9.740884171622366
shift_high,B_low_sideband_Kst_signal,"[[0.1, 8.2], [11.2, 12.7], [14.7, 19.0]]",4.7889989478095005,7,14.26,10.868870112382249,252.43845013932696,52.9305574970781,0.07071067811865477,2.356194490192345,True,11.0,0.13112988761775135,0.8688701123822486,4.131129887617751,9.131129887617751
shift_high,B_low_sideband_Kst_signal,"[[0.1, 8.2], [11.2, 12.7], [14.7, 19.0]]",4.7889989478095005,8,11.280000000000001,8.597535404465061,234.32323751815966,47.183644353630825,0.07071067811865477,2.356194490192345,True,9.0,0.40246459553493885,1.4024645955349389,6.402464595534939,11.402464595534939
shift_high,B_low_sideband_Kst_signal,"[[0.1, 8.2], [11.2, 12.7], [14.7, 19.0]]",4.7889989478095005,9,29.22,22.271275223268535,228.81365500428456,115.99385195780224,0.07071067811865477,2.356194490192345,True,22.0,0.27127522326853537,12.271275223268535,7.271275223268535,2.2712752232685354
shift_high,B_low_sideband_Kst_signal,"[[0.1, 8.2], [11.2, 12.7], [14.7, 19.0]]",4.7889989478095005,10,27.3,20.807864941657456,223.83863826696006,59.282217855818544,0.07071067811865477,0.7853981633974483,True,21.0,0.19213505834254363,10.807864941657456,5.807864941657456,0.8078649416574564
shift_high,B_low_sideband_Kst_signal,"[[0.1, 8.2], [11.2, 12.7], [14.7, 19.0]]",4.7889989478095005,11,20.259999999999998,15.442027242416852,217.94650001682976,30.3662479265181,0.07071067811865477,0.7853981633974483,True,15.0,0.4420272424168523,5.442027242416852,0.4420272424168523,4.557972757583148
shift_high,B_low_sideband_Kst_signal,"[[0.1, 8.2], [11.2, 12.7], [14.7, 19.0]]",4.7889989478095005,12,9.96,7.591440835857447,216.5569673066616,42.19423642774336,0.07071067811865477,-0.7853981633974483,True,8.0,0.4085591641425532,2.408559164142553,7.408559164142553,12.408559164142552
shift_high,B_low_sideband_Kst_signal,"[[0.1, 8.2], [11.2, 12.7], [14.7, 19.0]]",4.7889989478095005,13,26.06,19.862745801450306,213.89869024802374,43.51649502238524,0.07071067811865477,-2.356194490192345,True,20.0,0.13725419854969445,9.862745801450306,4.8627458014503055,0.13725419854969445
shift_high,B_low_sideband_Kst_signal,"[[0.1, 8.2], [11.2, 12.7], [14.7, 19.0]]",4.7889989478095005,14,6.18,4.710351843935644,211.99010282953896,21.562727126872232,0.07071067811865477,-2.356194490192345,True,5.0,0.2896481560643558,5.289648156064356,10.289648156064356,15.289648156064356
shift_high,B_low_sideband_Kst_signal,"[[0.1, 8.2], [11.2, 12.7], [14.7, 19.0]]",4.7889989478095005,15,24.86,18.948114375443385,203.15261515232578,46.23946258489741,0.07071067811865477,0.7853981633974483,True,19.0,0.05188562455661483,8.948114375443385,3.948114375443385,1.0518856245566148
shift_high,B_low_sideband_Kst_signal,"[[0.1, 8.2], [11.2, 12.7], [14.7, 19.0]]",4.7889989478095005,16,30.580000000000002,23.307857506076378,184.69055937295843,28.547376873093526,0.07071067811865477,-0.7853981633974483,True,23.0,0.3078575060763775,13.307857506076378,8.307857506076378,3.3078575060763775
shift_high,B_low_sideband_Kst_signal,"[[0.1, 8.2], [11.2, 12.7], [14.7, 19.0]]",4.7889989478095005,17,21.439999999999998,16.34141481132366,175.70976716125915,29.79902230110747,0.07071067811865477,-2.356194490192345,True,16.0,0.34141481132365925,6.341414811323659,1.3414148113236593,3.6585851886763407
shift_high,B_low_sideband_Kst_signal,"[[0.1, 8.2], [11.2, 12.7], [14.7, 19.0]]",4.7889989478095005,18,23.68,18.048726806536582,154.24312575657223,19.82606878479328,0.07071067811865477,-2.356194490192345,True,18.0,0.04872680653658179,8.048726806536582,3.048726806536582,1.9512731934634182
shift_high,B_low_sideband_Kst_signal,"[[0.1, 8.2], [11.2, 12.7], [14.7, 19.0]]",4.7889989478095005,19,32.019999999999996,24.405415217284677,142.87363147485758,17.350582129240138,0.07071067811865477,2.356194490192345,True,24.0,0.405415217284677,14.405415217284677,9.405415217284677,4.405415217284677
shift_high,B_low_sideband_Kst_signal,"[[0.1, 8.2], [11.2, 12.7], [14.7, 19.0]]",4.7889989478095005,20,22.56,17.19507080893012,141.17950492642194,24.005630932001623,0.07071067811865477,0.7853981633974483,True,17.0,0.19507080893011874,7.195070808930119,2.1950708089301187,2.8049291910698813
shift_high,B_low_sideband_Kst_signal,"[[0.1, 8.2], [11.2, 12.7], [14.7, 19.0]]",4.7889989478095005,21,8.7,6.631077838550179,138.80453648182402,10.266425394598627,0.07071067811865477,2.356194490192345,True,7.0,0.36892216144982104,3.368922161449821,8.36892216144982,13.36892216144982
shift_high,B_low_sideband_Kst_signal,"[[0.1, 8.2], [11.2, 12.7], [14.7, 19.0]]",4.7889989478095005,22,32.78,24.98468178708907,126.89520833290271,19.841642593009965,0.07071067811865477,0.7853981633974483,True,25.0,0.015318212910930384,14.98468178708907,9.98468178708907,4.98468178708907
shift_high,signal_B_signal_Kst,"[[0.1, 8.2], [11.2, 12.7], [14.7, 19.0]]",4.7889989478095005,1,17.1,13.03349782059863,154.78120840361794,136.99841213258264,0.07071067811865477,2.356194490192345,True,13.0,0.0334978205986296,3.0334978205986296,1.9665021794013704,6.96650217940137
shift_high,signal_B_signal_Kst,"[[0.1, 8.2], [11.2, 12.7], [14.7, 19.0]]",4.7889989478095005,2,15.84,12.073134823291362,144.97365352945167,34.01114894919397,0.07071067811865477,-0.7853981633974483,True,12.0,0.07313482329136178,2.073134823291362,2.926865176708638,7.926865176708638
shift_high,signal_B_signal_Kst,"[[0.1, 8.2], [11.2, 12.7], [14.7, 19.0]]",4.7889989478095005,3,18.32,13.963373103705665,140.46496811532916,32.84216498166688,0.07071067811865477,-0.7853981633974483,True,14.0,0.0366268962943348,3.963373103705665,1.0366268962943348,6.036626896294335
shift_high,signal_B_signal_Kst,"[[0.1, 8.2], [11.2, 12.7], [14.7, 19.0]]",4.7889989478095005,4,19.52,14.878004529712586,123.46205028249847,23.817552596948644,0.07071067811865477,2.356194490192345,True,15.0,0.12199547028741442,4.878004529712586,0.12199547028741442,5.121995470287414
shift_high,signal_B_signal_Kst,"[[0.1, 8.2], [11.2, 12.7], [14.7, 19.0]]",4.7889989478095005,5,14.56,11.097527968883977,120.35507549255817,23.857635166240016,0.07071067811865477,2.356194490192345,True,11.0,0.09752796888397697,1.097527968883977,3.902472031116023,8.902472031116023
shift_high,signal_B_signal_Kst,"[[0.1, 8.2], [11.2, 12.7], [14.7, 19.0]]",4.7889989478095005,6,20.72,15.792635955719506,118.87095604743718,26.386913195462284,0.07071067811865477,-0.7853981633974483,True,16.0,0.20736404428049404,5.792635955719506,0.792635955719506,4.207364044280494
shift_high,signal_B_signal_Kst,"[[0.1, 8.2], [11.2, 12.7], [14.7, 19.0]]",4.7889989478095005,7,23.04,17.560923379332888,105.90027057643215,40.201218151765715,0.07071067811865477,-0.7853981633974483,True,18.0,0.4390766206671124,7.560923379332888,2.5609233793328876,2.4390766206671124
shift_high,signal_B_signal_Kst,"[[0.1, 8.2], [11.2, 12.7], [14.7, 19.0]]",4.7889989478095005,8,24.86,18.948114375443385,100.57047263352138,24.13671693292781,0.07071067811865477,0.7853981633974483,True,19.0,0.05188562455661483,8.948114375443385,3.948114375443385,1.0518856245566148
shift_high,signal_B_signal_Kst,"[[0.1, 8.2], [11.2, 12.7], [14.7, 19.0]]",4.7889989478095005,9,9.16,6.981686551852833,83.1414186915249,53.88694982624452,0.07071067811865477,0.7853981633974483,True,7.0,0.0183134481471674,3.0183134481471674,8.018313448147168,13.018313448147168
shift_high,signal_B_signal_Kst,"[[0.1, 8.2], [11.2, 12.7], [14.7, 19.0]]",4.7889989478095005,10,13.14,10.01521411477579,78.7452087905283,5.435668794069215,0.07071067811865477,-0.7853981633974483,True,10.0,0.015214114775789156,0.015214114775789156,4.984785885224211,9.98478588522421
shift_high,signal_B_signal_Kst,"[[0.1, 8.2], [11.2, 12.7], [14.7, 19.0]]",4.7889989478095005,11,21.880000000000003,16.6767796675262,78.15518167763003,10.262940779135079,0.07071067811865477,2.356194490192345,True,17.0,0.3232203324737988,6.676779667526201,1.6767796675262012,3.3232203324737988
shift_high,signal_B_signal_Kst,"[[0.1, 8.2], [11.2, 12.7], [14.7, 19.0]]",4.7889989478095005,12,26.12,19.908477372750657,77.78889526735747,11.07886056492066,0.07071067811865477,-2.356194490192345,True,20.0,0.09152262724934346,9.908477372750657,4.9084773727506565,0.09152262724934346
shift_high,signal_B_signal_Kst,"[[0.1, 8.2], [11.2, 12.7], [14.7, 19.0]]",4.7889989478095005,13,27.38,20.868840370057917,67.07474784128613,8.222793053815167,0.07071067811865477,0.7853981633974483,True,21.0,0.13115962994208274,10.868840370057917,5.868840370057917,0.8688403700579173
shift_high,signal_B_signal_Kst,"[[0.1, 8.2], [11.2, 12.7], [14.7, 19.0]]",4.7889989478095005,14,6.44,4.908521986237145,54.79343896213231,5.598786152147795,0.07071067811865477,2.356194490192345,True,5.0,0.09147801376285525,5.091478013762855,10.091478013762856,15.091478013762856
shift_high,signal_B_signal_Kst,"[[0.1, 8.2], [11.2, 12.7], [14.7, 19.0]]",4.7889989478095005,15,30.76,23.445052219977416,53.52999188051467,17.235411098266468,0.07071067811865477,-0.7853981633974483,True,23.0,0.4450522199774163,13.445052219977416,8.445052219977416,3.4450522199774163
shift_high,signal_B_signal_Kst,"[[0.1, 8.2], [11.2, 12.7], [14.7, 19.0]]",4.7889989478095005,16,28.66,21.844447224465302,43.46908474648535,1.0810869470271882,0.06734013472869839,-2.3047988834508115,True,22.0,0.15555277553469793,11.844447224465302,6.844447224465302,1.844447224465302
shift_high,signal_B_signal_Kst,"[[0.1, 8.2], [11.2, 12.7], [14.7, 19.0]]",4.7889989478095005,17,32.84,25.030413358389414,39.62752690663228,9.473851325321675,0.06438507400810808,0.681581194685914,True,25.0,0.030413358389413503,15.030413358389414,10.030413358389414,5.0304133583894135
shift_high,signal_B_signal_Kst,"[[0.1, 8.2], [11.2, 12.7], [14.7, 19.0]]",4.7889989478095005,18,35.68,27.195041066605793,20.850394001297673,1.3483220039579464,0.05003216149848461,-0.035857645530854,True,27.0,0.19504106660579268,17.195041066605793,12.195041066605793,7.195041066605793
shift_high,B_high_sideband_Kst_signal,"[[0.1, 8.2], [11.2, 12.7], [14.7, 19.0]]",4.7889989478095005,1,16.96,12.926790820897821,240.53936370588326,235.93117152757532,0.07071067811865477,2.356194490192345,True,13.0,0.07320917910217872,2.9267908208978213,2.0732091791021787,7.073209179102179
shift_high,B_high_sideband_Kst_signal,"[[0.1, 8.2], [11.2, 12.7], [14.7, 19.0]]",4.7889989478095005,2,15.700000000000001,11.966427823590555,225.6689886601498,47.88168535906743,0.07071067811865477,-0.7853981633974483,True,12.0,0.033572176409444765,1.9664278235905552,3.0335721764094448,8.033572176409445
shift_high,B_high_sideband_Kst_signal,"[[0.1, 8.2], [11.2, 12.7], [14.7, 19.0]]",4.7889989478095005,3,18.200000000000003,13.871909961104974,203.8789874893132,41.333651181447294,0.07071067811865477,-0.7853981633974483,True,14.0,0.12809003889502613,3.871909961104974,1.1280900388950261,6.128090038895026
shift_high,B_high_sideband_Kst_signal,"[[0.1, 8.2], [11.2, 12.7], [14.7, 19.0]]",4.7889989478095005,4,14.46,11.021308683383403,198.1672213821107,39.99352521050014,0.07071067811865477,2.356194490192345,True,11.0,0.021308683383402638,1.0213086833834026,3.9786913166165974,8.978691316616597
shift_high,B_high_sideband_Kst_signal,"[[0.1, 8.2], [11.2, 12.7], [14.7, 19.0]]",4.7889989478095005,5,13.18,10.045701828976018,155.0769905376619,24.2326211890595,0.07071067811865477,-0.7853981633974483,True,10.0,0.04570182897601782,0.04570182897601782,4.954298171023982,9.954298171023982
shift_high,B_high_sideband_Kst_signal,"[[0.1, 8.2], [11.2, 12.7], [14.7, 19.0]]",4.7889989478095005,6,28.14,21.448106939862303,150.47666797510055,88.07768664405421,0.07071067811865477,-0.7853981633974483,True,21.0,0.44810693986230277,11.448106939862303,6.448106939862303,1.4481069398623028
shift_high,B_high_sideband_Kst_signal,"[[0.1, 8.2], [11.2, 12.7], [14.7, 19.0]]",4.7889989478095005,7,19.439999999999998,14.817029101312125,135.66921392226686,16.165577959023267,0.07071067811865477,2.356194490192345,True,15.0,0.1829708986878753,4.817029101312125,0.1829708986878753,5.182970898687875
shift_high,B_high_sideband_Kst_signal,"[[0.1, 8.2], [11.2, 12.7], [14.7, 19.0]]",4.7889989478095005,8,30.060000000000002,22.91151722147338,131.92407271090724,30.312710150692965,0.07071067811865477,0.7853981633974483,True,23.0,0.08848277852661823,12.911517221473382,7.911517221473382,2.9115172214733818
shift_high,B_high_sideband_Kst_signal,"[[0.1, 8.2], [11.2, 12.7], [14.7, 19.0]]",4.7889989478095005,9,20.66,15.74690438441916,115.51917092970962,17.62937200646138,0.07071067811865477,-0.7853981633974483,True,16.0,0.2530956155808397,5.74690438441916,0.7469043844191603,4.25309561558084
shift_high,B_high_sideband_Kst_signal,"[[0.1, 8.2], [11.2, 12.7], [14.7, 19.0]]",4.7889989478095005,10,31.36,23.902367932980876,109.70056193834944,12.894590417889958,0.07071067811865477,-2.356194490192345,True,24.0,0.09763206701912353,13.902367932980876,8.902367932980876,3.9023679329808765
shift_high,B_high_sideband_Kst_signal,"[[0.1, 8.2], [11.2, 12.7], [14.7, 19.0]]",4.7889989478095005,11,26.84,20.457256228354805,107.02558986874828,8.262782456149125,0.07071067811865477,2.356194490192345,True,20.0,0.4572562283548045,10.457256228354805,5.4572562283548045,0.4572562283548045
shift_high,B_high_sideband_Kst_signal,"[[0.1, 8.2], [11.2, 12.7], [14.7, 19.0]]",4.7889989478095005,12,25.6,19.512137088147654,101.99103331419292,21.17801874813449,0.07071067811865477,-0.7853981633974483,True,20.0,0.4878629118523463,9.512137088147654,4.512137088147654,0.4878629118523463
shift_high,B_high_sideband_Kst_signal,"[[0.1, 8.2], [11.2, 12.7], [14.7, 19.0]]",4.7889989478095005,13,24.34,18.551774090840386,88.78751459987916,14.73483886269787,0.07071067811865477,2.356194490192345,True,19.0,0.44822590915961413,8.551774090840386,3.551774090840386,1.4482259091596141
shift_high,B_high_sideband_Kst_signal,"[[0.1, 8.2], [11.2, 12.7], [14.7, 19.0]]",4.7889989478095005,14,23.080000000000002,17.59141109353312,77.69354583458517,8.357757597072123,0.07071067811865477,-0.7853981633974483,True,18.0,0.4085889064668784,7.591411093533122,2.5914110935331216,2.4085889064668784
shift_high,B_high_sideband_Kst_signal,"[[0.1, 8.2], [11.2, 12.7], [14.7, 19.0]]",4.7889989478095005,15,21.880000000000003,16.6767796675262,76.92093098577561,2.2682194619542315,0.07071067811865477,2.356194490192345,True,17.0,0.3232203324737988,6.676779667526201,1.6767796675262012,3.3232203324737988
shift_high,B_high_sideband_Kst_signal,"[[0.1, 8.2], [11.2, 12.7], [14.7, 19.0]]",4.7889989478095005,16,6.38,4.862790414936798,65.33513267743183,2.143624675241881,0.07071067811865477,2.356194490192345,True,5.0,0.1372095850632018,5.137209585063202,10.137209585063202,15.137209585063202
shift_high,B_high_sideband_Kst_signal,"[[0.1, 8.2], [11.2, 12.7], [14.7, 19.0]]",4.7889989478095005,17,8.26,6.2957129823476405,45.49202400088234,36.49585325407634,0.07071067811865477,2.356194490192345,True,6.0,0.29571298234764054,3.7042870176523595,8.704287017652359,13.704287017652359
shift_high,B_high_sideband_Kst_signal,"[[0.1, 8.2], [11.2, 12.7], [14.7, 19.0]]",4.7889989478095005,18,35.3,26.905407781703598,10.582901251575095,4.613438635008606,0.028671261616616234,0.7120258594745018,True,27.0,0.09459221829640185,16.905407781703598,11.905407781703598,6.905407781703598
